{
    "Ar36": {
        "error": 0.0025073430924502601, 
        "fit": "parabolic", 
        "value": 0.03053107349013303
    }, 
    "Ar37": {
        "error": 0.16660241346797791, 
        "fit": "linear", 
        "value": -0.051340788021222356
    }, 
    "Ar38": {
        "error": 0.17537294407591814, 
        "fit": "linear", 
        "value": 1.1510770729803879
    }, 
    "Ar39": {
        "error": 0.13890385010528089, 
        "fit": "parabolic", 
        "value": 97.356922533522393
    }, 
    "Ar40": {
        "error": 0.68312076048224224, 
        "fit": "parabolic", 
        "value": 1349.8661780519728
    }, 
    "Ar41": {
        "error": 0.13022320397728826, 
        "fit": "average_SEM", 
        "value": -0.19987345057436162
    }
}