{
    "Ar36": {
        "error": 0.0023023035440567102, 
        "fit": "parabolic", 
        "value": 0.029027827369270162
    }, 
    "Ar37": {
        "error": 0.13882063379163317, 
        "fit": "linear", 
        "value": -0.035051632719225803
    }, 
    "Ar38": {
        "error": 0.1554134563671859, 
        "fit": "linear", 
        "value": 1.1400757281658707
    }, 
    "Ar39": {
        "error": 0.1077119260943338, 
        "fit": "parabolic", 
        "value": 97.318605619559349
    }, 
    "Ar40": {
        "error": 0.4710018714025902, 
        "fit": "parabolic", 
        "value": 1348.7635105125614
    }, 
    "Ar41": {
        "error": 0.12315569617719924, 
        "fit": "average_SEM", 
        "value": 0.067244484746130179
    }
}