{
    "Ar36": {
        "error": 0.0023689961723441723, 
        "fit": "parabolic", 
        "value": 0.028474239096144379
    }, 
    "Ar37": {
        "error": 0.13518554813193048, 
        "fit": "linear", 
        "value": -0.053481604390041411
    }, 
    "Ar38": {
        "error": 0.22463972410554575, 
        "fit": "linear", 
        "value": 1.136910903602107
    }, 
    "Ar39": {
        "error": 0.11066898558129849, 
        "fit": "parabolic", 
        "value": 98.11084965080309
    }, 
    "Ar40": {
        "error": 0.50256615844438501, 
        "fit": "parabolic", 
        "value": 1357.3385632298794
    }, 
    "Ar41": {
        "error": 0.11339293421477496, 
        "fit": "average_SEM", 
        "value": -0.20542593715945259
    }
}