{
    "Ar36": {
        "error": 0.0022525408778910619, 
        "fit": "parabolic", 
        "value": 0.028235894485935435
    }, 
    "Ar37": {
        "error": 0.13467884577909839, 
        "fit": "linear", 
        "value": 0.030636842561219027
    }, 
    "Ar38": {
        "error": 0.14431734414192071, 
        "fit": "linear", 
        "value": 1.0594220588835683
    }, 
    "Ar39": {
        "error": 0.10794729923919126, 
        "fit": "parabolic", 
        "value": 97.637686648731474
    }, 
    "Ar40": {
        "error": 0.43554658310866717, 
        "fit": "parabolic", 
        "value": 1348.6885027864146
    }, 
    "Ar41": {
        "error": 0.11932566527816538, 
        "fit": "average_SEM", 
        "value": 0.27143144997593482
    }
}