{
    "Ar36": {
        "error": 0.0023220963293765634, 
        "fit": "parabolic", 
        "value": 0.02739107430022128
    }, 
    "Ar37": {
        "error": 0.14219302787222279, 
        "fit": "linear", 
        "value": 0.018175880796009701
    }, 
    "Ar38": {
        "error": 0.13750116874578619, 
        "fit": "linear", 
        "value": 1.1034858582701947
    }, 
    "Ar39": {
        "error": 0.1089936980530994, 
        "fit": "parabolic", 
        "value": 97.57881520304521
    }, 
    "Ar40": {
        "error": 0.44939667022347668, 
        "fit": "parabolic", 
        "value": 1347.9484412905535
    }, 
    "Ar41": {
        "error": 0.11693859779621379, 
        "fit": "average_SEM", 
        "value": 0.27619408107595517
    }
}