{
    "Ar36": {
        "error": 0.003049188411609176, 
        "fit": "parabolic", 
        "value": 0.029661728307532158
    }, 
    "Ar37": {
        "error": 0.16704607256427162, 
        "fit": "linear", 
        "value": -0.060887356061336537
    }, 
    "Ar38": {
        "error": 0.17095710168521613, 
        "fit": "linear", 
        "value": 1.0920084029958239
    }, 
    "Ar39": {
        "error": 0.11785125409834149, 
        "fit": "parabolic", 
        "value": 97.38801697925561
    }, 
    "Ar40": {
        "error": 0.64350950981222965, 
        "fit": "parabolic", 
        "value": 1349.0277571361944
    }, 
    "Ar41": {
        "error": 0.14700430474659643, 
        "fit": "average_SEM", 
        "value": 0.06068192776378796
    }
}