{
    "Ar36": {
        "error": 0.0022425045730606096, 
        "fit": "parabolic", 
        "value": 0.02833968227747128
    }, 
    "Ar37": {
        "error": 0.12248427406485832, 
        "fit": "linear", 
        "value": 0.01219097476025457
    }, 
    "Ar38": {
        "error": 0.184957326443838, 
        "fit": "linear", 
        "value": 1.1172034789236456
    }, 
    "Ar39": {
        "error": 0.11083777464779723, 
        "fit": "parabolic", 
        "value": 97.729820504809936
    }, 
    "Ar40": {
        "error": 0.46045079413187445, 
        "fit": "parabolic", 
        "value": 1350.4050389521694
    }, 
    "Ar41": {
        "error": 0.11134926942287056, 
        "fit": "average_SEM", 
        "value": 0.0017929005906626118
    }
}