{
    "Ar36": {
        "error": 0.0021724304500405321, 
        "fit": "parabolic", 
        "value": 0.028584483256401325
    }, 
    "Ar37": {
        "error": 0.13926396976362257, 
        "fit": "linear", 
        "value": 4.3287514953723686e-05
    }, 
    "Ar38": {
        "error": 0.14533357637338631, 
        "fit": "linear", 
        "value": 1.0618776043208897
    }, 
    "Ar39": {
        "error": 0.10436943164751046, 
        "fit": "parabolic", 
        "value": 97.581666459064849
    }, 
    "Ar40": {
        "error": 0.44325380923510027, 
        "fit": "parabolic", 
        "value": 1348.3951690216663
    }, 
    "Ar41": {
        "error": 0.1278838344483634, 
        "fit": "average_SEM", 
        "value": 0.27259900393430142
    }
}