{
    "Ar36": {
        "error": 0.0023411933429159965, 
        "fit": "parabolic", 
        "value": 0.028446987025248151
    }, 
    "Ar37": {
        "error": 0.14024531296936948, 
        "fit": "linear", 
        "value": 0.013435614645577019
    }, 
    "Ar38": {
        "error": 0.13990547659249183, 
        "fit": "linear", 
        "value": 1.0962441960953992
    }, 
    "Ar39": {
        "error": 0.10580883023180825, 
        "fit": "parabolic", 
        "value": 97.559348869218383
    }, 
    "Ar40": {
        "error": 0.45510859840798862, 
        "fit": "parabolic", 
        "value": 1347.6272028347914
    }, 
    "Ar41": {
        "error": 0.129619904464854, 
        "fit": "average_SEM", 
        "value": 0.00019487916802972904
    }
}