{
    "Ar36": {
        "error": 0.0023312522943384627, 
        "fit": "parabolic", 
        "value": 0.027440581121976497
    }, 
    "Ar37": {
        "error": 0.13294881199183084, 
        "fit": "linear", 
        "value": 0.01634640114118846
    }, 
    "Ar38": {
        "error": 0.1417053632242242, 
        "fit": "linear", 
        "value": 1.089565116098838
    }, 
    "Ar39": {
        "error": 0.10631112039227401, 
        "fit": "parabolic", 
        "value": 97.544975117191839
    }, 
    "Ar40": {
        "error": 0.44091395830633662, 
        "fit": "parabolic", 
        "value": 1347.8136120309475
    }, 
    "Ar41": {
        "error": 0.1201571418727751, 
        "fit": "average_SEM", 
        "value": -0.25547988904826341
    }
}