{
    "Ar36": {
        "error": 0.0022161649892507396, 
        "fit": "parabolic", 
        "value": 0.029130463924949605
    }, 
    "Ar37": {
        "error": 0.14007816151987595, 
        "fit": "linear", 
        "value": 0.047162089808298863
    }, 
    "Ar38": {
        "error": 0.22513619729485992, 
        "fit": "linear", 
        "value": 1.166195146228211
    }, 
    "Ar39": {
        "error": 0.10378748672969819, 
        "fit": "parabolic", 
        "value": 98.026833538934852
    }, 
    "Ar40": {
        "error": 0.51620436281199977, 
        "fit": "parabolic", 
        "value": 1356.4398930982202
    }, 
    "Ar41": {
        "error": 0.11949969350423124, 
        "fit": "average_SEM", 
        "value": -0.20319625155813992
    }
}