{
    "Ar36": {
        "error": 0.0024307739605425676, 
        "fit": "parabolic", 
        "value": 0.028588454640896196
    }, 
    "Ar37": {
        "error": 0.13125760917097976, 
        "fit": "linear", 
        "value": -0.004864504189749902
    }, 
    "Ar38": {
        "error": 0.15261921598871406, 
        "fit": "linear", 
        "value": 1.0718604480434053
    }, 
    "Ar39": {
        "error": 0.11102339321996442, 
        "fit": "parabolic", 
        "value": 97.575505931815584
    }, 
    "Ar40": {
        "error": 0.45156882735075538, 
        "fit": "parabolic", 
        "value": 1348.1493492418494
    }, 
    "Ar41": {
        "error": 0.12307469041506616, 
        "fit": "average_SEM", 
        "value": -0.26343043188005688
    }
}