{
    "Ar36": {
        "error": 0.0022263503599377244, 
        "fit": "parabolic", 
        "value": 0.028558100837364139
    }, 
    "Ar37": {
        "error": 0.13419628455208407, 
        "fit": "linear", 
        "value": -0.018879548799530112
    }, 
    "Ar38": {
        "error": 0.15668135954485685, 
        "fit": "linear", 
        "value": 1.1011516251890616
    }, 
    "Ar39": {
        "error": 0.099780796820239617, 
        "fit": "parabolic", 
        "value": 97.544326617536029
    }, 
    "Ar40": {
        "error": 0.45721448983185881, 
        "fit": "parabolic", 
        "value": 1347.840491998079
    }, 
    "Ar41": {
        "error": 0.12738205757773846, 
        "fit": "average_SEM", 
        "value": -0.0094423810832813607
    }
}