{
    "Ar36": {
        "error": 0.0021143853614877988, 
        "fit": "parabolic", 
        "value": 0.027641867530491311
    }, 
    "Ar37": {
        "error": 0.13300778712801292, 
        "fit": "linear", 
        "value": -0.012933672408271757
    }, 
    "Ar38": {
        "error": 0.14176324164594714, 
        "fit": "linear", 
        "value": 1.0872620865286182
    }, 
    "Ar39": {
        "error": 0.096165947954432451, 
        "fit": "parabolic", 
        "value": 97.568427994904368
    }, 
    "Ar40": {
        "error": 0.49467930278053013, 
        "fit": "parabolic", 
        "value": 1348.2935565714947
    }, 
    "Ar41": {
        "error": 0.12067957719747723, 
        "fit": "average_SEM", 
        "value": -0.25531575102731585
    }
}