{
    "Ar36": {
        "error": 0.0021368040866428968, 
        "fit": "parabolic", 
        "value": 0.027809954292353334
    }, 
    "Ar37": {
        "error": 0.12766132854960632, 
        "fit": "linear", 
        "value": 0.052474662836060865
    }, 
    "Ar38": {
        "error": 0.19340704605220704, 
        "fit": "linear", 
        "value": 1.1333795142449936
    }, 
    "Ar39": {
        "error": 0.10653546199465783, 
        "fit": "parabolic", 
        "value": 97.621850445328732
    }, 
    "Ar40": {
        "error": 0.44521559930557375, 
        "fit": "parabolic", 
        "value": 1348.9857544498855
    }, 
    "Ar41": {
        "error": 0.12235287130204442, 
        "fit": "average_SEM", 
        "value": 0.027024587420019088
    }
}