{
    "Ar36": {
        "error": 0.002281106839624983, 
        "fit": "parabolic", 
        "value": 0.028434969326731806
    }, 
    "Ar37": {
        "error": 0.13338725842523411, 
        "fit": "linear", 
        "value": -0.0034507496032750431
    }, 
    "Ar38": {
        "error": 0.19141643918833987, 
        "fit": "linear", 
        "value": 1.1868712414142331
    }, 
    "Ar39": {
        "error": 0.10968119689136398, 
        "fit": "parabolic", 
        "value": 97.879914202596211
    }, 
    "Ar40": {
        "error": 0.44278192468532673, 
        "fit": "parabolic", 
        "value": 1355.114508953427
    }, 
    "Ar41": {
        "error": 0.11070262196384439, 
        "fit": "average_SEM", 
        "value": -0.18721376077819149
    }
}