{
    "Ar36": {
        "error": 0.0022724126751112804, 
        "fit": "parabolic", 
        "value": 0.02825723440910629
    }, 
    "Ar37": {
        "error": 0.13683463081944719, 
        "fit": "linear", 
        "value": 0.013334943168818994
    }, 
    "Ar38": {
        "error": 0.13784308006678309, 
        "fit": "linear", 
        "value": 1.0862044471947025
    }, 
    "Ar39": {
        "error": 0.095755219583671988, 
        "fit": "parabolic", 
        "value": 97.461017170809185
    }, 
    "Ar40": {
        "error": 0.49601798626618787, 
        "fit": "parabolic", 
        "value": 1347.0950690912903
    }, 
    "Ar41": {
        "error": 0.12089770375065027, 
        "fit": "average_SEM", 
        "value": -0.2445419584105257
    }
}