{
    "Ar36": {
        "error": 0.0021845389032408122, 
        "fit": "parabolic", 
        "value": 0.028509594490021217
    }, 
    "Ar37": {
        "error": 0.13960276823897055, 
        "fit": "linear", 
        "value": -0.030322300589000879
    }, 
    "Ar38": {
        "error": 0.19211000828698063, 
        "fit": "linear", 
        "value": 1.139137969460791
    }, 
    "Ar39": {
        "error": 0.10546245225453553, 
        "fit": "parabolic", 
        "value": 98.025425210488009
    }, 
    "Ar40": {
        "error": 0.46579544507775855, 
        "fit": "parabolic", 
        "value": 1356.7837170986054
    }, 
    "Ar41": {
        "error": 0.12514833947806647, 
        "fit": "average_SEM", 
        "value": -0.20905738529376686
    }
}