{
    "Ar36": {
        "error": 0.0022817535098078484, 
        "fit": "parabolic", 
        "value": 0.028945528125173578
    }, 
    "Ar37": {
        "error": 0.14377892870278516, 
        "fit": "linear", 
        "value": -0.077608469435249849
    }, 
    "Ar38": {
        "error": 0.18684103388185061, 
        "fit": "linear", 
        "value": 1.1085176116075113
    }, 
    "Ar39": {
        "error": 0.10633602620103666, 
        "fit": "parabolic", 
        "value": 97.879043943833892
    }, 
    "Ar40": {
        "error": 0.45921250926817619, 
        "fit": "parabolic", 
        "value": 1355.553319282496
    }, 
    "Ar41": {
        "error": 0.1253984250140078, 
        "fit": "average_SEM", 
        "value": -0.23016906157694758
    }
}