{
    "Ar36": {
        "error": 0.0026649576883978161, 
        "fit": "parabolic", 
        "value": 0.030971414508225326
    }, 
    "Ar37": {
        "error": 0.24735543970655771, 
        "fit": "linear", 
        "value": 0.42479927160170322
    }, 
    "Ar38": {
        "error": 0.11405754655770731, 
        "fit": "linear", 
        "value": 1.3011502124479066
    }, 
    "Ar39": {
        "error": 0.10515284603483167, 
        "fit": "parabolic", 
        "value": 104.93143875148468
    }, 
    "Ar40": {
        "error": 0.42170305718035833, 
        "fit": "parabolic", 
        "value": 1451.0230791621252
    }, 
    "Ar41": {
        "error": 0.092363114787808731, 
        "fit": "average_SEM", 
        "value": 0.29240158200147559
    }
}