{
    "Ar36": {
        "error": 0.0017291609847898846, 
        "fit": "parabolic", 
        "value": 0.011693472365563493
    }, 
    "Ar37": {
        "error": 0.14230270130606568, 
        "fit": "linear", 
        "value": 0.94971918460474014
    }, 
    "Ar38": {
        "error": 0.15503859287298422, 
        "fit": "linear", 
        "value": 6.0537691974476111
    }, 
    "Ar39": {
        "error": 0.18681197355591711, 
        "fit": "parabolic", 
        "value": 496.96625609719354
    }, 
    "Ar40": {
        "error": 0.58860722970749757, 
        "fit": "parabolic", 
        "value": 2037.3122361775886
    }, 
    "Ar41": {
        "error": 0.12677521095414301, 
        "fit": "average_SEM", 
        "value": 0.071531567826052203
    }
}