{
    "Ar36": {
        "error": 0.0017644066952290113, 
        "fit": "parabolic", 
        "value": 0.014048242545963416
    }, 
    "Ar37": {
        "error": 0.13989996305597155, 
        "fit": "linear", 
        "value": 0.77626442843019283
    }, 
    "Ar38": {
        "error": 0.16613188346792598, 
        "fit": "linear", 
        "value": 5.6169371264401704
    }, 
    "Ar39": {
        "error": 0.18229847156919349, 
        "fit": "parabolic", 
        "value": 463.10061144098086
    }, 
    "Ar40": {
        "error": 0.53494011867129432, 
        "fit": "parabolic", 
        "value": 1899.6028699626324
    }, 
    "Ar41": {
        "error": 0.12565442245216155, 
        "fit": "average_SEM", 
        "value": 0.070016205532476311
    }
}