{
    "Ar36": {
        "error": 0.0016334683491297046, 
        "fit": "parabolic", 
        "value": 0.011254515958785384
    }, 
    "Ar37": {
        "error": 0.1376978199677934, 
        "fit": "linear", 
        "value": 0.87099138367386408
    }, 
    "Ar38": {
        "error": 0.15252831748148898, 
        "fit": "linear", 
        "value": 5.8905465770493102
    }, 
    "Ar39": {
        "error": 0.21736027344677109, 
        "fit": "parabolic", 
        "value": 489.30929303562596
    }, 
    "Ar40": {
        "error": 0.5811781087931307, 
        "fit": "parabolic", 
        "value": 2008.2067251280005
    }, 
    "Ar41": {
        "error": 0.11840549405401019, 
        "fit": "average_SEM", 
        "value": 0.068519599060295144
    }
}