{
    "Ar36": {
        "error": 0.0022244024825959865, 
        "fit": "parabolic", 
        "value": 0.017497761579125078
    }, 
    "Ar37": {
        "error": 0.13573849626433879, 
        "fit": "linear", 
        "value": 1.1698864415553913
    }, 
    "Ar38": {
        "error": 0.14810234283208384, 
        "fit": "linear", 
        "value": 7.5932694560211207
    }, 
    "Ar39": {
        "error": 0.24022772766630407, 
        "fit": "parabolic", 
        "value": 627.26897589229702
    }, 
    "Ar40": {
        "error": 0.71458984339912879, 
        "fit": "parabolic", 
        "value": 2571.3568806170183
    }, 
    "Ar41": {
        "error": 0.12586759247463727, 
        "fit": "average_SEM", 
        "value": 0.082366181245655756
    }
}