{
    "Ar36": {
        "error": 0.0015894596460242663, 
        "fit": "parabolic", 
        "value": 0.010443797168607211
    }, 
    "Ar37": {
        "error": 0.13910317479727943, 
        "fit": "linear", 
        "value": 0.44402223135775093
    }, 
    "Ar38": {
        "error": 0.13256800364004692, 
        "fit": "linear", 
        "value": 2.7978284917414933
    }, 
    "Ar39": {
        "error": 0.15245631465289686, 
        "fit": "parabolic", 
        "value": 234.01723732810302
    }, 
    "Ar40": {
        "error": 0.35598142883510941, 
        "fit": "parabolic", 
        "value": 961.78840234767927
    }, 
    "Ar41": {
        "error": 0.13100910661130213, 
        "fit": "average_SEM", 
        "value": 0.047952114877989518
    }
}