{
    "Ar36": {
        "error": 0.0017039379003788142, 
        "fit": "parabolic", 
        "value": 0.013376155641076911
    }, 
    "Ar37": {
        "error": 0.15045644036114744, 
        "fit": "linear", 
        "value": 1.1776402300287068
    }, 
    "Ar38": {
        "error": 0.17347660238216406, 
        "fit": "linear", 
        "value": 7.3443464661506166
    }, 
    "Ar39": {
        "error": 0.22631753692332743, 
        "fit": "parabolic", 
        "value": 596.06885058339117
    }, 
    "Ar40": {
        "error": 0.59535188749091339, 
        "fit": "parabolic", 
        "value": 2446.9051631425127
    }, 
    "Ar41": {
        "error": 0.11779067987250906, 
        "fit": "average_SEM", 
        "value": 0.083347158443648373
    }
}