{
    "Ar36": {
        "error": 0.001965826248007087, 
        "fit": "parabolic", 
        "value": 0.014895920570454252
    }, 
    "Ar37": {
        "error": 0.14777732425072826, 
        "fit": "linear", 
        "value": 1.1598044956062852
    }, 
    "Ar38": {
        "error": 0.15889615037029692, 
        "fit": "linear", 
        "value": 7.9976147063112304
    }, 
    "Ar39": {
        "error": 0.25045976287505245, 
        "fit": "parabolic", 
        "value": 653.79867890020512
    }, 
    "Ar40": {
        "error": 0.61114401191831902, 
        "fit": "parabolic", 
        "value": 2684.8251872035644
    }, 
    "Ar41": {
        "error": 0.12458710930073495, 
        "fit": "average_SEM", 
        "value": 0.10434832637498039
    }
}