{
    "Ar36": {
        "error": 0.0015980304671133782, 
        "fit": "parabolic", 
        "value": 0.011089173641947052
    }, 
    "Ar37": {
        "error": 0.13520648414304479, 
        "fit": "linear", 
        "value": 0.88247105807995796
    }, 
    "Ar38": {
        "error": 0.14116944160980396, 
        "fit": "linear", 
        "value": 5.7108848082936312
    }, 
    "Ar39": {
        "error": 0.20391224231699243, 
        "fit": "parabolic", 
        "value": 473.14003024863513
    }, 
    "Ar40": {
        "error": 0.56539556205549457, 
        "fit": "parabolic", 
        "value": 1949.743741429199
    }, 
    "Ar41": {
        "error": 0.11757124983797566, 
        "fit": "average_SEM", 
        "value": 0.077442390651005555
    }
}