{
    "Ar36": {
        "error": 0.001908166586535384, 
        "fit": "parabolic", 
        "value": 0.016309004074941333
    }, 
    "Ar37": {
        "error": 0.13617166370052941, 
        "fit": "linear", 
        "value": 1.0305856300809395
    }, 
    "Ar38": {
        "error": 0.16428898632497138, 
        "fit": "linear", 
        "value": 7.2848449738442653
    }, 
    "Ar39": {
        "error": 0.20144478510228331, 
        "fit": "parabolic", 
        "value": 595.31029065829682
    }, 
    "Ar40": {
        "error": 0.58131240803142392, 
        "fit": "parabolic", 
        "value": 2447.8929404499891
    }, 
    "Ar41": {
        "error": 0.12717736117755296, 
        "fit": "average_SEM", 
        "value": 0.085299148837104447
    }
}