{
    "Ar36": {
        "error": 0.0017692275012764409, 
        "fit": "parabolic", 
        "value": 0.011176131869659215
    }, 
    "Ar37": {
        "error": 0.1397367047890197, 
        "fit": "linear", 
        "value": 1.1356611704836297
    }, 
    "Ar38": {
        "error": 0.16323158854364864, 
        "fit": "linear", 
        "value": 7.6100565676391012
    }, 
    "Ar39": {
        "error": 0.24558936055658939, 
        "fit": "parabolic", 
        "value": 625.20501818701644
    }, 
    "Ar40": {
        "error": 0.66777860925345722, 
        "fit": "parabolic", 
        "value": 2570.9575511616067
    }, 
    "Ar41": {
        "error": 0.12647052155561317, 
        "fit": "average_SEM", 
        "value": 0.090867829668917696
    }
}