{
    "Ar36": {
        "error": 0.0016943628772063837, 
        "fit": "parabolic", 
        "value": 0.010720213769251023
    }, 
    "Ar37": {
        "error": 0.14370207981103186, 
        "fit": "linear", 
        "value": 1.008172306681163
    }, 
    "Ar38": {
        "error": 0.14133095694438569, 
        "fit": "linear", 
        "value": 6.9716205279471861
    }, 
    "Ar39": {
        "error": 0.22507806996150742, 
        "fit": "parabolic", 
        "value": 566.84822005406397
    }, 
    "Ar40": {
        "error": 0.67433114613847389, 
        "fit": "parabolic", 
        "value": 2335.4271839255198
    }, 
    "Ar41": {
        "error": 0.12623568449438571, 
        "fit": "average_SEM", 
        "value": 0.075953284202143548
    }
}