{
    "Ar36": {
        "error": 0.0016462651533738222, 
        "fit": "parabolic", 
        "value": 0.012264864252163155
    }, 
    "Ar37": {
        "error": 0.13880975104264193, 
        "fit": "linear", 
        "value": 0.82042963233609878
    }, 
    "Ar38": {
        "error": 0.15906467296768906, 
        "fit": "linear", 
        "value": 5.620045554701818
    }, 
    "Ar39": {
        "error": 0.22719786225799254, 
        "fit": "parabolic", 
        "value": 464.73371995595141
    }, 
    "Ar40": {
        "error": 0.5783877891845044, 
        "fit": "parabolic", 
        "value": 1913.6131441087757
    }, 
    "Ar41": {
        "error": 0.12218238366205592, 
        "fit": "average_SEM", 
        "value": 0.070677668852033096
    }
}