{
    "Ar36": {
        "error": 0.0019792878410388212, 
        "fit": "parabolic", 
        "value": 0.020079172459354498
    }, 
    "Ar37": {
        "error": 0.14112885877523279, 
        "fit": "linear", 
        "value": 0.71071002874818845
    }, 
    "Ar38": {
        "error": 0.14889565055012827, 
        "fit": "linear", 
        "value": 4.3209867798547164
    }, 
    "Ar39": {
        "error": 0.183169163316242, 
        "fit": "parabolic", 
        "value": 354.56258258934639
    }, 
    "Ar40": {
        "error": 0.50762401132129253, 
        "fit": "parabolic", 
        "value": 1463.8410858173513
    }, 
    "Ar41": {
        "error": 0.11775220721220971, 
        "fit": "average_SEM", 
        "value": 0.062705536695080805
    }
}