{
    "Ar36": {
        "error": 0.0017158386822696968, 
        "fit": "parabolic", 
        "value": 0.011620914492951087
    }, 
    "Ar37": {
        "error": 0.13447393634956131, 
        "fit": "linear", 
        "value": 0.93647362126101852
    }, 
    "Ar38": {
        "error": 0.15756454842355933, 
        "fit": "linear", 
        "value": 5.6234191004599348
    }, 
    "Ar39": {
        "error": 0.20942806202254705, 
        "fit": "parabolic", 
        "value": 464.64946888011275
    }, 
    "Ar40": {
        "error": 0.58214574112351136, 
        "fit": "parabolic", 
        "value": 1916.3556321091633
    }, 
    "Ar41": {
        "error": 0.12827106498138247, 
        "fit": "average_SEM", 
        "value": 0.066063479181379087
    }
}