{
    "Ar36": {
        "error": 0.0016699160136242454, 
        "fit": "parabolic", 
        "value": 0.010945373827925082
    }, 
    "Ar37": {
        "error": 0.14142705694713262, 
        "fit": "linear", 
        "value": 0.94470048583072019
    }, 
    "Ar38": {
        "error": 0.17039052851872774, 
        "fit": "linear", 
        "value": 5.5788487356368037
    }, 
    "Ar39": {
        "error": 0.20304569772993988, 
        "fit": "parabolic", 
        "value": 459.45781649880871
    }, 
    "Ar40": {
        "error": 0.54502796936023901, 
        "fit": "parabolic", 
        "value": 1894.2122337501355
    }, 
    "Ar41": {
        "error": 0.12276841275349512, 
        "fit": "average_SEM", 
        "value": 0.076735090937931086
    }
}