{
    "Ar36": {
        "error": 0.0019436952461004753, 
        "fit": "parabolic", 
        "value": 0.013608774377842546
    }, 
    "Ar37": {
        "error": 0.12969318161858817, 
        "fit": "linear", 
        "value": 0.98542002999870526
    }, 
    "Ar38": {
        "error": 0.15579109444481476, 
        "fit": "linear", 
        "value": 7.2578204380889666
    }, 
    "Ar39": {
        "error": 0.23835605079789668, 
        "fit": "parabolic", 
        "value": 593.02438381067054
    }, 
    "Ar40": {
        "error": 0.65176128788447818, 
        "fit": "parabolic", 
        "value": 2443.4350571508735
    }, 
    "Ar41": {
        "error": 0.13085093549922641, 
        "fit": "average_SEM", 
        "value": -0.18617183391912839
    }
}