{
    "Ar36": {
        "error": 0.0016355150026569453, 
        "fit": "parabolic", 
        "value": 0.011162233273887752
    }, 
    "Ar37": {
        "error": 0.1491025650181676, 
        "fit": "linear", 
        "value": 1.0052393949040648
    }, 
    "Ar38": {
        "error": 0.16612796881851236, 
        "fit": "linear", 
        "value": 5.5774280979598041
    }, 
    "Ar39": {
        "error": 0.19028587062256686, 
        "fit": "parabolic", 
        "value": 458.32384645894354
    }, 
    "Ar40": {
        "error": 0.5809578076725882, 
        "fit": "parabolic", 
        "value": 1888.9337248369893
    }, 
    "Ar41": {
        "error": 0.13361967894942217, 
        "fit": "average_SEM", 
        "value": 0.068371791917481453
    }
}