{
    "Ar36": {
        "error": 0.0018226512078302626, 
        "fit": "parabolic", 
        "value": 0.015538164029408809
    }, 
    "Ar37": {
        "error": 0.12829662018055518, 
        "fit": "linear", 
        "value": 0.79512387462560841
    }, 
    "Ar38": {
        "error": 0.15784664555341585, 
        "fit": "linear", 
        "value": 5.2403120982589266
    }, 
    "Ar39": {
        "error": 0.1802182112528124, 
        "fit": "parabolic", 
        "value": 428.01566878593769
    }, 
    "Ar40": {
        "error": 0.53488707813078751, 
        "fit": "parabolic", 
        "value": 1764.706719121986
    }, 
    "Ar41": {
        "error": 0.12159413278847192, 
        "fit": "average_SEM", 
        "value": -0.20088206425542013
    }
}