{
    "Ar36": {
        "error": 0.0016617461211018906, 
        "fit": "parabolic", 
        "value": 0.010099131456313335
    }, 
    "Ar37": {
        "error": 0.12773898718666912, 
        "fit": "linear", 
        "value": 0.57198755027422321
    }, 
    "Ar38": {
        "error": 0.15759370267915684, 
        "fit": "linear", 
        "value": 3.8271999298270929
    }, 
    "Ar39": {
        "error": 0.17320880255003018, 
        "fit": "parabolic", 
        "value": 322.2266298643741
    }, 
    "Ar40": {
        "error": 0.50546874458558011, 
        "fit": "parabolic", 
        "value": 1327.436446697764
    }, 
    "Ar41": {
        "error": 0.12005517552973666, 
        "fit": "average_SEM", 
        "value": 0.051035865063313396
    }
}