{
    "Ar36": {
        "error": 0.0020785762189268458, 
        "fit": "parabolic", 
        "value": 0.02168558828948626
    }, 
    "Ar37": {
        "error": 0.1487138051548885, 
        "fit": "linear", 
        "value": 1.2416391171888748
    }, 
    "Ar38": {
        "error": 0.16826227736820809, 
        "fit": "linear", 
        "value": 7.2464467641949621
    }, 
    "Ar39": {
        "error": 0.23133797786938082, 
        "fit": "parabolic", 
        "value": 591.24485146796667
    }, 
    "Ar40": {
        "error": 0.68946566644951046, 
        "fit": "parabolic", 
        "value": 2439.6479655855592
    }, 
    "Ar41": {
        "error": 0.11732030668230682, 
        "fit": "average_SEM", 
        "value": 0.07995561220287345
    }
}