{
    "Ar36": {
        "error": 0.0021667440245712625, 
        "fit": "parabolic", 
        "value": 0.018169705670708716
    }, 
    "Ar37": {
        "error": 0.13314404057864498, 
        "fit": "linear", 
        "value": 1.3042124783115514
    }, 
    "Ar38": {
        "error": 0.14979161420888473, 
        "fit": "linear", 
        "value": 8.5684108643040346
    }, 
    "Ar39": {
        "error": 0.23615551394902465, 
        "fit": "parabolic", 
        "value": 696.46986668186355
    }, 
    "Ar40": {
        "error": 0.73237563982413068, 
        "fit": "parabolic", 
        "value": 2864.3026199526898
    }, 
    "Ar41": {
        "error": 0.12267719010578917, 
        "fit": "average_SEM", 
        "value": -0.18363875625608489
    }
}