{
    "Ar36": {
        "error": 0.0031497712577196724, 
        "fit": "parabolic", 
        "value": 0.058295906758980012
    }, 
    "Ar37": {
        "error": 0.13541592874542679, 
        "fit": "linear", 
        "value": 1.7080752678904583
    }, 
    "Ar38": {
        "error": 0.20998444333621585, 
        "fit": "linear", 
        "value": 6.5037602145622415
    }, 
    "Ar39": {
        "error": 0.23105268491822042, 
        "fit": "parabolic", 
        "value": 525.66578023492889
    }, 
    "Ar40": {
        "error": 0.5790415908514831, 
        "fit": "parabolic", 
        "value": 2173.3419030409414
    }, 
    "Ar41": {
        "error": 0.12837951061446301, 
        "fit": "average_SEM", 
        "value": -0.17426955331559293
    }
}