{
    "Ar36": {
        "error": 0.0018509482416122934, 
        "fit": "parabolic", 
        "value": 0.014316066292629336
    }, 
    "Ar37": {
        "error": 0.12979059760597128, 
        "fit": "linear", 
        "value": 1.335618922043798
    }, 
    "Ar38": {
        "error": 0.21267997169399205, 
        "fit": "linear", 
        "value": 6.5053776606821527
    }, 
    "Ar39": {
        "error": 0.1978600801910062, 
        "fit": "parabolic", 
        "value": 530.29498526789826
    }, 
    "Ar40": {
        "error": 0.53924400345154233, 
        "fit": "parabolic", 
        "value": 2166.8774366768189
    }, 
    "Ar41": {
        "error": 0.12724295721322193, 
        "fit": "average_SEM", 
        "value": -0.17645429300423712
    }
}