{
    "Ar36": {
        "error": 0.0018246779177212937, 
        "fit": "parabolic", 
        "value": 0.017237106685686551
    }, 
    "Ar37": {
        "error": 0.14278713473001131, 
        "fit": "linear", 
        "value": 1.0136082154474699
    }, 
    "Ar38": {
        "error": 0.20563395808235901, 
        "fit": "linear", 
        "value": 2.9870491957231753
    }, 
    "Ar39": {
        "error": 0.15925876780674653, 
        "fit": "parabolic", 
        "value": 248.10449198348635
    }, 
    "Ar40": {
        "error": 0.44336622035276552, 
        "fit": "parabolic", 
        "value": 1018.4824107230455
    }, 
    "Ar41": {
        "error": 0.12975073577162849, 
        "fit": "average_SEM", 
        "value": -0.21289343368355185
    }
}