{
    "Ar36": {
        "error": 0.0015667239896180402, 
        "fit": "parabolic", 
        "value": 0.012317980832295499
    }, 
    "Ar37": {
        "error": 0.13595297789245586, 
        "fit": "linear", 
        "value": 1.2049234799227833
    }, 
    "Ar38": {
        "error": 0.21209210586115262, 
        "fit": "linear", 
        "value": 5.6298899019325326
    }, 
    "Ar39": {
        "error": 0.2075817543031416, 
        "fit": "parabolic", 
        "value": 467.78435372692957
    }, 
    "Ar40": {
        "error": 0.53212105565015677, 
        "fit": "parabolic", 
        "value": 1911.8262586190956
    }, 
    "Ar41": {
        "error": 0.11828062047601436, 
        "fit": "average_SEM", 
        "value": -0.17759291082201525
    }
}