{
    "Ar36": {
        "error": 0.0017978474605323046, 
        "fit": "parabolic", 
        "value": 0.014099878176795078
    }, 
    "Ar37": {
        "error": 0.13639919535066553, 
        "fit": "linear", 
        "value": 1.3482447859698508
    }, 
    "Ar38": {
        "error": 0.21149046417755099, 
        "fit": "linear", 
        "value": 6.4340549850961306
    }, 
    "Ar39": {
        "error": 0.22367563383149683, 
        "fit": "parabolic", 
        "value": 524.42374302632606
    }, 
    "Ar40": {
        "error": 0.57440117756487319, 
        "fit": "parabolic", 
        "value": 2146.9771152354315
    }, 
    "Ar41": {
        "error": 0.12765257370003347, 
        "fit": "average_SEM", 
        "value": -0.18934976972546427
    }
}