{
    "Ar36": {
        "error": 0.0016908597300024917, 
        "fit": "parabolic", 
        "value": 0.012118689056399127
    }, 
    "Ar37": {
        "error": 0.14029524168237945, 
        "fit": "linear", 
        "value": 0.94097238558325325
    }, 
    "Ar38": {
        "error": 0.19717150215476484, 
        "fit": "linear", 
        "value": 4.5696348170268699
    }, 
    "Ar39": {
        "error": 0.1829193295148509, 
        "fit": "parabolic", 
        "value": 373.0371437011969
    }, 
    "Ar40": {
        "error": 0.48036794823299073, 
        "fit": "parabolic", 
        "value": 1525.2115137056969
    }, 
    "Ar41": {
        "error": 0.12978737720816044, 
        "fit": "average_SEM", 
        "value": -0.1958734347638674
    }
}