{
    "Ar36": {
        "error": 0.0015811898598558996, 
        "fit": "parabolic", 
        "value": 0.011291425052741649
    }, 
    "Ar37": {
        "error": 0.13428460949164275, 
        "fit": "linear", 
        "value": 0.92538787981656645
    }, 
    "Ar38": {
        "error": 0.19570978919009221, 
        "fit": "linear", 
        "value": 4.5381915294828552
    }, 
    "Ar39": {
        "error": 0.18079151696694531, 
        "fit": "parabolic", 
        "value": 372.18622738890889
    }, 
    "Ar40": {
        "error": 0.49566965142263125, 
        "fit": "parabolic", 
        "value": 1523.3994976637041
    }, 
    "Ar41": {
        "error": 0.1116025694420635, 
        "fit": "average_SEM", 
        "value": -0.20078674909565597
    }
}