{
    "Ar36": {
        "error": 0.0015771698643086216, 
        "fit": "parabolic", 
        "value": 0.012734094462990113
    }, 
    "Ar37": {
        "error": 0.1353010242677618, 
        "fit": "linear", 
        "value": 0.93824832404164615
    }, 
    "Ar38": {
        "error": 0.20922810966693839, 
        "fit": "linear", 
        "value": 4.9342674393839197
    }, 
    "Ar39": {
        "error": 0.18436756757784373, 
        "fit": "parabolic", 
        "value": 403.1250364631299
    }, 
    "Ar40": {
        "error": 0.52856525069703264, 
        "fit": "parabolic", 
        "value": 1651.1184532997104
    }, 
    "Ar41": {
        "error": 0.12043831081724529, 
        "fit": "average_SEM", 
        "value": -0.19338883399497717
    }
}