{
    "Ar36": {
        "error": 0.001975622219123192, 
        "fit": "parabolic", 
        "value": 0.018059267044399301
    }, 
    "Ar37": {
        "error": 0.13245031021201922, 
        "fit": "linear", 
        "value": 1.5045499352035574
    }, 
    "Ar38": {
        "error": 0.2300951325762762, 
        "fit": "linear", 
        "value": 7.2617313778225547
    }, 
    "Ar39": {
        "error": 0.22698328816146376, 
        "fit": "parabolic", 
        "value": 590.03113257523955
    }, 
    "Ar40": {
        "error": 0.64680703564994058, 
        "fit": "parabolic", 
        "value": 2416.1833208791586
    }, 
    "Ar41": {
        "error": 0.11680713890893969, 
        "fit": "average_SEM", 
        "value": -0.1785811566170305
    }
}