{
    "Ar36": {
        "error": 0.0016140740038690588, 
        "fit": "parabolic", 
        "value": 0.012792027123881222
    }, 
    "Ar37": {
        "error": 0.13668149777110544, 
        "fit": "linear", 
        "value": 0.73695380165350999
    }, 
    "Ar38": {
        "error": 0.22565466476617502, 
        "fit": "linear", 
        "value": 3.1877367822652181
    }, 
    "Ar39": {
        "error": 0.14922145862702829, 
        "fit": "parabolic", 
        "value": 261.15716672614849
    }, 
    "Ar40": {
        "error": 0.44030955006387296, 
        "fit": "parabolic", 
        "value": 1070.8252518980023
    }, 
    "Ar41": {
        "error": 0.12627282088476088, 
        "fit": "average_SEM", 
        "value": -0.19946795068494977
    }
}