{
    "Ar36": {
        "error": 0.0018071177344020949, 
        "fit": "parabolic", 
        "value": 0.012933662102194357
    }, 
    "Ar37": {
        "error": 0.13527560828192275, 
        "fit": "linear", 
        "value": 1.0849472032683463
    }, 
    "Ar38": {
        "error": 0.22078214620043318, 
        "fit": "linear", 
        "value": 5.5301161095296152
    }, 
    "Ar39": {
        "error": 0.20543537333487541, 
        "fit": "parabolic", 
        "value": 459.10651658776248
    }, 
    "Ar40": {
        "error": 0.58292778736910922, 
        "fit": "parabolic", 
        "value": 1886.9237798322388
    }, 
    "Ar41": {
        "error": 0.11744549937047188, 
        "fit": "average_SEM", 
        "value": -0.19095543312607333
    }
}