{
    "Ar36": {
        "error": 0.0016160288347247258, 
        "fit": "parabolic", 
        "value": 0.011382092822683522
    }, 
    "Ar37": {
        "error": 0.12880351265990128, 
        "fit": "linear", 
        "value": 0.80733124288114744
    }, 
    "Ar38": {
        "error": 0.23232042898111036, 
        "fit": "linear", 
        "value": 3.571066049008456
    }, 
    "Ar39": {
        "error": 0.17378054750659896, 
        "fit": "parabolic", 
        "value": 304.98529309680828
    }, 
    "Ar40": {
        "error": 0.4346593363597413, 
        "fit": "parabolic", 
        "value": 1255.7413656206311
    }, 
    "Ar41": {
        "error": 0.12021858529433434, 
        "fit": "average_SEM", 
        "value": -0.18970150641608052
    }
}