{
    "Ar36": {
        "error": 0.0020886965123142966, 
        "fit": "parabolic", 
        "value": 0.01612233701700589
    }, 
    "Ar37": {
        "error": 0.14154046208288787, 
        "fit": "linear", 
        "value": 1.785545059475016
    }, 
    "Ar38": {
        "error": 0.2301311245803081, 
        "fit": "linear", 
        "value": 8.4682955561906184
    }, 
    "Ar39": {
        "error": 0.24534011785228971, 
        "fit": "parabolic", 
        "value": 683.97784147302593
    }, 
    "Ar40": {
        "error": 0.7115369723350905, 
        "fit": "parabolic", 
        "value": 2816.1934484249305
    }, 
    "Ar41": {
        "error": 0.13669401223543279, 
        "fit": "average_SEM", 
        "value": -0.16313344255415724
    }
}