{
    "Ar36": {
        "error": 0.001790450474642842, 
        "fit": "parabolic", 
        "value": 0.014157499662206943
    }, 
    "Ar37": {
        "error": 0.14966121471130478, 
        "fit": "linear", 
        "value": 0.98420686986734751
    }, 
    "Ar38": {
        "error": 0.2215162561064391, 
        "fit": "linear", 
        "value": 4.9420259593900342
    }, 
    "Ar39": {
        "error": 0.20388358818088279, 
        "fit": "parabolic", 
        "value": 402.49316515655437
    }, 
    "Ar40": {
        "error": 0.56993660778839206, 
        "fit": "parabolic", 
        "value": 1655.9308604730054
    }, 
    "Ar41": {
        "error": 0.12353817207560966, 
        "fit": "average_SEM", 
        "value": -0.18114507977542235
    }
}