{
    "Ar36": {
        "error": 0.0026639470067924284, 
        "fit": "parabolic", 
        "value": 0.045570134395564163
    }, 
    "Ar37": {
        "error": 0.1359777341937452, 
        "fit": "linear", 
        "value": 1.4029989930008033
    }, 
    "Ar38": {
        "error": 0.23769902552760891, 
        "fit": "linear", 
        "value": 5.4044656506149247
    }, 
    "Ar39": {
        "error": 0.19173331428370086, 
        "fit": "parabolic", 
        "value": 442.32017782319792
    }, 
    "Ar40": {
        "error": 0.58471277928737131, 
        "fit": "parabolic", 
        "value": 1833.1468159783326
    }, 
    "Ar41": {
        "error": 0.12358890550940853, 
        "fit": "average_SEM", 
        "value": -0.1687369961659424
    }
}