{
    "Ar36": {
        "error": 0.0016795165768844476, 
        "fit": "parabolic", 
        "value": 0.011758310699440763
    }, 
    "Ar37": {
        "error": 0.13571671967611032, 
        "fit": "linear", 
        "value": 0.84101022460214558
    }, 
    "Ar38": {
        "error": 0.20760024024003684, 
        "fit": "linear", 
        "value": 3.7816591263226065
    }, 
    "Ar39": {
        "error": 0.17461460285528677, 
        "fit": "parabolic", 
        "value": 321.33259837431751
    }, 
    "Ar40": {
        "error": 0.45495080181169689, 
        "fit": "parabolic", 
        "value": 1322.4791484316206
    }, 
    "Ar41": {
        "error": 0.11981605727924877, 
        "fit": "average_SEM", 
        "value": -0.19812614821782334
    }
}