{
    "Ar36": {
        "error": 0.0017875381668184217, 
        "fit": "parabolic", 
        "value": 0.013164812108869607
    }, 
    "Ar37": {
        "error": 0.13681558930593882, 
        "fit": "linear", 
        "value": 1.1973835952927525
    }, 
    "Ar38": {
        "error": 0.23859539301284996, 
        "fit": "linear", 
        "value": 5.4283666980777685
    }, 
    "Ar39": {
        "error": 0.21896866887043667, 
        "fit": "parabolic", 
        "value": 447.46579339903576
    }, 
    "Ar40": {
        "error": 0.56937209026199365, 
        "fit": "parabolic", 
        "value": 1842.9745769112735
    }, 
    "Ar41": {
        "error": 0.11774810751368565, 
        "fit": "average_SEM", 
        "value": -0.17878935888595879
    }
}