{
    "Ar36": {
        "error": 0.0018591119404281781, 
        "fit": "parabolic", 
        "value": 0.015611844515676166
    }, 
    "Ar37": {
        "error": 0.13417849295419329, 
        "fit": "linear", 
        "value": 0.56068579262253371
    }, 
    "Ar38": {
        "error": 0.23478660458286491, 
        "fit": "linear", 
        "value": 3.5096233304770434
    }, 
    "Ar39": {
        "error": 0.15521142450707021, 
        "fit": "parabolic", 
        "value": 290.33068610278383
    }, 
    "Ar40": {
        "error": 0.40699497121448558, 
        "fit": "parabolic", 
        "value": 1197.0229781912435
    }, 
    "Ar41": {
        "error": 0.13038898859905387, 
        "fit": "average_SEM", 
        "value": -0.2012197541706264
    }
}