{
    "Ar36": {
        "error": 0.0015191879698159736, 
        "fit": "parabolic", 
        "value": 0.011695701987705989
    }, 
    "Ar37": {
        "error": 0.12824726654643598, 
        "fit": "linear", 
        "value": 1.6872511607666958
    }, 
    "Ar38": {
        "error": 0.21534814037007341, 
        "fit": "linear", 
        "value": 4.6779267555879027
    }, 
    "Ar39": {
        "error": 0.18434546434150764, 
        "fit": "parabolic", 
        "value": 380.40054934235695
    }, 
    "Ar40": {
        "error": 0.51095749322656092, 
        "fit": "parabolic", 
        "value": 1565.8865722727792
    }, 
    "Ar41": {
        "error": 0.12178995728789603, 
        "fit": "average_SEM", 
        "value": -0.18400487614888697
    }
}