{
    "Ar36": {
        "error": 0.0014396038786977205, 
        "fit": "parabolic", 
        "value": 0.0095066458360909233
    }, 
    "Ar37": {
        "error": 0.13904115085435073, 
        "fit": "linear", 
        "value": 0.4237599235639925
    }, 
    "Ar38": {
        "error": 0.20602149175626203, 
        "fit": "linear", 
        "value": 1.8052604620677832
    }, 
    "Ar39": {
        "error": 0.13981907303707411, 
        "fit": "parabolic", 
        "value": 158.04378189080546
    }, 
    "Ar40": {
        "error": 0.32722758770112609, 
        "fit": "parabolic", 
        "value": 650.62488178775573
    }, 
    "Ar41": {
        "error": 0.13097895290995221, 
        "fit": "average_SEM", 
        "value": -0.21330605874967296
    }
}