{
    "Ar36": {
        "error": 0.0018292824004555322, 
        "fit": "parabolic", 
        "value": 0.014864417534688637
    }, 
    "Ar37": {
        "error": 0.15520280762004576, 
        "fit": "linear", 
        "value": 1.2564873735430298
    }, 
    "Ar38": {
        "error": 0.25109231231146201, 
        "fit": "linear", 
        "value": 6.0320397093076039
    }, 
    "Ar39": {
        "error": 0.21407332267195378, 
        "fit": "parabolic", 
        "value": 495.41989593121536
    }, 
    "Ar40": {
        "error": 0.53328484252599173, 
        "fit": "parabolic", 
        "value": 2039.788988246512
    }, 
    "Ar41": {
        "error": 0.12397377706214004, 
        "fit": "average_SEM", 
        "value": -0.16756597409211099
    }
}