{
    "Ar36": {
        "error": 0.0016549770813692318, 
        "fit": "parabolic", 
        "value": 0.012412476986179834
    }, 
    "Ar37": {
        "error": 0.14064717024493703, 
        "fit": "linear", 
        "value": 0.66951837960728533
    }, 
    "Ar38": {
        "error": 0.24040277874672558, 
        "fit": "linear", 
        "value": 3.2202638008625666
    }, 
    "Ar39": {
        "error": 0.15882689796420191, 
        "fit": "parabolic", 
        "value": 259.69566638579965
    }, 
    "Ar40": {
        "error": 0.41134022896975059, 
        "fit": "parabolic", 
        "value": 1069.054474997356
    }, 
    "Ar41": {
        "error": 0.13791881530491337, 
        "fit": "average_SEM", 
        "value": -0.1984932746659033
    }
}