{
    "Ar36": {
        "error": 0.0017335783246599094, 
        "fit": "parabolic", 
        "value": 0.016703750906294394
    }, 
    "Ar37": {
        "error": 0.14542154590556031, 
        "fit": "linear", 
        "value": 0.4795530572494433
    }, 
    "Ar38": {
        "error": 0.2411799856822216, 
        "fit": "linear", 
        "value": 2.2013884915010173
    }, 
    "Ar39": {
        "error": 0.14260272205785141, 
        "fit": "parabolic", 
        "value": 185.7215496381626
    }, 
    "Ar40": {
        "error": 0.35251935174356863, 
        "fit": "parabolic", 
        "value": 767.96780639923793
    }, 
    "Ar41": {
        "error": 0.11280097794037452, 
        "fit": "average_SEM", 
        "value": -0.20661825154116378
    }
}