{
    "Ar36": {
        "error": 0.001752072169059036, 
        "fit": "parabolic", 
        "value": 0.013842093646637504
    }, 
    "Ar37": {
        "error": 0.14182332502871672, 
        "fit": "linear", 
        "value": 0.80425381356836867
    }, 
    "Ar38": {
        "error": 0.23176912472665048, 
        "fit": "linear", 
        "value": 3.625163670475315
    }, 
    "Ar39": {
        "error": 0.1568284302811849, 
        "fit": "parabolic", 
        "value": 305.74212881335109
    }, 
    "Ar40": {
        "error": 0.42905550825126654, 
        "fit": "parabolic", 
        "value": 1259.3324239033368
    }, 
    "Ar41": {
        "error": 0.11768945333967755, 
        "fit": "average_SEM", 
        "value": -0.18336338842567057
    }
}