{
    "Ar36": {
        "error": 0.0017781841282542637, 
        "fit": "parabolic", 
        "value": 0.011702976040654772
    }, 
    "Ar37": {
        "error": 0.13454965841640421, 
        "fit": "linear", 
        "value": 0.43602491734719007
    }, 
    "Ar38": {
        "error": 0.14253162628138782, 
        "fit": "linear", 
        "value": 4.3967053257416655
    }, 
    "Ar39": {
        "error": 0.1782247468417662, 
        "fit": "parabolic", 
        "value": 362.77743973226723
    }, 
    "Ar40": {
        "error": 0.45576465534420008, 
        "fit": "parabolic", 
        "value": 1487.8691188078406
    }, 
    "Ar41": {
        "error": 0.11371593408839101, 
        "fit": "average_SEM", 
        "value": 0.25585734306718222
    }
}