{
    "Ar36": {
        "error": 0.001717094887917009, 
        "fit": "parabolic", 
        "value": 0.010475649760347362
    }, 
    "Ar37": {
        "error": 0.14228390430896071, 
        "fit": "linear", 
        "value": 0.44986073109756108
    }, 
    "Ar38": {
        "error": 0.13910036727555136, 
        "fit": "linear", 
        "value": 5.3186415596182712
    }, 
    "Ar39": {
        "error": 0.19374013795379555, 
        "fit": "parabolic", 
        "value": 435.69648931696679
    }, 
    "Ar40": {
        "error": 0.5226034079846178, 
        "fit": "parabolic", 
        "value": 1784.1096053088486
    }, 
    "Ar41": {
        "error": 0.12705497538647101, 
        "fit": "average_SEM", 
        "value": 0.28042907166294756
    }
}