{
    "Ar36": {
        "error": 0.0017955642818891662, 
        "fit": "parabolic", 
        "value": 0.011356114416380831
    }, 
    "Ar37": {
        "error": 0.12694076016520825, 
        "fit": "linear", 
        "value": 0.44721904902591203
    }, 
    "Ar38": {
        "error": 0.14133461202280134, 
        "fit": "linear", 
        "value": 5.3142940319995695
    }, 
    "Ar39": {
        "error": 0.19302827089233812, 
        "fit": "parabolic", 
        "value": 437.65055718824715
    }, 
    "Ar40": {
        "error": 0.55534094473557671, 
        "fit": "parabolic", 
        "value": 1789.0434141934245
    }, 
    "Ar41": {
        "error": 0.11762558529717775, 
        "fit": "average_SEM", 
        "value": 0.257016909809754
    }
}