{
    "Ar36": {
        "error": 0.0029873991117466462, 
        "fit": "parabolic", 
        "value": 0.048477662532694893
    }, 
    "Ar37": {
        "error": 0.13731713476964474, 
        "fit": "linear", 
        "value": 0.99011690774991479
    }, 
    "Ar38": {
        "error": 0.14226930548259711, 
        "fit": "linear", 
        "value": 7.0829872252872228
    }, 
    "Ar39": {
        "error": 0.21731465753139931, 
        "fit": "parabolic", 
        "value": 572.28528914609205
    }, 
    "Ar40": {
        "error": 0.60876558469800646, 
        "fit": "parabolic", 
        "value": 2347.8899713633073
    }, 
    "Ar41": {
        "error": 0.11864528002820107, 
        "fit": "average_SEM", 
        "value": 0.28341103794824446
    }
}