{
    "Ar36": {
        "error": 0.001647040365000908, 
        "fit": "parabolic", 
        "value": 0.010407757932732575
    }, 
    "Ar37": {
        "error": 0.13480079684383836, 
        "fit": "linear", 
        "value": 0.30284100039040684
    }, 
    "Ar38": {
        "error": 0.13184321553257028, 
        "fit": "linear", 
        "value": 3.2668677092238587
    }, 
    "Ar39": {
        "error": 0.15563648906411603, 
        "fit": "parabolic", 
        "value": 272.90940122695883
    }, 
    "Ar40": {
        "error": 0.41491073516156685, 
        "fit": "parabolic", 
        "value": 1124.0744340050592
    }, 
    "Ar41": {
        "error": 0.12755964428039349, 
        "fit": "average_SEM", 
        "value": 0.25064521808060819
    }
}