{
    "Ar36": {
        "error": 0.0025805837018859409, 
        "fit": "parabolic", 
        "value": 0.030091465856575357
    }, 
    "Ar37": {
        "error": 0.13139968605429789, 
        "fit": "linear", 
        "value": 1.3934372849202852
    }, 
    "Ar38": {
        "error": 0.14360926135489488, 
        "fit": "linear", 
        "value": 7.7404788402109466
    }, 
    "Ar39": {
        "error": 0.22474560211651284, 
        "fit": "parabolic", 
        "value": 633.94495982288208
    }, 
    "Ar40": {
        "error": 0.64245878291971403, 
        "fit": "parabolic", 
        "value": 2599.072358375096
    }, 
    "Ar41": {
        "error": 0.12626743730922216, 
        "fit": "average_SEM", 
        "value": 0.30286088498076424
    }
}