{
    "Ar36": {
        "error": 0.0018464984308716832, 
        "fit": "parabolic", 
        "value": 0.0089308556868494086
    }, 
    "Ar37": {
        "error": 0.13686005467965195, 
        "fit": "linear", 
        "value": 0.93008447533814143
    }, 
    "Ar38": {
        "error": 0.14309829849957692, 
        "fit": "linear", 
        "value": 8.0904543601883248
    }, 
    "Ar39": {
        "error": 0.23803627047696249, 
        "fit": "parabolic", 
        "value": 659.94964319903988
    }, 
    "Ar40": {
        "error": 0.63694705078088432, 
        "fit": "parabolic", 
        "value": 2693.3224726529452
    }, 
    "Ar41": {
        "error": 0.11826217347693001, 
        "fit": "average_SEM", 
        "value": 0.31357921583810822
    }
}