{
    "Ar36": {
        "error": 0.0016698264771531977, 
        "fit": "parabolic", 
        "value": 0.0097071588246198555
    }, 
    "Ar37": {
        "error": 0.13687886330591684, 
        "fit": "linear", 
        "value": 0.65715565392740305
    }, 
    "Ar38": {
        "error": 0.1511002543024601, 
        "fit": "linear", 
        "value": 7.2607647475589658
    }, 
    "Ar39": {
        "error": 0.23071485148685217, 
        "fit": "parabolic", 
        "value": 591.47913668570948
    }, 
    "Ar40": {
        "error": 0.6227031130420787, 
        "fit": "parabolic", 
        "value": 2425.8446193442342
    }, 
    "Ar41": {
        "error": 0.12032998694865114, 
        "fit": "average_SEM", 
        "value": 0.31401139069232159
    }
}