{
    "Ar36": {
        "error": 0.0017963875016414721, 
        "fit": "parabolic", 
        "value": 0.0078500274772855642
    }, 
    "Ar37": {
        "error": 0.14035895358908307, 
        "fit": "linear", 
        "value": 0.6542787395848223
    }, 
    "Ar38": {
        "error": 0.14355698586118598, 
        "fit": "linear", 
        "value": 7.2225179703179956
    }, 
    "Ar39": {
        "error": 0.23337770221724172, 
        "fit": "parabolic", 
        "value": 587.52948277555356
    }, 
    "Ar40": {
        "error": 0.59628284208314886, 
        "fit": "parabolic", 
        "value": 2408.2470007781576
    }, 
    "Ar41": {
        "error": 0.11991611289350396, 
        "fit": "average_SEM", 
        "value": 0.30139945626724512
    }
}