{
    "Ar36": {
        "error": 0.001785748676418964, 
        "fit": "parabolic", 
        "value": 0.01138671825296819
    }, 
    "Ar37": {
        "error": 0.13963929088181187, 
        "fit": "linear", 
        "value": 0.43374027246944258
    }, 
    "Ar38": {
        "error": 0.14238556731643845, 
        "fit": "linear", 
        "value": 3.2180499704148282
    }, 
    "Ar39": {
        "error": 0.16114658062242193, 
        "fit": "parabolic", 
        "value": 266.68997424028305
    }, 
    "Ar40": {
        "error": 0.42557337085178643, 
        "fit": "parabolic", 
        "value": 1094.0071650305936
    }, 
    "Ar41": {
        "error": 0.12655203972831036, 
        "fit": "average_SEM", 
        "value": 0.26020224447289364
    }
}