{
    "Ar36": {
        "error": 0.0019143697568180095, 
        "fit": "parabolic", 
        "value": 0.01461020227454521
    }, 
    "Ar37": {
        "error": 0.13981076564034897, 
        "fit": "linear", 
        "value": 0.55093713220502383
    }, 
    "Ar38": {
        "error": 0.13962680811344305, 
        "fit": "linear", 
        "value": 6.04584671504022
    }, 
    "Ar39": {
        "error": 0.20318788000133778, 
        "fit": "parabolic", 
        "value": 498.92963152349319
    }, 
    "Ar40": {
        "error": 0.53412264536947729, 
        "fit": "parabolic", 
        "value": 2047.8780725903223
    }, 
    "Ar41": {
        "error": 0.12262654459856245, 
        "fit": "average_SEM", 
        "value": 0.28418630394968203
    }
}