{
    "Ar36": {
        "error": 0.0016166564287027803, 
        "fit": "parabolic", 
        "value": 0.0080788406671138818
    }, 
    "Ar37": {
        "error": 0.13636075411540771, 
        "fit": "linear", 
        "value": 0.60316267914584465
    }, 
    "Ar38": {
        "error": 0.13510706643973486, 
        "fit": "linear", 
        "value": 5.8517272053643801
    }, 
    "Ar39": {
        "error": 0.2186528906525759, 
        "fit": "parabolic", 
        "value": 482.69768221396481
    }, 
    "Ar40": {
        "error": 0.5878836081238703, 
        "fit": "parabolic", 
        "value": 1981.1959432132221
    }, 
    "Ar41": {
        "error": 0.12441154866202415, 
        "fit": "average_SEM", 
        "value": 0.30184428209269754
    }
}