{
    "Ar36": {
        "error": 0.0036423079314372615, 
        "fit": "parabolic", 
        "value": 0.08177275779210233
    }, 
    "Ar37": {
        "error": 0.13378095760506239, 
        "fit": "linear", 
        "value": 1.555805929539541
    }, 
    "Ar38": {
        "error": 0.14605121060766144, 
        "fit": "linear", 
        "value": 12.788837789853888
    }, 
    "Ar39": {
        "error": 0.30412273475520624, 
        "fit": "parabolic", 
        "value": 1034.7046422771634
    }, 
    "Ar40": {
        "error": 0.84761909648236389, 
        "fit": "parabolic", 
        "value": 4268.7660385423806
    }, 
    "Ar41": {
        "error": 0.12587986477236418, 
        "fit": "average_SEM", 
        "value": 0.35334540047682822
    }
}