{
    "Ar36": {
        "error": 0.0018111244676785854, 
        "fit": "parabolic", 
        "value": 0.0079327446943260188
    }, 
    "Ar37": {
        "error": 0.13285825923814656, 
        "fit": "linear", 
        "value": 0.80058644443896887
    }, 
    "Ar38": {
        "error": 0.1340053840406146, 
        "fit": "linear", 
        "value": 7.4541806365802543
    }, 
    "Ar39": {
        "error": 0.22787304926578369, 
        "fit": "parabolic", 
        "value": 608.41481099881617
    }, 
    "Ar40": {
        "error": 0.61639713727799295, 
        "fit": "parabolic", 
        "value": 2499.2322234537442
    }, 
    "Ar41": {
        "error": 0.12414261563093427, 
        "fit": "average_SEM", 
        "value": 0.2982113276841119
    }
}