{
    "Ar36": {
        "error": 0.002146483732158705, 
        "fit": "parabolic", 
        "value": 0.022266248791441262
    }, 
    "Ar37": {
        "error": 0.14297468139696604, 
        "fit": "linear", 
        "value": 0.17886080454304767
    }, 
    "Ar38": {
        "error": 0.13236459582805774, 
        "fit": "linear", 
        "value": 1.9033386811504274
    }, 
    "Ar39": {
        "error": 0.12193059165858593, 
        "fit": "parabolic", 
        "value": 162.65454033517153
    }, 
    "Ar40": {
        "error": 0.33034053543946262, 
        "fit": "parabolic", 
        "value": 674.02531519570323
    }, 
    "Ar41": {
        "error": 0.11445613814148344, 
        "fit": "average_SEM", 
        "value": 0.25396558713204287
    }
}