{
    "Ar36": {
        "error": 0.0019802281507346831, 
        "fit": "parabolic", 
        "value": 0.013686034174507785
    }, 
    "Ar37": {
        "error": 0.1369614481042917, 
        "fit": "linear", 
        "value": 0.50681018146620582
    }, 
    "Ar38": {
        "error": 0.13441418132294336, 
        "fit": "linear", 
        "value": 5.3029097554399076
    }, 
    "Ar39": {
        "error": 0.18333317729923418, 
        "fit": "parabolic", 
        "value": 434.25494695086491
    }, 
    "Ar40": {
        "error": 0.53136031399597305, 
        "fit": "parabolic", 
        "value": 1784.705047969946
    }, 
    "Ar41": {
        "error": 0.12566779696443808, 
        "fit": "average_SEM", 
        "value": 0.2807016166369431
    }
}