{
    "Ar36": {
        "error": 0.0016899498166638384, 
        "fit": "parabolic", 
        "value": 0.0086350006767711152
    }, 
    "Ar37": {
        "error": 0.13972450716539742, 
        "fit": "linear", 
        "value": 0.34590066417535476
    }, 
    "Ar38": {
        "error": 0.14901988060970392, 
        "fit": "linear", 
        "value": 3.5621198845359228
    }, 
    "Ar39": {
        "error": 0.16938557942080257, 
        "fit": "parabolic", 
        "value": 293.19717251355326
    }, 
    "Ar40": {
        "error": 0.42824203032470315, 
        "fit": "parabolic", 
        "value": 1206.952416215604
    }, 
    "Ar41": {
        "error": 0.11663135786929071, 
        "fit": "average_SEM", 
        "value": -0.0007093121977231931
    }
}