{
    "Ar36": {
        "error": 0.0019045338862919035, 
        "fit": "parabolic", 
        "value": 0.014900911307154055
    }, 
    "Ar37": {
        "error": 0.13488071815046884, 
        "fit": "linear", 
        "value": 0.54868605388018632
    }, 
    "Ar38": {
        "error": 0.14596659743246368, 
        "fit": "linear", 
        "value": 5.9781349560918748
    }, 
    "Ar39": {
        "error": 0.21153265763328463, 
        "fit": "parabolic", 
        "value": 490.59626856697457
    }, 
    "Ar40": {
        "error": 0.55849648460963897, 
        "fit": "parabolic", 
        "value": 2018.65140989785
    }, 
    "Ar41": {
        "error": 0.12487336890337164, 
        "fit": "average_SEM", 
        "value": 0.01566208428819664
    }
}