{
    "Ar36": {
        "error": 0.0024858160182611934, 
        "fit": "parabolic", 
        "value": 0.035316743436533418
    }, 
    "Ar37": {
        "error": 0.13464596344713842, 
        "fit": "linear", 
        "value": 0.54006875936675103
    }, 
    "Ar38": {
        "error": 0.14477511975707871, 
        "fit": "linear", 
        "value": 5.5339484270239456
    }, 
    "Ar39": {
        "error": 0.19671767178784447, 
        "fit": "parabolic", 
        "value": 453.10715809849211
    }, 
    "Ar40": {
        "error": 0.57158123842629394, 
        "fit": "parabolic", 
        "value": 1869.4417245512109
    }, 
    "Ar41": {
        "error": 0.11590484290509685, 
        "fit": "average_SEM", 
        "value": 0.017143292456421478
    }
}