{
    "Ar36": {
        "error": 0.0016823003350086678, 
        "fit": "parabolic", 
        "value": 0.0075863584870021422
    }, 
    "Ar37": {
        "error": 0.1274931700702098, 
        "fit": "linear", 
        "value": 0.52536649096761057
    }, 
    "Ar38": {
        "error": 0.13318392395301315, 
        "fit": "linear", 
        "value": 5.1128564312385389
    }, 
    "Ar39": {
        "error": 0.18558732725687119, 
        "fit": "parabolic", 
        "value": 416.90887375952889
    }, 
    "Ar40": {
        "error": 0.51032987159872067, 
        "fit": "parabolic", 
        "value": 1709.5586539956187
    }, 
    "Ar41": {
        "error": 0.12781131898622447, 
        "fit": "average_SEM", 
        "value": 0.017054399946355259
    }
}