{
    "Ar36": {
        "error": 0.0022941329160159284, 
        "fit": "parabolic", 
        "value": 0.020754450769337955
    }, 
    "Ar37": {
        "error": 0.13565424036250556, 
        "fit": "linear", 
        "value": 0.9290901549737236
    }, 
    "Ar38": {
        "error": 0.17690969621746591, 
        "fit": "linear", 
        "value": 8.2708276255283195
    }, 
    "Ar39": {
        "error": 0.23331156736297684, 
        "fit": "parabolic", 
        "value": 678.16722977137806
    }, 
    "Ar40": {
        "error": 0.66785521161784978, 
        "fit": "parabolic", 
        "value": 2787.197203408969
    }, 
    "Ar41": {
        "error": 0.12160639085049872, 
        "fit": "average_SEM", 
        "value": 0.055275429514003917
    }
}