{
    "Ar36": {
        "error": 0.0043774982744077331, 
        "fit": "parabolic", 
        "value": 0.07220529017409788
    }, 
    "Ar37": {
        "error": 0.14408550211801446, 
        "fit": "linear", 
        "value": 3.607728798175641
    }, 
    "Ar38": {
        "error": 0.19322979649912073, 
        "fit": "linear", 
        "value": 33.514924145058615
    }, 
    "Ar39": {
        "error": 0.52169103412572049, 
        "fit": "parabolic", 
        "value": 2722.5312865267133
    }, 
    "Ar40": {
        "error": 1.7690360878946201, 
        "fit": "parabolic", 
        "value": 11178.313703378584
    }, 
    "Ar41": {
        "error": 0.12777750761154016, 
        "fit": "average_SEM", 
        "value": 0.24951032052340452
    }
}