{
    "Ar36": {
        "error": 0.0026281310006537831, 
        "fit": "parabolic", 
        "value": 0.032271051950884568
    }, 
    "Ar37": {
        "error": 0.14178208387866204, 
        "fit": "linear", 
        "value": 1.4169883594612251
    }, 
    "Ar38": {
        "error": 0.19019938544532405, 
        "fit": "linear", 
        "value": 13.035536681527759
    }, 
    "Ar39": {
        "error": 0.27883874064689745, 
        "fit": "parabolic", 
        "value": 1063.4251088108722
    }, 
    "Ar40": {
        "error": 0.77664218266843077, 
        "fit": "parabolic", 
        "value": 4368.3072994474605
    }, 
    "Ar41": {
        "error": 0.12124700665489251, 
        "fit": "average_SEM", 
        "value": 0.090325408754142703
    }
}