{
    "Ar36": {
        "error": 0.0026734016985776425, 
        "fit": "parabolic", 
        "value": 0.030822691135251927
    }, 
    "Ar37": {
        "error": 0.14726842449740321, 
        "fit": "linear", 
        "value": 1.4209317037629718
    }, 
    "Ar38": {
        "error": 0.19065912163398999, 
        "fit": "linear", 
        "value": 12.705489091879166
    }, 
    "Ar39": {
        "error": 0.32026476912980251, 
        "fit": "parabolic", 
        "value": 1032.305553421098
    }, 
    "Ar40": {
        "error": 0.85884428059553886, 
        "fit": "parabolic", 
        "value": 4236.5474527244742
    }, 
    "Ar41": {
        "error": 0.12427203406384998, 
        "fit": "average_SEM", 
        "value": 0.079674436120549211
    }
}