{
    "Ar36": {
        "error": 0.0030785365700292332, 
        "fit": "parabolic", 
        "value": 0.036804964539193477
    }, 
    "Ar37": {
        "error": 0.14303029996400418, 
        "fit": "linear", 
        "value": 1.7586295631263917
    }, 
    "Ar38": {
        "error": 0.1937106954287475, 
        "fit": "linear", 
        "value": 16.126439696262288
    }, 
    "Ar39": {
        "error": 0.340329006664089, 
        "fit": "parabolic", 
        "value": 1314.260120112961
    }, 
    "Ar40": {
        "error": 0.93657453380206956, 
        "fit": "parabolic", 
        "value": 5398.4375344862092
    }, 
    "Ar41": {
        "error": 0.11789829760893107, 
        "fit": "average_SEM", 
        "value": 0.10895092672028113
    }
}