{
    "Ar36": {
        "error": 0.0026185705123379097, 
        "fit": "parabolic", 
        "value": 0.033604457243258411
    }, 
    "Ar37": {
        "error": 0.13672782977151626, 
        "fit": "linear", 
        "value": 1.2904237098210987
    }, 
    "Ar38": {
        "error": 0.19077049661119949, 
        "fit": "linear", 
        "value": 11.562028518582395
    }, 
    "Ar39": {
        "error": 0.2649832246735267, 
        "fit": "parabolic", 
        "value": 947.62091316411829
    }, 
    "Ar40": {
        "error": 0.81282551277828841, 
        "fit": "parabolic", 
        "value": 3893.9608501469756
    }, 
    "Ar41": {
        "error": 0.12533927527311323, 
        "fit": "average_SEM", 
        "value": 0.067550408555944158
    }
}