{
    "Ar36": {
        "error": 0.002580511061799406, 
        "fit": "parabolic", 
        "value": 0.025532279804829527
    }, 
    "Ar37": {
        "error": 0.13908135056396559, 
        "fit": "linear", 
        "value": 1.350455290100504
    }, 
    "Ar38": {
        "error": 0.18137877984169462, 
        "fit": "linear", 
        "value": 12.577456280248345
    }, 
    "Ar39": {
        "error": 0.3011402152689614, 
        "fit": "parabolic", 
        "value": 1024.5751656066168
    }, 
    "Ar40": {
        "error": 0.83034109127832134, 
        "fit": "parabolic", 
        "value": 4207.0037500933686
    }, 
    "Ar41": {
        "error": 0.12042294416697405, 
        "fit": "average_SEM", 
        "value": 0.07326532823877642
    }
}