{
    "Ar36": {
        "error": 0.0031970318745726594, 
        "fit": "parabolic", 
        "value": 0.049547769980930009
    }, 
    "Ar37": {
        "error": 0.13487663607019668, 
        "fit": "linear", 
        "value": 1.9165081449669543
    }, 
    "Ar38": {
        "error": 0.18988467079347507, 
        "fit": "linear", 
        "value": 16.623460581019003
    }, 
    "Ar39": {
        "error": 0.32185617509180814, 
        "fit": "parabolic", 
        "value": 1350.9591895127169
    }, 
    "Ar40": {
        "error": 0.9273768479943495, 
        "fit": "parabolic", 
        "value": 5551.1099906717664
    }, 
    "Ar41": {
        "error": 0.1189588136874128, 
        "fit": "average_SEM", 
        "value": 0.11168112525887409
    }
}