{
    "Ar36": {
        "error": 0.0026262790214011751, 
        "fit": "parabolic", 
        "value": 0.033365392723145135
    }, 
    "Ar37": {
        "error": 0.13721141556645994, 
        "fit": "linear", 
        "value": 1.4629767499086515
    }, 
    "Ar38": {
        "error": 0.19424922185644367, 
        "fit": "linear", 
        "value": 13.817797536972835
    }, 
    "Ar39": {
        "error": 0.31011020577925452, 
        "fit": "parabolic", 
        "value": 1130.5814185956961
    }, 
    "Ar40": {
        "error": 0.91198128006848056, 
        "fit": "parabolic", 
        "value": 4643.6339244467435
    }, 
    "Ar41": {
        "error": 0.11698206028595359, 
        "fit": "average_SEM", 
        "value": 0.085922989024111301
    }
}