{
    "Ar36": {
        "error": 0.0031459756106599472, 
        "fit": "parabolic", 
        "value": 0.045487030349375734
    }, 
    "Ar37": {
        "error": 0.13353523275141396, 
        "fit": "linear", 
        "value": 1.2880624843994544
    }, 
    "Ar38": {
        "error": 0.19046880606636679, 
        "fit": "linear", 
        "value": 12.675811422559768
    }, 
    "Ar39": {
        "error": 0.28992725704801781, 
        "fit": "parabolic", 
        "value": 1032.5667806284955
    }, 
    "Ar40": {
        "error": 0.89052723450334115, 
        "fit": "parabolic", 
        "value": 4245.1371351748749
    }, 
    "Ar41": {
        "error": 0.11828333792682703, 
        "fit": "average_SEM", 
        "value": 0.074559180250580545
    }
}