{
    "Ar36": {
        "error": 0.0010861630405447015, 
        "fit": "linear", 
        "value": 0.0060077168502663224
    }, 
    "Ar37": {
        "error": 0.1516358894162762, 
        "fit": "linear", 
        "value": 0.19142138972447287
    }, 
    "Ar38": {
        "error": 0.14868878963330326, 
        "fit": "linear", 
        "value": 1.4996957377942093
    }, 
    "Ar39": {
        "error": 0.11436208113741832, 
        "fit": "linear", 
        "value": 132.73118771053149
    }, 
    "Ar40": {
        "error": 0.33991373113908618, 
        "fit": "linear", 
        "value": 543.86186269484188
    }, 
    "Ar41": {
        "error": 0.11404054121952428, 
        "fit": "average_SEM", 
        "value": 0.24210320812960465
    }
}