{
    "Ar36": {
        "error": 0.00091584528032285985, 
        "fit": "linear", 
        "value": 0.0040573812897325657
    }, 
    "Ar37": {
        "error": 0.14331373189267804, 
        "fit": "linear", 
        "value": 0.065551079118430333
    }, 
    "Ar38": {
        "error": 0.16584434506399445, 
        "fit": "linear", 
        "value": -0.1154945621806551
    }, 
    "Ar39": {
        "error": 0.060321259590700733, 
        "fit": "linear", 
        "value": 2.2283225501080839
    }, 
    "Ar40": {
        "error": 0.13038810305444334, 
        "fit": "linear", 
        "value": 10.229486566111653
    }, 
    "Ar41": {
        "error": 0.116526458580751, 
        "fit": "average_SEM", 
        "value": 0.22237327895592898
    }
}