{
    "Ar36": {
        "error": 0.0015413614658361433, 
        "fit": "linear", 
        "value": 0.010449857206519478
    }, 
    "Ar37": {
        "error": 0.12749465339638733, 
        "fit": "linear", 
        "value": 0.66400434684107745
    }, 
    "Ar38": {
        "error": 0.17935118590589041, 
        "fit": "linear", 
        "value": 6.1181339448742875
    }, 
    "Ar39": {
        "error": 0.22645737124860296, 
        "fit": "linear", 
        "value": 510.51180670034444
    }, 
    "Ar40": {
        "error": 0.59295449279305679, 
        "fit": "linear", 
        "value": 2091.0430156453303
    }, 
    "Ar41": {
        "error": 0.13220251143152054, 
        "fit": "average_SEM", 
        "value": 0.28701242644339797
    }
}