{
    "Ar36": {
        "error": 0.00088489739859116479, 
        "fit": "linear", 
        "value": 0.0038525349507367874
    }, 
    "Ar37": {
        "error": 0.13806365257609432, 
        "fit": "linear", 
        "value": 0.087242299196628528
    }, 
    "Ar38": {
        "error": 0.15568824649363941, 
        "fit": "linear", 
        "value": -0.14802753745372516
    }, 
    "Ar39": {
        "error": 0.060883988437374623, 
        "fit": "linear", 
        "value": 0.22406047777627885
    }, 
    "Ar40": {
        "error": 0.13309597457054495, 
        "fit": "linear", 
        "value": 1.9891218022225332
    }, 
    "Ar41": {
        "error": 0.11903943561545188, 
        "fit": "average_SEM", 
        "value": 0.23762857889135677
    }
}