{
    "Ar36": {
        "error": 0.0011191313510314639, 
        "fit": "linear", 
        "value": 0.0055568394077261142
    }, 
    "Ar37": {
        "error": 0.12084787406508717, 
        "fit": "linear", 
        "value": 0.043200155903911484
    }, 
    "Ar38": {
        "error": 0.14906747877790946, 
        "fit": "linear", 
        "value": 0.48279418806025542
    }, 
    "Ar39": {
        "error": 0.075644215387325825, 
        "fit": "linear", 
        "value": 49.627380734513082
    }, 
    "Ar40": {
        "error": 0.23015646815214766, 
        "fit": "linear", 
        "value": 204.09331463808854
    }, 
    "Ar41": {
        "error": 0.12096616751810593, 
        "fit": "average_SEM", 
        "value": 0.25668675517508138
    }
}