{
    "Ar36": {
        "error": 0.0010317277279063982, 
        "fit": "linear", 
        "value": 0.005756319200497453
    }, 
    "Ar37": {
        "error": 0.13956463640288297, 
        "fit": "linear", 
        "value": 0.0068740925766196115
    }, 
    "Ar38": {
        "error": 0.13616420323804765, 
        "fit": "linear", 
        "value": 0.063617752339328232
    }, 
    "Ar39": {
        "error": 0.067133381895679675, 
        "fit": "linear", 
        "value": 22.317689710856698
    }, 
    "Ar40": {
        "error": 0.18795589212146521, 
        "fit": "linear", 
        "value": 93.319181617859101
    }, 
    "Ar41": {
        "error": 0.12091359862040658, 
        "fit": "average_SEM", 
        "value": 0.24302667132268349
    }
}