{
    "Ar36": {
        "error": 0.00098656998388524288, 
        "fit": "linear", 
        "value": 0.0049950924014059064
    }, 
    "Ar37": {
        "error": 0.13947128910642353, 
        "fit": "linear", 
        "value": 0.076242832995592369
    }, 
    "Ar38": {
        "error": 0.13099730159849296, 
        "fit": "linear", 
        "value": -0.013559098585478789
    }, 
    "Ar39": {
        "error": 0.066842972941758422, 
        "fit": "linear", 
        "value": 15.822293938198365
    }, 
    "Ar40": {
        "error": 0.14308404801731289, 
        "fit": "linear", 
        "value": 66.433267694443202
    }, 
    "Ar41": {
        "error": 0.11945324293577381, 
        "fit": "average_SEM", 
        "value": 0.22557798676813642
    }
}