{
    "Ar36": {
        "error": 0.00091793923193792437, 
        "fit": "linear", 
        "value": 0.0044203592646318308
    }, 
    "Ar37": {
        "error": 0.14500440997044139, 
        "fit": "linear", 
        "value": 0.076245892309284996
    }, 
    "Ar38": {
        "error": 0.1617079909043608, 
        "fit": "linear", 
        "value": 0.37804434105317575
    }, 
    "Ar39": {
        "error": 0.078046598754159063, 
        "fit": "linear", 
        "value": 39.565948084789213
    }, 
    "Ar40": {
        "error": 0.20712728851509687, 
        "fit": "linear", 
        "value": 163.61490957229364
    }, 
    "Ar41": {
        "error": 0.12620752175795136, 
        "fit": "average_SEM", 
        "value": 0.23237374703710278
    }
}