{
    "Ar36": {
        "error": 0.0010749314647380069, 
        "fit": "linear", 
        "value": 0.0059589340801642094
    }, 
    "Ar37": {
        "error": 0.14350706463519158, 
        "fit": "linear", 
        "value": 0.31240198829233196
    }, 
    "Ar38": {
        "error": 0.13004702804430721, 
        "fit": "linear", 
        "value": 2.8104255349303777
    }, 
    "Ar39": {
        "error": 0.17249020847273316, 
        "fit": "linear", 
        "value": 239.45376350388796
    }, 
    "Ar40": {
        "error": 0.38574048188518617, 
        "fit": "linear", 
        "value": 982.26797880204754
    }, 
    "Ar41": {
        "error": 0.11040138690376824, 
        "fit": "average_SEM", 
        "value": 0.23221892222606888
    }
}