{
    "Ar36": {
        "error": 0.0013256688818346946, 
        "fit": "linear", 
        "value": 0.0095811518333703653
    }, 
    "Ar37": {
        "error": 0.12302752738109338, 
        "fit": "linear", 
        "value": 0.23701014532362397
    }, 
    "Ar38": {
        "error": 0.16185291436135829, 
        "fit": "linear", 
        "value": 2.2676412649177795
    }, 
    "Ar39": {
        "error": 0.13914320536230543, 
        "fit": "linear", 
        "value": 194.63776270331167
    }, 
    "Ar40": {
        "error": 0.39799251520855267, 
        "fit": "linear", 
        "value": 798.7232386219406
    }, 
    "Ar41": {
        "error": 0.1195594317067571, 
        "fit": "average_SEM", 
        "value": 0.26854968038698035
    }
}