{
    "Ar36": {
        "error": 0.0012197023535254552, 
        "fit": "linear", 
        "value": 0.0084903202374649878
    }, 
    "Ar37": {
        "error": 0.1322344029320856, 
        "fit": "linear", 
        "value": 0.10850279250924985
    }, 
    "Ar38": {
        "error": 0.16032122319755246, 
        "fit": "linear", 
        "value": 0.49863137144287506
    }, 
    "Ar39": {
        "error": 0.087822183353429617, 
        "fit": "linear", 
        "value": 54.005730882012976
    }, 
    "Ar40": {
        "error": 0.19267300465266179, 
        "fit": "linear", 
        "value": 222.61436479987998
    }, 
    "Ar41": {
        "error": 0.12040655944916472, 
        "fit": "average_SEM", 
        "value": 0.23321182125325626
    }
}