{
    "Ar36": {
        "error": 0.00097633346844018239, 
        "fit": "linear", 
        "value": 0.0056035022648174473
    }, 
    "Ar37": {
        "error": 0.14164519103593579, 
        "fit": "linear", 
        "value": 0.042919346565903599
    }, 
    "Ar38": {
        "error": 0.13670995528831273, 
        "fit": "linear", 
        "value": 0.51554440996917572
    }, 
    "Ar39": {
        "error": 0.08431349085689141, 
        "fit": "linear", 
        "value": 54.486751814400783
    }, 
    "Ar40": {
        "error": 0.25080842216188914, 
        "fit": "linear", 
        "value": 223.92776238273353
    }, 
    "Ar41": {
        "error": 0.1030133165462422, 
        "fit": "average_SEM", 
        "value": -0.033914901231570788
    }
}