{
    "Ar36": {
        "error": 0.0011382890953896716, 
        "fit": "linear", 
        "value": 0.005911011174018722
    }, 
    "Ar37": {
        "error": 0.13293874497160477, 
        "fit": "linear", 
        "value": 0.11485159285982448
    }, 
    "Ar38": {
        "error": 0.15313858433485958, 
        "fit": "linear", 
        "value": 1.1874313727305668
    }, 
    "Ar39": {
        "error": 0.11289661420925269, 
        "fit": "linear", 
        "value": 105.10847654817398
    }, 
    "Ar40": {
        "error": 0.30217944350952231, 
        "fit": "linear", 
        "value": 430.51575357976793
    }, 
    "Ar41": {
        "error": 0.10840232046360113, 
        "fit": "average_SEM", 
        "value": 0.24983706271275877
    }
}