{
    "Ar36": {
        "error": 0.00088698624007616151, 
        "fit": "linear", 
        "value": 0.0035724900270226907
    }, 
    "Ar37": {
        "error": 0.13830274057622899, 
        "fit": "linear", 
        "value": 0.05173861148519205
    }, 
    "Ar38": {
        "error": 0.14162939552385767, 
        "fit": "linear", 
        "value": -0.14706434426690934
    }, 
    "Ar39": {
        "error": 0.059882481199979798, 
        "fit": "linear", 
        "value": 0.21609269411886353
    }, 
    "Ar40": {
        "error": 0.12543561843354911, 
        "fit": "linear", 
        "value": 1.7680821289771038
    }, 
    "Ar41": {
        "error": 0.1275134188750188, 
        "fit": "average_SEM", 
        "value": 0.2347139283211436
    }
}