{
    "Ar36": {
        "error": 0.00093770856813979876, 
        "fit": "linear", 
        "value": 0.0037976688510791001
    }, 
    "Ar37": {
        "error": 0.14020941317534436, 
        "fit": "linear", 
        "value": 0.018970112111393198
    }, 
    "Ar38": {
        "error": 0.16174377900555889, 
        "fit": "linear", 
        "value": -0.13925403433862912
    }, 
    "Ar39": {
        "error": 0.063169465121860932, 
        "fit": "linear", 
        "value": 1.1701371429323069
    }, 
    "Ar40": {
        "error": 0.13311008209881098, 
        "fit": "linear", 
        "value": 5.8150606050477167
    }, 
    "Ar41": {
        "error": 0.12141957862350149, 
        "fit": "average_SEM", 
        "value": 0.22708957005292177
    }
}