{
    "Ar36": {
        "error": 0.0010560703095198452, 
        "fit": "linear", 
        "value": 0.0042357344747353054
    }, 
    "Ar37": {
        "error": 0.14823167740569776, 
        "fit": "linear", 
        "value": 0.037812040826005727
    }, 
    "Ar38": {
        "error": 0.13893035141472421, 
        "fit": "linear", 
        "value": -0.077213850513928248
    }, 
    "Ar39": {
        "error": 0.066732701217020074, 
        "fit": "linear", 
        "value": 8.563689722654761
    }, 
    "Ar40": {
        "error": 0.1606499868798919, 
        "fit": "linear", 
        "value": 36.468912135965098
    }, 
    "Ar41": {
        "error": 0.11729271732294856, 
        "fit": "average_SEM", 
        "value": 0.21507226215985914
    }
}