{
    "Ar36": {
        "error": 0.00092129931844702948, 
        "fit": "linear", 
        "value": 0.0044357933154042465
    }, 
    "Ar37": {
        "error": 0.13502983863090326, 
        "fit": "linear", 
        "value": 0.018162126088856548
    }, 
    "Ar38": {
        "error": 0.14972233765948087, 
        "fit": "linear", 
        "value": -0.12463050291766947
    }, 
    "Ar39": {
        "error": 0.061562583092499464, 
        "fit": "linear", 
        "value": 3.3536259215307354
    }, 
    "Ar40": {
        "error": 0.1382998746105937, 
        "fit": "linear", 
        "value": 14.932474823759101
    }, 
    "Ar41": {
        "error": 0.12560641950142429, 
        "fit": "average_SEM", 
        "value": 0.22313764627557248
    }
}