{
    "Ar36": {
        "error": 0.0008947919716121303, 
        "fit": "linear", 
        "value": 0.003627221976757643
    }, 
    "Ar37": {
        "error": 0.14208459896612541, 
        "fit": "linear", 
        "value": 0.0036089488158017628
    }, 
    "Ar38": {
        "error": 0.13835415235910997, 
        "fit": "linear", 
        "value": -0.11391911673112398
    }, 
    "Ar39": {
        "error": 0.057538850642803896, 
        "fit": "linear", 
        "value": 2.8193300220670494
    }, 
    "Ar40": {
        "error": 0.13110624856890149, 
        "fit": "linear", 
        "value": 12.429785566179969
    }, 
    "Ar41": {
        "error": 0.12451569668602423, 
        "fit": "average_SEM", 
        "value": 0.23541506189697733
    }
}