{
    "Ar36": {
        "error": 0.001015812355229617, 
        "fit": "linear", 
        "value": 0.0056588991861343408
    }, 
    "Ar37": {
        "error": 0.12012500046857685, 
        "fit": "linear", 
        "value": 0.10051704342134472
    }, 
    "Ar38": {
        "error": 0.13860986323657293, 
        "fit": "linear", 
        "value": 0.7813464684437561
    }, 
    "Ar39": {
        "error": 0.1026004142003597, 
        "fit": "linear", 
        "value": 70.813101130784077
    }, 
    "Ar40": {
        "error": 0.240851592935623, 
        "fit": "linear", 
        "value": 291.19121117088531
    }, 
    "Ar41": {
        "error": 0.12372825700818242, 
        "fit": "average_SEM", 
        "value": 0.25278457341715693
    }
}