{
    "Ar36": {
        "error": 0.0021410798586053879, 
        "fit": "linear", 
        "value": 0.021577714059609697
    }, 
    "Ar37": {
        "error": 0.14098920255399622, 
        "fit": "linear", 
        "value": 0.25415626572790917
    }, 
    "Ar38": {
        "error": 0.16264820382490069, 
        "fit": "linear", 
        "value": 2.2943362657433193
    }, 
    "Ar39": {
        "error": 0.12725041193844108, 
        "fit": "linear", 
        "value": 195.55144098775179
    }, 
    "Ar40": {
        "error": 0.35057999870622014, 
        "fit": "linear", 
        "value": 806.16074450583415
    }, 
    "Ar41": {
        "error": 0.12964985819263028, 
        "fit": "average_SEM", 
        "value": 0.24394481017254294
    }
}