{
    "Ar36": {
        "error": 0.00086207872245351645, 
        "fit": "linear", 
        "value": 0.0037140725785484927
    }, 
    "Ar37": {
        "error": 0.14897816293594854, 
        "fit": "linear", 
        "value": 0.036790484231946675
    }, 
    "Ar38": {
        "error": 0.14481093267191633, 
        "fit": "linear", 
        "value": -0.16153766501181077
    }, 
    "Ar39": {
        "error": 0.060549926275963388, 
        "fit": "linear", 
        "value": 0.088847077159698654
    }, 
    "Ar40": {
        "error": 0.12177031984281325, 
        "fit": "linear", 
        "value": 1.3083445301181231
    }, 
    "Ar41": {
        "error": 0.12102556524794994, 
        "fit": "average_SEM", 
        "value": 0.22300188375016053
    }
}