{
    "Ar36": {
        "error": 0.0011166054831338343, 
        "fit": "linear", 
        "value": 0.0053967885881919496
    }, 
    "Ar37": {
        "error": 0.1379839315953883, 
        "fit": "linear", 
        "value": 0.11697603520394531
    }, 
    "Ar38": {
        "error": 0.16948185460677703, 
        "fit": "linear", 
        "value": 0.42307976191152119
    }, 
    "Ar39": {
        "error": 0.090792688278909434, 
        "fit": "linear", 
        "value": 44.808774837033482
    }, 
    "Ar40": {
        "error": 0.20558102212019605, 
        "fit": "linear", 
        "value": 185.47363464134804
    }, 
    "Ar41": {
        "error": 0.12658214780516483, 
        "fit": "average_SEM", 
        "value": 0.22256323418269555
    }
}