{
    "Ar36": {
        "error": 0.0012519716385228084, 
        "fit": "linear", 
        "value": 0.0069429286201836736
    }, 
    "Ar37": {
        "error": 0.11520288265605289, 
        "fit": "linear", 
        "value": 0.037933970036206938
    }, 
    "Ar38": {
        "error": 0.16003341091224479, 
        "fit": "linear", 
        "value": -0.0049123343319356326
    }, 
    "Ar39": {
        "error": 0.062709110309684013, 
        "fit": "linear", 
        "value": 11.191270834850766
    }, 
    "Ar40": {
        "error": 0.15613957714515342, 
        "fit": "linear", 
        "value": 47.783565504417652
    }, 
    "Ar41": {
        "error": 0.12662197370502909, 
        "fit": "average_SEM", 
        "value": 0.24627279550089345
    }
}