{
    "Ar36": {
        "error": 0.00090249868624438765, 
        "fit": "linear", 
        "value": 0.0040735759672498413
    }, 
    "Ar37": {
        "error": 0.13447941041909078, 
        "fit": "linear", 
        "value": 0.038368792668873608
    }, 
    "Ar38": {
        "error": 0.14220335550210692, 
        "fit": "linear", 
        "value": -0.032101992468868114
    }, 
    "Ar39": {
        "error": 0.067397463281246087, 
        "fit": "linear", 
        "value": 9.2617223532025097
    }, 
    "Ar40": {
        "error": 0.1489141388347954, 
        "fit": "linear", 
        "value": 39.430504097920988
    }, 
    "Ar41": {
        "error": 0.13097849015381186, 
        "fit": "average_SEM", 
        "value": -0.03416130050861587
    }
}