{
    "Ar36": {
        "error": 0.0012022708196829112, 
        "fit": "linear", 
        "value": 0.0080557715493603087
    }, 
    "Ar37": {
        "error": 0.1432587695776405, 
        "fit": "linear", 
        "value": 0.026372499096607271
    }, 
    "Ar38": {
        "error": 0.16221346345224955, 
        "fit": "linear", 
        "value": -0.14872200980079447
    }, 
    "Ar39": {
        "error": 0.055425324268249913, 
        "fit": "linear", 
        "value": 1.3552252518427976
    }, 
    "Ar40": {
        "error": 0.13122509365811899, 
        "fit": "linear", 
        "value": 8.477042323545195
    }, 
    "Ar41": {
        "error": 0.12582053479214048, 
        "fit": "average_SEM", 
        "value": 0.23284201122616652
    }
}