{
    "Ar36": {
        "error": 0.00096049372783649917, 
        "fit": "linear", 
        "value": 0.0042763417745334438
    }, 
    "Ar37": {
        "error": 0.14262552574849041, 
        "fit": "linear", 
        "value": 0.020655940356486314
    }, 
    "Ar38": {
        "error": 0.14272875675801658, 
        "fit": "linear", 
        "value": -0.13720797963986076
    }, 
    "Ar39": {
        "error": 0.062679252075398678, 
        "fit": "linear", 
        "value": 1.0055097969706974
    }, 
    "Ar40": {
        "error": 0.15117577485398212, 
        "fit": "linear", 
        "value": 5.0808031619947069
    }, 
    "Ar41": {
        "error": 0.10989293273543213, 
        "fit": "average_SEM", 
        "value": 0.24359307530025642
    }
}