{
    "Ar36": {
        "error": 0.0009438374064064121, 
        "fit": "linear", 
        "value": 0.0040737258752262268
    }, 
    "Ar37": {
        "error": 0.13848020039006823, 
        "fit": "linear", 
        "value": 0.045564926195798404
    }, 
    "Ar38": {
        "error": 0.14216351963219692, 
        "fit": "linear", 
        "value": -0.032741651611285741
    }, 
    "Ar39": {
        "error": 0.065832611356650445, 
        "fit": "linear", 
        "value": 8.3768177757035254
    }, 
    "Ar40": {
        "error": 0.15707342941720837, 
        "fit": "linear", 
        "value": 35.857920912166392
    }, 
    "Ar41": {
        "error": 0.11709742664051383, 
        "fit": "average_SEM", 
        "value": 0.24473135581860939
    }
}