{
    "Ar36": {
        "error": 0.00089470327695621149, 
        "fit": "linear", 
        "value": 0.004003956624628954
    }, 
    "Ar37": {
        "error": 0.13107463609764733, 
        "fit": "linear", 
        "value": -0.0013340960314841481
    }, 
    "Ar38": {
        "error": 0.14450118081472851, 
        "fit": "linear", 
        "value": -0.12410238591136676
    }, 
    "Ar39": {
        "error": 0.055133898109725556, 
        "fit": "linear", 
        "value": 0.67651271411224934
    }, 
    "Ar40": {
        "error": 0.13297715613823655, 
        "fit": "linear", 
        "value": 3.6712919514072384
    }, 
    "Ar41": {
        "error": 0.11464837282341506, 
        "fit": "average_SEM", 
        "value": 0.23678304068123301
    }
}