{
    "Ar36": {
        "error": 0.0010798005422820534, 
        "fit": "linear", 
        "value": 0.0053867644359699316
    }, 
    "Ar37": {
        "error": 0.13691002380117623, 
        "fit": "linear", 
        "value": 0.12478222949351009
    }, 
    "Ar38": {
        "error": 0.12898034538694417, 
        "fit": "linear", 
        "value": 0.54989369973670776
    }, 
    "Ar39": {
        "error": 0.085959839742849431, 
        "fit": "linear", 
        "value": 55.280383548004849
    }, 
    "Ar40": {
        "error": 0.23155483467167062, 
        "fit": "linear", 
        "value": 227.04617577420782
    }, 
    "Ar41": {
        "error": 0.12221402213323662, 
        "fit": "average_SEM", 
        "value": 0.24982958388670037
    }
}