{
    "Ar36": {
        "error": 0.0014113721106970372, 
        "fit": "linear", 
        "value": 0.0095849435981631842
    }, 
    "Ar37": {
        "error": 0.15968578089275196, 
        "fit": "linear", 
        "value": 0.1408761120714957
    }, 
    "Ar38": {
        "error": 0.16152089913988918, 
        "fit": "linear", 
        "value": 1.1744808538792393
    }, 
    "Ar39": {
        "error": 0.11626898059869435, 
        "fit": "linear", 
        "value": 106.97475220542395
    }, 
    "Ar40": {
        "error": 0.27340219677108651, 
        "fit": "linear", 
        "value": 438.88720500625777
    }, 
    "Ar41": {
        "error": 0.12408988807388881, 
        "fit": "average_SEM", 
        "value": 0.23074858459023137
    }
}