{
    "Ar36": {
        "error": 0.00085216397915315793, 
        "fit": "linear", 
        "value": 0.0036094083327116058
    }, 
    "Ar37": {
        "error": 0.12430551969503184, 
        "fit": "linear", 
        "value": 0.031558118732331934
    }, 
    "Ar38": {
        "error": 0.14673122348984244, 
        "fit": "linear", 
        "value": -0.11119628040657356
    }, 
    "Ar39": {
        "error": 0.06098268042712017, 
        "fit": "linear", 
        "value": 0.34969800321891742
    }, 
    "Ar40": {
        "error": 0.12856101005380857, 
        "fit": "linear", 
        "value": 2.3549702898006029
    }, 
    "Ar41": {
        "error": 0.1139973690271051, 
        "fit": "average_SEM", 
        "value": 0.23248821953311563
    }
}