{
    "Ar36": {
        "error": 0.0010574587817371002, 
        "fit": "linear", 
        "value": 0.0047303241103017948
    }, 
    "Ar37": {
        "error": 0.15088427638502591, 
        "fit": "linear", 
        "value": 0.093934005202082033
    }, 
    "Ar38": {
        "error": 0.16720873936308359, 
        "fit": "linear", 
        "value": 0.32802518116625168
    }, 
    "Ar39": {
        "error": 0.079997857181597923, 
        "fit": "linear", 
        "value": 41.939794976112424
    }, 
    "Ar40": {
        "error": 0.18386368007156201, 
        "fit": "linear", 
        "value": 173.99826948161353
    }, 
    "Ar41": {
        "error": 0.12123141605487786, 
        "fit": "average_SEM", 
        "value": 0.24132176581770182
    }
}