{
    "Ar36": {
        "error": 0.00089015554209216727, 
        "fit": "linear", 
        "value": 0.0042001420021398339
    }, 
    "Ar37": {
        "error": 0.13367468129295509, 
        "fit": "linear", 
        "value": 0.053690405487949677
    }, 
    "Ar38": {
        "error": 0.13971593002912966, 
        "fit": "linear", 
        "value": 0.038064919188684418
    }, 
    "Ar39": {
        "error": 0.075252368525229291, 
        "fit": "linear", 
        "value": 21.971520697610039
    }, 
    "Ar40": {
        "error": 0.17259070263497106, 
        "fit": "linear", 
        "value": 91.882758658933284
    }, 
    "Ar41": {
        "error": 0.12776899841551576, 
        "fit": "average_SEM", 
        "value": 0.22229082738359771
    }
}