{
    "Ar36": {
        "error": 0.00090172281215197857, 
        "fit": "linear", 
        "value": 0.0039708910411340595
    }, 
    "Ar37": {
        "error": 0.13067482682191642, 
        "fit": "linear", 
        "value": 0.035520448817777481
    }, 
    "Ar38": {
        "error": 0.14150109142798684, 
        "fit": "linear", 
        "value": -0.084577521372229791
    }, 
    "Ar39": {
        "error": 0.067685970410352445, 
        "fit": "linear", 
        "value": 5.1581384541676041
    }, 
    "Ar40": {
        "error": 0.14677508686233273, 
        "fit": "linear", 
        "value": 22.087461617406522
    }, 
    "Ar41": {
        "error": 0.11915758716501153, 
        "fit": "average_SEM", 
        "value": 0.21997581971498828
    }
}