{
    "Ar36": {
        "error": 0.00086808862896931916, 
        "fit": "linear", 
        "value": 0.0038737188451177275
    }, 
    "Ar37": {
        "error": 0.12892176015292356, 
        "fit": "linear", 
        "value": 0.024514541987848512
    }, 
    "Ar38": {
        "error": 0.13970613360794831, 
        "fit": "linear", 
        "value": -0.071067460626413254
    }, 
    "Ar39": {
        "error": 0.067662811509977827, 
        "fit": "linear", 
        "value": 6.0100805204346539
    }, 
    "Ar40": {
        "error": 0.14445634731038473, 
        "fit": "linear", 
        "value": 25.685697310226132
    }, 
    "Ar41": {
        "error": 0.12550895399727799, 
        "fit": "average_SEM", 
        "value": 0.24958842447648447
    }
}