{
    "Ar36": {
        "error": 0.0012448317162149201, 
        "fit": "linear", 
        "value": 0.007494684002777521
    }, 
    "Ar37": {
        "error": 0.12908641140895741, 
        "fit": "linear", 
        "value": 0.33977628269178139
    }, 
    "Ar38": {
        "error": 0.17249355377868769, 
        "fit": "linear", 
        "value": 3.2917389298519009
    }, 
    "Ar39": {
        "error": 0.15983245291050496, 
        "fit": "linear", 
        "value": 277.14119119631198
    }, 
    "Ar40": {
        "error": 0.42672178733930699, 
        "fit": "linear", 
        "value": 1134.5345675142696
    }, 
    "Ar41": {
        "error": 0.11897304309214873, 
        "fit": "average_SEM", 
        "value": 0.27793468556056422
    }
}