{
    "Ar36": {
        "error": 0.0010747404474464254, 
        "fit": "linear", 
        "value": 0.0049184963320502732
    }, 
    "Ar37": {
        "error": 0.12052910981902126, 
        "fit": "linear", 
        "value": 0.051440445477102997
    }, 
    "Ar38": {
        "error": 0.16549184328865088, 
        "fit": "linear", 
        "value": 0.34684747262029569
    }, 
    "Ar39": {
        "error": 0.077296306407060603, 
        "fit": "linear", 
        "value": 38.021863127721602
    }, 
    "Ar40": {
        "error": 0.20476312520774062, 
        "fit": "linear", 
        "value": 157.45257404130297
    }, 
    "Ar41": {
        "error": 0.12601230387421342, 
        "fit": "average_SEM", 
        "value": 0.24672843109816311
    }
}