{
    "Ar36": {
        "error": 0.00091602903915570999, 
        "fit": "linear", 
        "value": 0.0040944814704177686
    }, 
    "Ar37": {
        "error": 0.14877141553152184, 
        "fit": "linear", 
        "value": 0.048961725682540896
    }, 
    "Ar38": {
        "error": 0.14148995589268892, 
        "fit": "linear", 
        "value": 0.17229742266888884
    }, 
    "Ar39": {
        "error": 0.068078886968825317, 
        "fit": "linear", 
        "value": 26.446286742289111
    }, 
    "Ar40": {
        "error": 0.17748905078524216, 
        "fit": "linear", 
        "value": 110.50897898654432
    }, 
    "Ar41": {
        "error": 0.12830860964685606, 
        "fit": "average_SEM", 
        "value": 0.23143929385890563
    }
}