{
    "Ar36": {
        "error": 0.00089818770446942328, 
        "fit": "linear", 
        "value": 0.0035576335323332579
    }, 
    "Ar37": {
        "error": 0.13605846208143338, 
        "fit": "linear", 
        "value": 0.017840692993127041
    }, 
    "Ar38": {
        "error": 0.13991887902070274, 
        "fit": "linear", 
        "value": -0.10345734681337114
    }, 
    "Ar39": {
        "error": 0.061142316101917601, 
        "fit": "linear", 
        "value": 3.1579463096287985
    }, 
    "Ar40": {
        "error": 0.15398372419580897, 
        "fit": "linear", 
        "value": 14.038911293589706
    }, 
    "Ar41": {
        "error": 0.12343432767293508, 
        "fit": "average_SEM", 
        "value": 0.25576513027617087
    }
}