{
    "Ar36": {
        "error": 0.0010502616249299327, 
        "fit": "linear", 
        "value": 0.0062486097614799282
    }, 
    "Ar37": {
        "error": 0.13529510686452165, 
        "fit": "linear", 
        "value": 0.08039529584171648
    }, 
    "Ar38": {
        "error": 0.12828364737036685, 
        "fit": "linear", 
        "value": 0.62589462747542757
    }, 
    "Ar39": {
        "error": 0.093565984959734561, 
        "fit": "linear", 
        "value": 63.468374444045139
    }, 
    "Ar40": {
        "error": 0.2296294127244595, 
        "fit": "linear", 
        "value": 260.9013534651495
    }, 
    "Ar41": {
        "error": 0.13139294880137739, 
        "fit": "average_SEM", 
        "value": 0.21831324324477464
    }
}