{
    "Ar36": {
        "error": 0.0010321556553951905, 
        "fit": "linear", 
        "value": 0.0041689177249585241
    }, 
    "Ar37": {
        "error": 0.14349795736789142, 
        "fit": "linear", 
        "value": 0.016990325888590542
    }, 
    "Ar38": {
        "error": 0.16527230770763648, 
        "fit": "linear", 
        "value": -0.16517797224029557
    }, 
    "Ar39": {
        "error": 0.061309224192644722, 
        "fit": "linear", 
        "value": 0.22950480831910738
    }, 
    "Ar40": {
        "error": 0.13061588493061524, 
        "fit": "linear", 
        "value": 2.0128492094194255
    }, 
    "Ar41": {
        "error": 0.11769602025837492, 
        "fit": "average_SEM", 
        "value": 0.22878723974029222
    }
}