{
    "Ar36": {
        "error": 0.00082871773170162895, 
        "fit": "linear", 
        "value": 0.0036774223005556226
    }, 
    "Ar37": {
        "error": 0.12750747772992801, 
        "fit": "linear", 
        "value": -0.024435939846995262
    }, 
    "Ar38": {
        "error": 0.16474320264883188, 
        "fit": "linear", 
        "value": -0.15778349526647784
    }, 
    "Ar39": {
        "error": 0.057265608258262546, 
        "fit": "linear", 
        "value": 0.40046185666792189
    }, 
    "Ar40": {
        "error": 0.15168846319635199, 
        "fit": "linear", 
        "value": 2.5553702230042834
    }, 
    "Ar41": {
        "error": 0.11032351914155197, 
        "fit": "average_SEM", 
        "value": -0.051559844907994069
    }
}