{
    "Ar36": {
        "error": 0.0012887589032169544, 
        "fit": "linear", 
        "value": 0.0086375458486082635
    }, 
    "Ar37": {
        "error": 0.13363378872289139, 
        "fit": "linear", 
        "value": 0.27654808632014138
    }, 
    "Ar38": {
        "error": 0.12342703064425328, 
        "fit": "linear", 
        "value": 2.616559427824904
    }, 
    "Ar39": {
        "error": 0.14816662419326587, 
        "fit": "linear", 
        "value": 223.25558905445556
    }, 
    "Ar40": {
        "error": 0.41461396452249627, 
        "fit": "linear", 
        "value": 915.59634809340196
    }, 
    "Ar41": {
        "error": 0.1282778794212843, 
        "fit": "average_SEM", 
        "value": 0.26100154890989263
    }
}