{
    "Ar36": {
        "error": 0.0011587473144926573, 
        "fit": "linear", 
        "value": 0.0067149154000990556
    }, 
    "Ar37": {
        "error": 0.15434567657313483, 
        "fit": "linear", 
        "value": 0.28311993864035123
    }, 
    "Ar38": {
        "error": 0.15534381239470652, 
        "fit": "linear", 
        "value": 2.6987382410240603
    }, 
    "Ar39": {
        "error": 0.14562406170348272, 
        "fit": "linear", 
        "value": 229.90759825119648
    }, 
    "Ar40": {
        "error": 0.38815102891185388, 
        "fit": "linear", 
        "value": 942.17298196202523
    }, 
    "Ar41": {
        "error": 0.12809028404678027, 
        "fit": "average_SEM", 
        "value": 0.25605097485783818
    }
}