{
    "Ar36": {
        "error": 0.00097584693106281164, 
        "fit": "linear", 
        "value": 0.0035542885601502145
    }, 
    "Ar37": {
        "error": 0.14617641328995692, 
        "fit": "linear", 
        "value": 0.030793502609874401
    }, 
    "Ar38": {
        "error": 0.1514521877708824, 
        "fit": "linear", 
        "value": -0.1300452065292812
    }, 
    "Ar39": {
        "error": 0.067363864744159271, 
        "fit": "linear", 
        "value": 1.0068111259427157
    }, 
    "Ar40": {
        "error": 0.13455170052697432, 
        "fit": "linear", 
        "value": 5.1186566994190059
    }, 
    "Ar41": {
        "error": 0.10277670177195077, 
        "fit": "average_SEM", 
        "value": 0.22231535340038439
    }
}