{
    "Ar36": {
        "error": 0.0010769510045293906, 
        "fit": "linear", 
        "value": 0.0052106834219876313
    }, 
    "Ar37": {
        "error": 0.13775935363726374, 
        "fit": "linear", 
        "value": 0.24089882898436782
    }, 
    "Ar38": {
        "error": 0.1480352548172893, 
        "fit": "linear", 
        "value": 2.0600489913855089
    }, 
    "Ar39": {
        "error": 0.13725656450923462, 
        "fit": "linear", 
        "value": 183.45483200058544
    }, 
    "Ar40": {
        "error": 0.38166070076452269, 
        "fit": "linear", 
        "value": 752.73426554449622
    }, 
    "Ar41": {
        "error": 0.12738599086418254, 
        "fit": "average_SEM", 
        "value": 0.24700891813884179
    }
}