{
    "Ar36": {
        "error": 0.0011713998284460757, 
        "fit": "linear", 
        "value": 0.0079127805164266075
    }, 
    "Ar37": {
        "error": 0.14514232512655711, 
        "fit": "linear", 
        "value": 0.058238516420952631
    }, 
    "Ar38": {
        "error": 0.1343136664659399, 
        "fit": "linear", 
        "value": 0.41403759093447245
    }, 
    "Ar39": {
        "error": 0.079050563412080277, 
        "fit": "linear", 
        "value": 41.650001190145979
    }, 
    "Ar40": {
        "error": 0.22533562793327203, 
        "fit": "linear", 
        "value": 172.51800367780666
    }, 
    "Ar41": {
        "error": 0.13465440609213397, 
        "fit": "average_SEM", 
        "value": 0.23846389303216711
    }
}