{
    "Ar36": {
        "error": 0.00091410866862662689, 
        "fit": "linear", 
        "value": 0.0034144739220438427
    }, 
    "Ar37": {
        "error": 0.14000432942953797, 
        "fit": "linear", 
        "value": -0.0051998723171531938
    }, 
    "Ar38": {
        "error": 0.15810595719526008, 
        "fit": "linear", 
        "value": -0.16396680092330745
    }, 
    "Ar39": {
        "error": 0.062300038727957363, 
        "fit": "linear", 
        "value": 0.20735801077260349
    }, 
    "Ar40": {
        "error": 0.13941631510171668, 
        "fit": "linear", 
        "value": 1.730161275068153
    }, 
    "Ar41": {
        "error": 0.11820504724849554, 
        "fit": "average_SEM", 
        "value": 0.22369356744612257
    }
}