{
    "Ar36": {
        "error": 0.00088762030107466356, 
        "fit": "linear", 
        "value": 0.0039801923721075813
    }, 
    "Ar37": {
        "error": 0.13354357240022768, 
        "fit": "linear", 
        "value": -0.014351531475220792
    }, 
    "Ar38": {
        "error": 0.13056998429349498, 
        "fit": "linear", 
        "value": 0.025502868840861281
    }, 
    "Ar39": {
        "error": 0.071784084640183599, 
        "fit": "linear", 
        "value": 16.343502701512499
    }, 
    "Ar40": {
        "error": 0.17312451738357823, 
        "fit": "linear", 
        "value": 68.416852998689194
    }, 
    "Ar41": {
        "error": 0.12793107763418521, 
        "fit": "average_SEM", 
        "value": 0.24106686455352852
    }
}