{
    "Ar36": {
        "error": 0.0011752459536937114, 
        "fit": "linear", 
        "value": 0.0072374603513262591
    }, 
    "Ar37": {
        "error": 0.12308894861922574, 
        "fit": "linear", 
        "value": 0.010437677144772206
    }, 
    "Ar38": {
        "error": 0.16519746316863515, 
        "fit": "linear", 
        "value": -0.072834183782867004
    }, 
    "Ar39": {
        "error": 0.066533230640595978, 
        "fit": "linear", 
        "value": 5.6786633068742729
    }, 
    "Ar40": {
        "error": 0.14752473201740765, 
        "fit": "linear", 
        "value": 25.237881840134008
    }, 
    "Ar41": {
        "error": 0.12063179797782606, 
        "fit": "average_SEM", 
        "value": 0.22393770471215249
    }
}