{
    "Ar36": {
        "error": 0.0010618708626907464, 
        "fit": "linear", 
        "value": 0.0038744027709787833
    }, 
    "Ar37": {
        "error": 0.15245042824982877, 
        "fit": "linear", 
        "value": 0.0042986316566746303
    }, 
    "Ar38": {
        "error": 0.14856641038499852, 
        "fit": "linear", 
        "value": -0.12345207598666021
    }, 
    "Ar39": {
        "error": 0.059289195401583616, 
        "fit": "linear", 
        "value": 2.4582535804256729
    }, 
    "Ar40": {
        "error": 0.13027092427144357, 
        "fit": "linear", 
        "value": 11.32801458406062
    }, 
    "Ar41": {
        "error": 0.12846637236295116, 
        "fit": "average_SEM", 
        "value": 0.2359502834578355
    }
}