{
    "Ar36": {
        "error": 0.0011263790478071001, 
        "fit": "linear", 
        "value": 0.0061532538939378569
    }, 
    "Ar37": {
        "error": 0.1435392833780649, 
        "fit": "linear", 
        "value": 0.1508721543773387
    }, 
    "Ar38": {
        "error": 0.13715931436574613, 
        "fit": "linear", 
        "value": 0.94897588774554009
    }, 
    "Ar39": {
        "error": 0.11170335010714938, 
        "fit": "linear", 
        "value": 89.407077506508045
    }, 
    "Ar40": {
        "error": 0.29137456817457041, 
        "fit": "linear", 
        "value": 367.13959106020866
    }, 
    "Ar41": {
        "error": 0.11309474696764353, 
        "fit": "average_SEM", 
        "value": 0.23306900783752402
    }
}