{
    "Ar36": {
        "error": 0.0011325214008421434, 
        "fit": "linear", 
        "value": 0.0060241866484505302
    }, 
    "Ar37": {
        "error": 0.14118104677910848, 
        "fit": "linear", 
        "value": 0.10551204085043669
    }, 
    "Ar38": {
        "error": 0.17855153694245832, 
        "fit": "linear", 
        "value": 0.17900982154962247
    }, 
    "Ar39": {
        "error": 0.078262844506574683, 
        "fit": "linear", 
        "value": 28.385538974112951
    }, 
    "Ar40": {
        "error": 0.17674944037361789, 
        "fit": "linear", 
        "value": 117.59905945542658
    }, 
    "Ar41": {
        "error": 0.11155022838928269, 
        "fit": "average_SEM", 
        "value": 0.24440291391685606
    }
}