{
    "Ar36": {
        "error": 0.0012162369015038484, 
        "fit": "linear", 
        "value": 0.0070242170738404322
    }, 
    "Ar37": {
        "error": 0.13242199640237537, 
        "fit": "linear", 
        "value": 0.18708575524164198
    }, 
    "Ar38": {
        "error": 0.16637956027694606, 
        "fit": "linear", 
        "value": 1.5346724647877537
    }, 
    "Ar39": {
        "error": 0.11251041492556579, 
        "fit": "linear", 
        "value": 137.54201716209442
    }, 
    "Ar40": {
        "error": 0.34245065243075767, 
        "fit": "linear", 
        "value": 564.37126074771095
    }, 
    "Ar41": {
        "error": 0.12801502846445853, 
        "fit": "average_SEM", 
        "value": 0.22886917724584541
    }
}