{
    "Ar36": {
        "error": 0.00098645869849687379, 
        "fit": "linear", 
        "value": 0.0039972591238519404
    }, 
    "Ar37": {
        "error": 0.14982312171396858, 
        "fit": "linear", 
        "value": 0.030105340661889839
    }, 
    "Ar38": {
        "error": 0.13531008232712355, 
        "fit": "linear", 
        "value": -0.14442361086620975
    }, 
    "Ar39": {
        "error": 0.061333656258620882, 
        "fit": "linear", 
        "value": 0.3956642306251969
    }, 
    "Ar40": {
        "error": 0.14243038183942913, 
        "fit": "linear", 
        "value": 2.5156369597357831
    }, 
    "Ar41": {
        "error": 0.12204678344660563, 
        "fit": "average_SEM", 
        "value": 0.22053068066015841
    }
}