{
    "Ar36": {
        "error": 0.0011492091743734976, 
        "fit": "linear", 
        "value": 0.0080660895701414777
    }, 
    "Ar37": {
        "error": 0.15513787533715956, 
        "fit": "linear", 
        "value": 0.044534050151724285
    }, 
    "Ar38": {
        "error": 0.12546367122306964, 
        "fit": "linear", 
        "value": 0.041219112053673512
    }, 
    "Ar39": {
        "error": 0.073039570442783572, 
        "fit": "linear", 
        "value": 18.507849509753321
    }, 
    "Ar40": {
        "error": 0.16586681817655563, 
        "fit": "linear", 
        "value": 78.649376306564434
    }, 
    "Ar41": {
        "error": 0.12194286108475112, 
        "fit": "average_SEM", 
        "value": 0.24060566077629725
    }
}