{
    "Ar36": {
        "error": 0.00087712132120498863, 
        "fit": "linear", 
        "value": 0.0035267504106475814
    }, 
    "Ar37": {
        "error": 0.14485172494492485, 
        "fit": "linear", 
        "value": -0.020992409591456363
    }, 
    "Ar38": {
        "error": 0.14279847902968681, 
        "fit": "linear", 
        "value": -0.14298762041924953
    }, 
    "Ar39": {
        "error": 0.059573736365391927, 
        "fit": "linear", 
        "value": 0.1613590739310638
    }, 
    "Ar40": {
        "error": 0.12747744767152452, 
        "fit": "linear", 
        "value": 1.6633284362177378
    }, 
    "Ar41": {
        "error": 0.12806518539863054, 
        "fit": "average_SEM", 
        "value": 0.22906925395868408
    }
}