{
    "Ar36": {
        "error": 0.0011791675775426247, 
        "fit": "linear", 
        "value": 0.0070912992782006133
    }, 
    "Ar37": {
        "error": 0.13763832727291037, 
        "fit": "linear", 
        "value": 0.11440243743597933
    }, 
    "Ar38": {
        "error": 0.15221942250319528, 
        "fit": "linear", 
        "value": 0.75511086995731458
    }, 
    "Ar39": {
        "error": 0.10678827646633664, 
        "fit": "linear", 
        "value": 74.337355143061188
    }, 
    "Ar40": {
        "error": 0.23999004091145795, 
        "fit": "linear", 
        "value": 307.20134156153472
    }, 
    "Ar41": {
        "error": 0.11169540249757184, 
        "fit": "average_SEM", 
        "value": 0.23327177765895613
    }
}