{
    "Ar36": {
        "error": 0.00097239680486357167, 
        "fit": "linear", 
        "value": 0.0045319739571167989
    }, 
    "Ar37": {
        "error": 0.13713008249381192, 
        "fit": "linear", 
        "value": 0.051859919980148356
    }, 
    "Ar38": {
        "error": 0.16120891573826862, 
        "fit": "linear", 
        "value": 0.096352415841793687
    }, 
    "Ar39": {
        "error": 0.072399031146353682, 
        "fit": "linear", 
        "value": 24.485072448874043
    }, 
    "Ar40": {
        "error": 0.17622876368992799, 
        "fit": "linear", 
        "value": 102.33215253351342
    }, 
    "Ar41": {
        "error": 0.13723947885906268, 
        "fit": "average_SEM", 
        "value": 0.23649434931125143
    }
}