{
    "Ar36": {
        "error": 0.00109864699124787, 
        "fit": "linear", 
        "value": 0.008102777983767382
    }, 
    "Ar37": {
        "error": 0.13786619994037955, 
        "fit": "linear", 
        "value": 0.17852445669365852
    }, 
    "Ar38": {
        "error": 0.17798359417321416, 
        "fit": "linear", 
        "value": 1.4785578940972981
    }, 
    "Ar39": {
        "error": 0.1100942168531492, 
        "fit": "linear", 
        "value": 128.69896231166666
    }, 
    "Ar40": {
        "error": 0.34809667122321042, 
        "fit": "linear", 
        "value": 529.54075304016988
    }, 
    "Ar41": {
        "error": 0.13658291867777494, 
        "fit": "average_SEM", 
        "value": 0.25792699066301189
    }
}