{
    "Ar36": {
        "error": 0.0011244759009309223, 
        "fit": "linear", 
        "value": 0.0065326519659878769
    }, 
    "Ar37": {
        "error": 0.14163107256282198, 
        "fit": "linear", 
        "value": 0.38486388533008031
    }, 
    "Ar38": {
        "error": 0.16725874926633691, 
        "fit": "linear", 
        "value": 3.5768668168196003
    }, 
    "Ar39": {
        "error": 0.14450131106689837, 
        "fit": "linear", 
        "value": 301.33788832457583
    }, 
    "Ar40": {
        "error": 0.4312662462244537, 
        "fit": "linear", 
        "value": 1234.9228479205553
    }, 
    "Ar41": {
        "error": 0.11512532728535729, 
        "fit": "average_SEM", 
        "value": -0.013238064226461574
    }
}