{
    "Ar36": {
        "error": 0.0016501985724623278, 
        "fit": "linear", 
        "value": 0.012851004675523831
    }, 
    "Ar37": {
        "error": 0.14251649644562497, 
        "fit": "linear", 
        "value": 0.34445234829603982
    }, 
    "Ar38": {
        "error": 0.15276268676907626, 
        "fit": "linear", 
        "value": 3.2294856958068392
    }, 
    "Ar39": {
        "error": 0.17763989463540245, 
        "fit": "linear", 
        "value": 271.5401252472862
    }, 
    "Ar40": {
        "error": 0.412781938276438, 
        "fit": "linear", 
        "value": 1117.132729424266
    }, 
    "Ar41": {
        "error": 0.12722357954545765, 
        "fit": "average_SEM", 
        "value": 0.2621746079561611
    }
}