{
    "Ar36": {
        "error": 0.0010009507198199517, 
        "fit": "linear", 
        "value": 0.0040333933365094511
    }, 
    "Ar37": {
        "error": 0.13882632294810929, 
        "fit": "linear", 
        "value": 0.00053889887142561169
    }, 
    "Ar38": {
        "error": 0.14504604654643838, 
        "fit": "linear", 
        "value": 0.050112401497213223
    }, 
    "Ar39": {
        "error": 0.059271164927411496, 
        "fit": "linear", 
        "value": 18.092037173321991
    }, 
    "Ar40": {
        "error": 0.1716623638536062, 
        "fit": "linear", 
        "value": 75.462361100214167
    }, 
    "Ar41": {
        "error": 0.12375908518851975, 
        "fit": "average_SEM", 
        "value": 0.2317918910086155
    }
}