{
    "Ar36": {
        "error": 0.00082750021995228545, 
        "fit": "linear", 
        "value": 0.0038580549375317992
    }, 
    "Ar37": {
        "error": 0.14183284171425892, 
        "fit": "linear", 
        "value": -0.0073084825326650456
    }, 
    "Ar38": {
        "error": 0.15156909541242083, 
        "fit": "linear", 
        "value": -0.15508477228439232
    }, 
    "Ar39": {
        "error": 0.059480407472042508, 
        "fit": "linear", 
        "value": 0.28517728346545812
    }, 
    "Ar40": {
        "error": 0.12175797870413435, 
        "fit": "linear", 
        "value": 2.0672223113409705
    }, 
    "Ar41": {
        "error": 0.11587950074743013, 
        "fit": "average_SEM", 
        "value": 0.23279704300686718
    }
}