{
    "Ar36": {
        "error": 0.00089859774877545874, 
        "fit": "linear", 
        "value": 0.0039897234720567068
    }, 
    "Ar37": {
        "error": 0.13522150694345147, 
        "fit": "linear", 
        "value": 0.046144315655759729
    }, 
    "Ar38": {
        "error": 0.14681320247300805, 
        "fit": "linear", 
        "value": -0.13022870768434261
    }, 
    "Ar39": {
        "error": 0.061056420889547103, 
        "fit": "linear", 
        "value": 0.58914656870321758
    }, 
    "Ar40": {
        "error": 0.13241190386385907, 
        "fit": "linear", 
        "value": 3.3498398099419955
    }, 
    "Ar41": {
        "error": 0.1164756172200395, 
        "fit": "average_SEM", 
        "value": 0.2425609426635007
    }
}