{
    "Ar36": {
        "error": 0.0012272803999777344, 
        "fit": "linear", 
        "value": 0.0079375712806614897
    }, 
    "Ar37": {
        "error": 0.13526697091909876, 
        "fit": "linear", 
        "value": -0.021412341535627988
    }, 
    "Ar38": {
        "error": 0.15736437399497497, 
        "fit": "linear", 
        "value": -0.11908296964083476
    }, 
    "Ar39": {
        "error": 0.066852405040285001, 
        "fit": "linear", 
        "value": 2.7654446326757416
    }, 
    "Ar40": {
        "error": 0.1468872232353475, 
        "fit": "linear", 
        "value": 14.010539020736926
    }, 
    "Ar41": {
        "error": 0.12462118043656233, 
        "fit": "average_SEM", 
        "value": -0.036662001943526167
    }
}