{
    "Ar36": {
        "error": 0.00099763916338229731, 
        "fit": "linear", 
        "value": 0.0043555545571256574
    }, 
    "Ar37": {
        "error": 0.13522596562546163, 
        "fit": "linear", 
        "value": 0.055836766430484144
    }, 
    "Ar38": {
        "error": 0.14904910475226854, 
        "fit": "linear", 
        "value": 0.4383062960718771
    }, 
    "Ar39": {
        "error": 0.09307729830448723, 
        "fit": "linear", 
        "value": 50.114352891115274
    }, 
    "Ar40": {
        "error": 0.22081654800366138, 
        "fit": "linear", 
        "value": 206.90294089849817
    }, 
    "Ar41": {
        "error": 0.12276942984570034, 
        "fit": "average_SEM", 
        "value": 0.23694646102609113
    }
}