{
    "Ar36": {
        "error": 0.0011433487900364102, 
        "fit": "linear", 
        "value": 0.0064876783552199353
    }, 
    "Ar37": {
        "error": 0.14304468100733503, 
        "fit": "linear", 
        "value": 0.044571600885520951
    }, 
    "Ar38": {
        "error": 0.15318852334787489, 
        "fit": "linear", 
        "value": -0.11825885059564409
    }, 
    "Ar39": {
        "error": 0.060249240272530605, 
        "fit": "linear", 
        "value": 2.5927308180342665
    }, 
    "Ar40": {
        "error": 0.14458592905266934, 
        "fit": "linear", 
        "value": 12.509801015837402
    }, 
    "Ar41": {
        "error": 0.11716781651015651, 
        "fit": "average_SEM", 
        "value": 0.23501671356226628
    }
}