{
    "Ar36": {
        "error": 0.0012272119648075138, 
        "fit": "linear", 
        "value": 0.0078576533700531817
    }, 
    "Ar37": {
        "error": 0.13852380958081137, 
        "fit": "linear", 
        "value": 0.033083100326147009
    }, 
    "Ar38": {
        "error": 0.14658065859134492, 
        "fit": "linear", 
        "value": -0.033057187931483399
    }, 
    "Ar39": {
        "error": 0.065090888831188312, 
        "fit": "linear", 
        "value": 11.62587434214575
    }, 
    "Ar40": {
        "error": 0.14548507335444094, 
        "fit": "linear", 
        "value": 49.913753160385639
    }, 
    "Ar41": {
        "error": 0.12314625416089177, 
        "fit": "average_SEM", 
        "value": -0.040778758181259034
    }
}