{
    "Ar36": {
        "error": 0.0011769906951909551, 
        "fit": "linear", 
        "value": 0.0048882679567193929
    }, 
    "Ar37": {
        "error": 0.14129878804536608, 
        "fit": "linear", 
        "value": 0.074450640727550296
    }, 
    "Ar38": {
        "error": 0.18992313716107453, 
        "fit": "linear", 
        "value": 0.22982873387981534
    }, 
    "Ar39": {
        "error": 0.082738142139288054, 
        "fit": "linear", 
        "value": 32.823924490404835
    }, 
    "Ar40": {
        "error": 0.20729872499970575, 
        "fit": "linear", 
        "value": 136.24216366760967
    }, 
    "Ar41": {
        "error": 0.11954242376533979, 
        "fit": "average_SEM", 
        "value": 0.2436180860362947
    }
}