{
    "Ar36": {
        "error": 0.0010468794448770008, 
        "fit": "linear", 
        "value": 0.0054017939640519166
    }, 
    "Ar37": {
        "error": 0.13695938998687124, 
        "fit": "linear", 
        "value": 0.2059163951769245
    }, 
    "Ar38": {
        "error": 0.1432932039137112, 
        "fit": "linear", 
        "value": 1.9634609464231443
    }, 
    "Ar39": {
        "error": 0.13541232980614529, 
        "fit": "linear", 
        "value": 168.95488890930213
    }, 
    "Ar40": {
        "error": 0.35824207050844009, 
        "fit": "linear", 
        "value": 694.63463431486923
    }, 
    "Ar41": {
        "error": 0.12561161176540767, 
        "fit": "average_SEM", 
        "value": 0.25487973881885412
    }
}