{
    "Ar36": {
        "error": 0.00098534920681262036, 
        "fit": "linear", 
        "value": 0.0044385107354765214
    }, 
    "Ar37": {
        "error": 0.15088009343200831, 
        "fit": "linear", 
        "value": 0.052889503445295867
    }, 
    "Ar38": {
        "error": 0.14105392890244994, 
        "fit": "linear", 
        "value": 0.11222706313827475
    }, 
    "Ar39": {
        "error": 0.070599181161158389, 
        "fit": "linear", 
        "value": 23.721439998518051
    }, 
    "Ar40": {
        "error": 0.17244514544104297, 
        "fit": "linear", 
        "value": 99.132354103668916
    }, 
    "Ar41": {
        "error": 0.12927759077812981, 
        "fit": "average_SEM", 
        "value": 0.22257403495100636
    }
}