{
    "Ar36": {
        "error": 0.0011320263248807136, 
        "fit": "linear", 
        "value": 0.0058097066777097663
    }, 
    "Ar37": {
        "error": 0.14153484748362385, 
        "fit": "linear", 
        "value": 0.12749187629352787
    }, 
    "Ar38": {
        "error": 0.15749651667567463, 
        "fit": "linear", 
        "value": 0.92626761756039122
    }, 
    "Ar39": {
        "error": 0.091731696139894334, 
        "fit": "linear", 
        "value": 85.12467575023679
    }, 
    "Ar40": {
        "error": 0.26118730554638675, 
        "fit": "linear", 
        "value": 349.08844221894208
    }, 
    "Ar41": {
        "error": 0.13120866261369271, 
        "fit": "average_SEM", 
        "value": 0.23523357180723301
    }
}