{
    "Ar36": {
        "error": 0.0014174694786106617, 
        "fit": "linear", 
        "value": 0.0088730534011458861
    }, 
    "Ar37": {
        "error": 0.1341778105221095, 
        "fit": "linear", 
        "value": 0.083546777197399114
    }, 
    "Ar38": {
        "error": 0.15921658797993862, 
        "fit": "linear", 
        "value": 0.56900174477226084
    }, 
    "Ar39": {
        "error": 0.097009998757847229, 
        "fit": "linear", 
        "value": 61.472124079164388
    }, 
    "Ar40": {
        "error": 0.25229158333165769, 
        "fit": "linear", 
        "value": 253.14960830658902
    }, 
    "Ar41": {
        "error": 0.12303086095561024, 
        "fit": "average_SEM", 
        "value": 0.22780713650397957
    }
}