{
    "Ar36": {
        "error": 0.00088103870316671811, 
        "fit": "linear", 
        "value": 0.0038330190703442799
    }, 
    "Ar37": {
        "error": 0.14244073636033625, 
        "fit": "linear", 
        "value": 0.0069956330309645307
    }, 
    "Ar38": {
        "error": 0.14845723723470336, 
        "fit": "linear", 
        "value": -0.12574257853081056
    }, 
    "Ar39": {
        "error": 0.063748351322735708, 
        "fit": "linear", 
        "value": 0.16711224717154902
    }, 
    "Ar40": {
        "error": 0.12480577312830754, 
        "fit": "linear", 
        "value": 1.6033285964697033
    }, 
    "Ar41": {
        "error": 0.11826945820660181, 
        "fit": "average_SEM", 
        "value": 0.21941261043578075
    }
}