{
    "Ar36": {
        "error": 0.00091790203446305584, 
        "fit": "linear", 
        "value": 0.0039507108665504977
    }, 
    "Ar37": {
        "error": 0.118040795390966, 
        "fit": "linear", 
        "value": 0.0040759350972442172
    }, 
    "Ar38": {
        "error": 0.13666328331899744, 
        "fit": "linear", 
        "value": 0.0089018730144897872
    }, 
    "Ar39": {
        "error": 0.078290861888068358, 
        "fit": "linear", 
        "value": 18.840978991207642
    }, 
    "Ar40": {
        "error": 0.17783391914906135, 
        "fit": "linear", 
        "value": 78.995856423664947
    }, 
    "Ar41": {
        "error": 0.12439477865452767, 
        "fit": "average_SEM", 
        "value": 0.23366491160045066
    }
}