{
    "Ar36": {
        "error": 0.0013018233664301194, 
        "fit": "linear", 
        "value": 0.0076431654083314211
    }, 
    "Ar37": {
        "error": 0.13711624011152618, 
        "fit": "linear", 
        "value": 0.062727229208615162
    }, 
    "Ar38": {
        "error": 0.16266222947992723, 
        "fit": "linear", 
        "value": -0.038191188479827935
    }, 
    "Ar39": {
        "error": 0.066146819907885845, 
        "fit": "linear", 
        "value": 11.615199230400634
    }, 
    "Ar40": {
        "error": 0.15103107915484429, 
        "fit": "linear", 
        "value": 49.864203419476453
    }, 
    "Ar41": {
        "error": 0.12167177255520965, 
        "fit": "average_SEM", 
        "value": -0.057646994090173397
    }
}