{
    "Ar36": {
        "error": 0.0013101248285765587, 
        "fit": "linear", 
        "value": 0.0091173357060689523
    }, 
    "Ar37": {
        "error": 0.14299206056115563, 
        "fit": "linear", 
        "value": -0.015969390809529152
    }, 
    "Ar38": {
        "error": 0.18141404164469113, 
        "fit": "linear", 
        "value": -0.14658143519022876
    }, 
    "Ar39": {
        "error": 0.052649260769979667, 
        "fit": "linear", 
        "value": 0.4697564640038917
    }, 
    "Ar40": {
        "error": 0.13838797889045965, 
        "fit": "linear", 
        "value": 4.6937280240880916
    }, 
    "Ar41": {
        "error": 0.12408454729596124, 
        "fit": "average_SEM", 
        "value": -0.049306786172577027
    }
}