{
    "Ar36": {
        "error": 0.00090983959224185632, 
        "fit": "linear", 
        "value": 0.0049152885722679555
    }, 
    "Ar37": {
        "error": 0.13713533514811732, 
        "fit": "linear", 
        "value": 0.010698790550910754
    }, 
    "Ar38": {
        "error": 0.14225861568317077, 
        "fit": "linear", 
        "value": -0.015963468008633679
    }, 
    "Ar39": {
        "error": 0.06815271073830606, 
        "fit": "linear", 
        "value": 10.195465305248597
    }, 
    "Ar40": {
        "error": 0.14698062237729059, 
        "fit": "linear", 
        "value": 43.419536388783087
    }, 
    "Ar41": {
        "error": 0.11904989011134352, 
        "fit": "average_SEM", 
        "value": 0.22591933086204033
    }
}