{
    "Ar36": {
        "error": 0.0010637488548365622, 
        "fit": "linear", 
        "value": 0.0060839230806810415
    }, 
    "Ar37": {
        "error": 0.13589515677014355, 
        "fit": "linear", 
        "value": 0.063532185215293649
    }, 
    "Ar38": {
        "error": 0.1543726969279347, 
        "fit": "linear", 
        "value": 0.30680732104896802
    }, 
    "Ar39": {
        "error": 0.080246306520152633, 
        "fit": "linear", 
        "value": 40.073951872910222
    }, 
    "Ar40": {
        "error": 0.20647059277090982, 
        "fit": "linear", 
        "value": 165.13270339789938
    }, 
    "Ar41": {
        "error": 0.10487036487274017, 
        "fit": "average_SEM", 
        "value": -0.030581704146461563
    }
}