{
    "Ar36": {
        "error": 0.001180847740841361, 
        "fit": "linear", 
        "value": 0.0061672440472438344
    }, 
    "Ar37": {
        "error": 0.14161210646247616, 
        "fit": "linear", 
        "value": 0.082004219419079233
    }, 
    "Ar38": {
        "error": 0.12902088853842827, 
        "fit": "linear", 
        "value": 0.73272720737554797
    }, 
    "Ar39": {
        "error": 0.09020736739423918, 
        "fit": "linear", 
        "value": 70.809686257823245
    }, 
    "Ar40": {
        "error": 0.25427903366437743, 
        "fit": "linear", 
        "value": 290.72828151260563
    }, 
    "Ar41": {
        "error": 0.13290697272167357, 
        "fit": "average_SEM", 
        "value": 0.22988546626021464
    }
}