{
    "Ar36": {
        "error": 0.0011151994524516175, 
        "fit": "linear", 
        "value": 0.0064020884948088504
    }, 
    "Ar37": {
        "error": 0.14009703465133236, 
        "fit": "linear", 
        "value": 0.15001481654380472
    }, 
    "Ar38": {
        "error": 0.14942038672954647, 
        "fit": "linear", 
        "value": 1.2568236609031436
    }, 
    "Ar39": {
        "error": 0.10681070227087665, 
        "fit": "linear", 
        "value": 113.38257368641544
    }, 
    "Ar40": {
        "error": 0.31860734346628961, 
        "fit": "linear", 
        "value": 465.22697171434663
    }, 
    "Ar41": {
        "error": 0.10956639793594772, 
        "fit": "average_SEM", 
        "value": 0.2344682605440418
    }
}