{
    "Ar36": {
        "error": 0.0010257804147022812, 
        "fit": "linear", 
        "value": 0.0051163740674578587
    }, 
    "Ar37": {
        "error": 0.14947823755010661, 
        "fit": "linear", 
        "value": 0.095927691167558865
    }, 
    "Ar38": {
        "error": 0.13663275128580835, 
        "fit": "linear", 
        "value": 0.75461210923642996
    }, 
    "Ar39": {
        "error": 0.090306697123228016, 
        "fit": "linear", 
        "value": 70.404817111229406
    }, 
    "Ar40": {
        "error": 0.2434085588948412, 
        "fit": "linear", 
        "value": 290.73227613989548
    }, 
    "Ar41": {
        "error": 0.12313122606565703, 
        "fit": "average_SEM", 
        "value": 0.23801456728018822
    }
}