{
    "Ar36": {
        "error": 0.0013013796461858538, 
        "fit": "linear", 
        "value": 0.0072820076831072089
    }, 
    "Ar37": {
        "error": 0.14605860425183703, 
        "fit": "linear", 
        "value": 0.37209528400378289
    }, 
    "Ar38": {
        "error": 0.17481002642446211, 
        "fit": "linear", 
        "value": 3.4528508273566461
    }, 
    "Ar39": {
        "error": 0.16677402856200291, 
        "fit": "linear", 
        "value": 290.95488633893444
    }, 
    "Ar40": {
        "error": 0.46782037114117764, 
        "fit": "linear", 
        "value": 1192.4118149934839
    }, 
    "Ar41": {
        "error": 0.12366094245546899, 
        "fit": "average_SEM", 
        "value": 0.0010643566818907856
    }
}