{
    "Ar36": {
        "error": 0.00098202156866553981, 
        "fit": "linear", 
        "value": 0.0042936542462060773
    }, 
    "Ar37": {
        "error": 0.14756441833556469, 
        "fit": "linear", 
        "value": 0.081293321838403848
    }, 
    "Ar38": {
        "error": 0.14344479762854412, 
        "fit": "linear", 
        "value": 0.50921254112749015
    }, 
    "Ar39": {
        "error": 0.082989174857575496, 
        "fit": "linear", 
        "value": 55.160669399945405
    }, 
    "Ar40": {
        "error": 0.22307225128998096, 
        "fit": "linear", 
        "value": 227.80595116946964
    }, 
    "Ar41": {
        "error": 0.12994510303484053, 
        "fit": "average_SEM", 
        "value": 0.23427709956148951
    }
}