{
    "Ar36": {
        "error": 0.0011549305114229047, 
        "fit": "linear", 
        "value": 0.0064378822687388478
    }, 
    "Ar37": {
        "error": 0.15674656770887446, 
        "fit": "linear", 
        "value": 0.07057513710328063
    }, 
    "Ar38": {
        "error": 0.13666326822130628, 
        "fit": "linear", 
        "value": 0.75635488399944184
    }, 
    "Ar39": {
        "error": 0.09075283548554744, 
        "fit": "linear", 
        "value": 71.995437296217958
    }, 
    "Ar40": {
        "error": 0.23709339318787759, 
        "fit": "linear", 
        "value": 295.71130273089983
    }, 
    "Ar41": {
        "error": 0.13068954131716307, 
        "fit": "average_SEM", 
        "value": 0.23299550202675165
    }
}