{
    "Ar36": {
        "error": 0.0017894700232504079, 
        "fit": "linear", 
        "value": 0.019532387178743223
    }, 
    "Ar37": {
        "error": 0.13919002975195779, 
        "fit": "linear", 
        "value": 0.43011634445587499
    }, 
    "Ar38": {
        "error": 0.16670182967645969, 
        "fit": "linear", 
        "value": 3.5716195601700003
    }, 
    "Ar39": {
        "error": 0.15677956077796446, 
        "fit": "linear", 
        "value": 301.64880853859535
    }, 
    "Ar40": {
        "error": 0.43505721935933989, 
        "fit": "linear", 
        "value": 1240.5096133419081
    }, 
    "Ar41": {
        "error": 0.12420060396214362, 
        "fit": "average_SEM", 
        "value": 0.27441169253409803
    }
}