{
    "Ar36": {
        "error": 0.0011375775052179162, 
        "fit": "linear", 
        "value": 0.0059523872758308815
    }, 
    "Ar37": {
        "error": 0.1310864622073114, 
        "fit": "linear", 
        "value": 0.12753674117539468
    }, 
    "Ar38": {
        "error": 0.13786453334561397, 
        "fit": "linear", 
        "value": 0.91253875036636201
    }, 
    "Ar39": {
        "error": 0.11340598045051571, 
        "fit": "linear", 
        "value": 88.73043112868406
    }, 
    "Ar40": {
        "error": 0.27046074639129958, 
        "fit": "linear", 
        "value": 364.38196619930409
    }, 
    "Ar41": {
        "error": 0.11956394237047409, 
        "fit": "average_SEM", 
        "value": -0.046032142020509731
    }
}