{
    "Ar36": {
        "error": 0.00093003708866838913, 
        "fit": "linear", 
        "value": 0.0049001687708422909
    }, 
    "Ar37": {
        "error": 0.12629706206740193, 
        "fit": "linear", 
        "value": 0.11372419193756367
    }, 
    "Ar38": {
        "error": 0.14223954886688972, 
        "fit": "linear", 
        "value": 0.38632850882247149
    }, 
    "Ar39": {
        "error": 0.081213492270131374, 
        "fit": "linear", 
        "value": 42.871012227747201
    }, 
    "Ar40": {
        "error": 0.20760440487822407, 
        "fit": "linear", 
        "value": 177.19161279513671
    }, 
    "Ar41": {
        "error": 0.12075792470514714, 
        "fit": "average_SEM", 
        "value": 0.22783282708997527
    }
}