{
    "Ar36": {
        "error": 0.0011229236345956393, 
        "fit": "linear", 
        "value": 0.0054586511663749226
    }, 
    "Ar37": {
        "error": 0.14088811321712208, 
        "fit": "linear", 
        "value": 0.14677757215014048
    }, 
    "Ar38": {
        "error": 0.15839049504477518, 
        "fit": "linear", 
        "value": 1.1819690600193493
    }, 
    "Ar39": {
        "error": 0.099135874251606304, 
        "fit": "linear", 
        "value": 107.37198081541207
    }, 
    "Ar40": {
        "error": 0.27511336901910161, 
        "fit": "linear", 
        "value": 442.4224717095193
    }, 
    "Ar41": {
        "error": 0.12826010645916366, 
        "fit": "average_SEM", 
        "value": 0.24304055395846566
    }
}