{
    "Ar36": {
        "error": 0.0011828613650807587, 
        "fit": "linear", 
        "value": 0.0058999841332837821
    }, 
    "Ar37": {
        "error": 0.14313026071388146, 
        "fit": "linear", 
        "value": 0.33183744768241463
    }, 
    "Ar38": {
        "error": 0.14979453990901603, 
        "fit": "linear", 
        "value": 3.2274240168932433
    }, 
    "Ar39": {
        "error": 0.15076027112763296, 
        "fit": "linear", 
        "value": 270.56588388439582
    }, 
    "Ar40": {
        "error": 0.45146003277446939, 
        "fit": "linear", 
        "value": 1109.7151887037421
    }, 
    "Ar41": {
        "error": 0.12003921476112865, 
        "fit": "average_SEM", 
        "value": -0.012795984857269408
    }
}