{
    "Ar36": {
        "error": 0.0011266161542501914, 
        "fit": "linear", 
        "value": 0.0055925089865541911
    }, 
    "Ar37": {
        "error": 0.15474203441203621, 
        "fit": "linear", 
        "value": 0.15907148206833399
    }, 
    "Ar38": {
        "error": 0.15710996893741577, 
        "fit": "linear", 
        "value": 1.7845612351810289
    }, 
    "Ar39": {
        "error": 0.12778095126302791, 
        "fit": "linear", 
        "value": 158.49367193584948
    }, 
    "Ar40": {
        "error": 0.33524441092874047, 
        "fit": "linear", 
        "value": 651.34803975355794
    }, 
    "Ar41": {
        "error": 0.12187132619579699, 
        "fit": "average_SEM", 
        "value": 0.2506573664637593
    }
}