{
    "Ar36": {
        "error": 0.001349900819781927, 
        "fit": "linear", 
        "value": 0.0076555160319097953
    }, 
    "Ar37": {
        "error": 0.13496069058879659, 
        "fit": "linear", 
        "value": 0.25798274249221209
    }, 
    "Ar38": {
        "error": 0.17258699420456061, 
        "fit": "linear", 
        "value": 1.827612596636832
    }, 
    "Ar39": {
        "error": 0.1245849784879357, 
        "fit": "linear", 
        "value": 155.13956687081696
    }, 
    "Ar40": {
        "error": 0.32434234504212467, 
        "fit": "linear", 
        "value": 639.35568566853033
    }, 
    "Ar41": {
        "error": 0.12412586242736824, 
        "fit": "average_SEM", 
        "value": 0.26064441370700175
    }
}