{
    "Ar36": {
        "error": 0.001540437964430007, 
        "fit": "linear", 
        "value": 0.011382580572540064
    }, 
    "Ar37": {
        "error": 0.1330916610516672, 
        "fit": "linear", 
        "value": 0.31130198614625576
    }, 
    "Ar38": {
        "error": 0.14693182127571178, 
        "fit": "linear", 
        "value": 2.6075518221785678
    }, 
    "Ar39": {
        "error": 0.15892575032337361, 
        "fit": "linear", 
        "value": 218.16069242598854
    }, 
    "Ar40": {
        "error": 0.384666338660129, 
        "fit": "linear", 
        "value": 896.66529555242141
    }, 
    "Ar41": {
        "error": 0.12017355069621197, 
        "fit": "average_SEM", 
        "value": 0.25521550071115295
    }
}