{
    "Ar36": {
        "error": 0.0009837474937826403, 
        "fit": "linear", 
        "value": 0.0043342145116947988
    }, 
    "Ar37": {
        "error": 0.12199894981272727, 
        "fit": "linear", 
        "value": 0.0042245751121240032
    }, 
    "Ar38": {
        "error": 0.16045117503030276, 
        "fit": "linear", 
        "value": -0.12762794935482374
    }, 
    "Ar39": {
        "error": 0.055795288697252948, 
        "fit": "linear", 
        "value": 0.45486366476313167
    }, 
    "Ar40": {
        "error": 0.13898289562068072, 
        "fit": "linear", 
        "value": 2.8673471485670334
    }, 
    "Ar41": {
        "error": 0.12450578489552515, 
        "fit": "average_SEM", 
        "value": 0.21748826638950655
    }
}