{
    "Ar36": {
        "error": 0.0010049997428361566, 
        "fit": "linear", 
        "value": 0.0041247462402070247
    }, 
    "Ar37": {
        "error": 0.1395535705814259, 
        "fit": "linear", 
        "value": 0.10905881730460271
    }, 
    "Ar38": {
        "error": 0.13288642924009886, 
        "fit": "linear", 
        "value": 0.61432831232834262
    }, 
    "Ar39": {
        "error": 0.092256514995735409, 
        "fit": "linear", 
        "value": 63.322481964995696
    }, 
    "Ar40": {
        "error": 0.24397458618491252, 
        "fit": "linear", 
        "value": 261.59676922165818
    }, 
    "Ar41": {
        "error": 0.12078878953251668, 
        "fit": "average_SEM", 
        "value": 0.22687002128611009
    }
}