{
    "Ar36": {
        "error": 0.00136981446029538, 
        "fit": "linear", 
        "value": 0.0079913358975956042
    }, 
    "Ar37": {
        "error": 0.13477661539333657, 
        "fit": "linear", 
        "value": 0.40206625041626853
    }, 
    "Ar38": {
        "error": 0.18691507631716822, 
        "fit": "linear", 
        "value": 3.5906328915169947
    }, 
    "Ar39": {
        "error": 0.18088467977644071, 
        "fit": "linear", 
        "value": 297.94511705572666
    }, 
    "Ar40": {
        "error": 0.45590759632452582, 
        "fit": "linear", 
        "value": 1219.7324586894679
    }, 
    "Ar41": {
        "error": 0.1162703928403878, 
        "fit": "average_SEM", 
        "value": 0.26053985319721201
    }
}