{
    "Ar36": {
        "error": 0.0013351252254299082, 
        "fit": "linear", 
        "value": 0.0091437879088955426
    }, 
    "Ar37": {
        "error": 0.14832676270559531, 
        "fit": "linear", 
        "value": 0.18557147653123823
    }, 
    "Ar38": {
        "error": 0.1546469536023905, 
        "fit": "linear", 
        "value": 1.4437310204948437
    }, 
    "Ar39": {
        "error": 0.11215502119390693, 
        "fit": "linear", 
        "value": 128.32770085378831
    }, 
    "Ar40": {
        "error": 0.34302003866900682, 
        "fit": "linear", 
        "value": 526.752496282381
    }, 
    "Ar41": {
        "error": 0.11909259923049885, 
        "fit": "average_SEM", 
        "value": 0.24684690790561339
    }
}