{
    "Ar36": {
        "error": 0.0012722750331420698, 
        "fit": "linear", 
        "value": 0.006420310100815764
    }, 
    "Ar37": {
        "error": 0.12473930837423129, 
        "fit": "linear", 
        "value": 0.35060507208583513
    }, 
    "Ar38": {
        "error": 0.15623964798850004, 
        "fit": "linear", 
        "value": 3.4281731503715331
    }, 
    "Ar39": {
        "error": 0.16245101872716097, 
        "fit": "linear", 
        "value": 289.98955700092796
    }, 
    "Ar40": {
        "error": 0.48620172468471429, 
        "fit": "linear", 
        "value": 1188.5383935832551
    }, 
    "Ar41": {
        "error": 0.12064998563021136, 
        "fit": "average_SEM", 
        "value": -0.0064444619254209103
    }
}