{
    "Ar36": {
        "error": 0.0011878423099680147, 
        "fit": "linear", 
        "value": 0.0057261728713957887
    }, 
    "Ar37": {
        "error": 0.11816409006566685, 
        "fit": "linear", 
        "value": 0.094954078028750138
    }, 
    "Ar38": {
        "error": 0.18155399542123188, 
        "fit": "linear", 
        "value": 0.36427971882249088
    }, 
    "Ar39": {
        "error": 0.082682971506693639, 
        "fit": "linear", 
        "value": 43.178049555071148
    }, 
    "Ar40": {
        "error": 0.2016243108349213, 
        "fit": "linear", 
        "value": 177.91627853956498
    }, 
    "Ar41": {
        "error": 0.11946276321584068, 
        "fit": "average_SEM", 
        "value": 0.21761874617232629
    }
}