{
    "Ar36": {
        "error": 0.0009140472407527376, 
        "fit": "linear", 
        "value": 0.0042885483782208337
    }, 
    "Ar37": {
        "error": 0.13481162665150459, 
        "fit": "linear", 
        "value": 0.049435085561381854
    }, 
    "Ar38": {
        "error": 0.13537685794028023, 
        "fit": "linear", 
        "value": 0.026215100113554525
    }, 
    "Ar39": {
        "error": 0.064248894379913227, 
        "fit": "linear", 
        "value": 17.117435045259363
    }, 
    "Ar40": {
        "error": 0.15478032790725227, 
        "fit": "linear", 
        "value": 71.672801098939232
    }, 
    "Ar41": {
        "error": 0.13109310903135449, 
        "fit": "average_SEM", 
        "value": 0.2275525046714271
    }
}