{
    "Ar36": {
        "error": 0.0010072894865007541, 
        "fit": "linear", 
        "value": 0.0038266789297534201
    }, 
    "Ar37": {
        "error": 0.13364583709791775, 
        "fit": "linear", 
        "value": -0.013245625877298405
    }, 
    "Ar38": {
        "error": 0.1593579431466611, 
        "fit": "linear", 
        "value": -0.12644070059280799
    }, 
    "Ar39": {
        "error": 0.065552420929528135, 
        "fit": "linear", 
        "value": 0.30047777781668839
    }, 
    "Ar40": {
        "error": 0.1358826239101853, 
        "fit": "linear", 
        "value": 2.1509028862761692
    }, 
    "Ar41": {
        "error": 0.11357698840473804, 
        "fit": "average_SEM", 
        "value": 0.23053982766228728
    }
}