{
    "Ar36": {
        "error": 0.0011916989210705292, 
        "fit": "linear", 
        "value": 0.0071132154417874651
    }, 
    "Ar37": {
        "error": 0.14130043831616168, 
        "fit": "linear", 
        "value": 0.01538841553964141
    }, 
    "Ar38": {
        "error": 0.15041698426735464, 
        "fit": "linear", 
        "value": 0.0023031952969140585
    }, 
    "Ar39": {
        "error": 0.070678561797343428, 
        "fit": "linear", 
        "value": 15.91370495639045
    }, 
    "Ar40": {
        "error": 0.16281163382837618, 
        "fit": "linear", 
        "value": 67.762286977592083
    }, 
    "Ar41": {
        "error": 0.11649704335712902, 
        "fit": "average_SEM", 
        "value": 0.2374158717940251
    }
}