{
    "Ar36": {
        "error": 0.0011752737896573173, 
        "fit": "linear", 
        "value": 0.0064116155922977853
    }, 
    "Ar37": {
        "error": 0.13455937992095401, 
        "fit": "linear", 
        "value": 0.23869956319518515
    }, 
    "Ar38": {
        "error": 0.15023812838417758, 
        "fit": "linear", 
        "value": 1.8639242945064221
    }, 
    "Ar39": {
        "error": 0.12983885930723094, 
        "fit": "linear", 
        "value": 162.00938074456525
    }, 
    "Ar40": {
        "error": 0.36370474686226101, 
        "fit": "linear", 
        "value": 662.87343384566668
    }, 
    "Ar41": {
        "error": 0.12523251800137478, 
        "fit": "average_SEM", 
        "value": 0.23089326033989588
    }
}