{
    "Ar36": {
        "error": 0.00091422129169999142, 
        "fit": "linear", 
        "value": 0.0034561889289215263
    }, 
    "Ar37": {
        "error": 0.13493092202505158, 
        "fit": "linear", 
        "value": 0.014423063364869287
    }, 
    "Ar38": {
        "error": 0.14586084214655892, 
        "fit": "linear", 
        "value": -0.082185332128801358
    }, 
    "Ar39": {
        "error": 0.060773151541967163, 
        "fit": "linear", 
        "value": 2.9098750081706042
    }, 
    "Ar40": {
        "error": 0.13904646661241715, 
        "fit": "linear", 
        "value": 12.901882973120475
    }, 
    "Ar41": {
        "error": 0.11369462641669396, 
        "fit": "average_SEM", 
        "value": 0.22527045583507668
    }
}