{
    "Ar36": {
        "error": 0.00087156555332512902, 
        "fit": "linear", 
        "value": 0.0037365408342205971
    }, 
    "Ar37": {
        "error": 0.13449390277926812, 
        "fit": "linear", 
        "value": -0.034737647938839045
    }, 
    "Ar38": {
        "error": 0.1591188599957255, 
        "fit": "linear", 
        "value": -0.14416020873610064
    }, 
    "Ar39": {
        "error": 0.068037556340535571, 
        "fit": "linear", 
        "value": 2.5571839036301238
    }, 
    "Ar40": {
        "error": 0.12355354704448249, 
        "fit": "linear", 
        "value": 11.563195390861297
    }, 
    "Ar41": {
        "error": 0.12209816302047247, 
        "fit": "average_SEM", 
        "value": 0.23916651299223304
    }
}