{
    "Ar36": {
        "error": 0.00095647879511447803, 
        "fit": "linear", 
        "value": 0.0039655451797303313
    }, 
    "Ar37": {
        "error": 0.15118492486644464, 
        "fit": "linear", 
        "value": -0.0018233930228852009
    }, 
    "Ar38": {
        "error": 0.14208527435367549, 
        "fit": "linear", 
        "value": -0.072256084671820153
    }, 
    "Ar39": {
        "error": 0.066638411449335244, 
        "fit": "linear", 
        "value": 8.3465825612641993
    }, 
    "Ar40": {
        "error": 0.12322319685903406, 
        "fit": "linear", 
        "value": 35.352304935354368
    }, 
    "Ar41": {
        "error": 0.11036177954558889, 
        "fit": "average_SEM", 
        "value": 0.22276985993608833
    }
}