{
    "Ar36": {
        "error": 0.001137340959860028, 
        "fit": "linear", 
        "value": 0.0054154804502958877
    }, 
    "Ar37": {
        "error": 0.14101077962998532, 
        "fit": "linear", 
        "value": 0.13447896536534867
    }, 
    "Ar38": {
        "error": 0.17066007509196018, 
        "fit": "linear", 
        "value": 1.5341870032936988
    }, 
    "Ar39": {
        "error": 0.11500721178673144, 
        "fit": "linear", 
        "value": 137.33624285481454
    }, 
    "Ar40": {
        "error": 0.33492200670665939, 
        "fit": "linear", 
        "value": 564.3151326022994
    }, 
    "Ar41": {
        "error": 0.11616668286551471, 
        "fit": "average_SEM", 
        "value": -0.015553706905338914
    }
}