{
    "Ar36": {
        "error": 0.0012317586251825272, 
        "fit": "linear", 
        "value": 0.009354290792298655
    }, 
    "Ar37": {
        "error": 0.13169568062879328, 
        "fit": "linear", 
        "value": 0.007213402725495404
    }, 
    "Ar38": {
        "error": 0.15603277956790196, 
        "fit": "linear", 
        "value": -0.12434505739531396
    }, 
    "Ar39": {
        "error": 0.054161148276952224, 
        "fit": "linear", 
        "value": 0.80677425144636739
    }, 
    "Ar40": {
        "error": 0.14142253077075484, 
        "fit": "linear", 
        "value": 6.0871816344300589
    }, 
    "Ar41": {
        "error": 0.13260394581783919, 
        "fit": "average_SEM", 
        "value": -0.057841429079223114
    }
}