{
    "Ar36": {
        "error": 0.0010034658754347566, 
        "fit": "linear", 
        "value": 0.0057621273430467305
    }, 
    "Ar37": {
        "error": 0.13435892960154461, 
        "fit": "linear", 
        "value": 0.051875690019048702
    }, 
    "Ar38": {
        "error": 0.14887106622317503, 
        "fit": "linear", 
        "value": 0.060080427602187209
    }, 
    "Ar39": {
        "error": 0.067608854054660342, 
        "fit": "linear", 
        "value": 17.445860426030364
    }, 
    "Ar40": {
        "error": 0.15314658323133298, 
        "fit": "linear", 
        "value": 73.164109190118182
    }, 
    "Ar41": {
        "error": 0.1199849788803912, 
        "fit": "average_SEM", 
        "value": 0.2237794587450723
    }
}