{
    "Ar36": {
        "error": 0.00098098898406184733, 
        "fit": "linear", 
        "value": 0.0048217549964982816
    }, 
    "Ar37": {
        "error": 0.13929834300114879, 
        "fit": "linear", 
        "value": 0.011957855910293178
    }, 
    "Ar38": {
        "error": 0.16835850445227007, 
        "fit": "linear", 
        "value": -0.12940318940308829
    }, 
    "Ar39": {
        "error": 0.049303275773266757, 
        "fit": "linear", 
        "value": 0.86819812957996145
    }, 
    "Ar40": {
        "error": 0.1296418939979484, 
        "fit": "linear", 
        "value": 4.7893397772373429
    }, 
    "Ar41": {
        "error": 0.12729943284095635, 
        "fit": "average_SEM", 
        "value": 0.21810642886596421
    }
}