{
    "Ar36": {
        "error": 0.0011947683755459443, 
        "fit": "linear", 
        "value": 0.0083643883891850127
    }, 
    "Ar37": {
        "error": 0.14724627985151165, 
        "fit": "linear", 
        "value": 0.062795039602944677
    }, 
    "Ar38": {
        "error": 0.18453260130182969, 
        "fit": "linear", 
        "value": 0.22339455163098254
    }, 
    "Ar39": {
        "error": 0.083598552136764023, 
        "fit": "linear", 
        "value": 32.21284441201616
    }, 
    "Ar40": {
        "error": 0.17792294641971704, 
        "fit": "linear", 
        "value": 133.70530304368543
    }, 
    "Ar41": {
        "error": 0.11846623160123121, 
        "fit": "average_SEM", 
        "value": 0.25262995846569536
    }
}