{
    "Ar36": {
        "error": 0.0010677177204572283, 
        "fit": "linear", 
        "value": 0.0067385457507905255
    }, 
    "Ar37": {
        "error": 0.13432161323582228, 
        "fit": "linear", 
        "value": 0.30241245144591572
    }, 
    "Ar38": {
        "error": 0.14410885896692188, 
        "fit": "linear", 
        "value": 2.393713916742882
    }, 
    "Ar39": {
        "error": 0.1406260037686225, 
        "fit": "linear", 
        "value": 206.58097558973944
    }, 
    "Ar40": {
        "error": 0.36932830663962268, 
        "fit": "linear", 
        "value": 845.41026642371526
    }, 
    "Ar41": {
        "error": 0.1254867301154442, 
        "fit": "average_SEM", 
        "value": 0.24738293331116437
    }
}