{
    "Ar36": {
        "error": 0.0011883849966720576, 
        "fit": "linear", 
        "value": 0.0073147894524847653
    }, 
    "Ar37": {
        "error": 0.15803148280317764, 
        "fit": "linear", 
        "value": 0.027144041000929587
    }, 
    "Ar38": {
        "error": 0.14402326674672453, 
        "fit": "linear", 
        "value": 0.58768135853549697
    }, 
    "Ar39": {
        "error": 0.096170722946184992, 
        "fit": "linear", 
        "value": 60.092565379751342
    }, 
    "Ar40": {
        "error": 0.21361840182930908, 
        "fit": "linear", 
        "value": 247.26659753460791
    }, 
    "Ar41": {
        "error": 0.12087964675105767, 
        "fit": "average_SEM", 
        "value": -0.034694297791769108
    }
}