{
    "Ar36": {
        "error": 0.0010763247184252223, 
        "fit": "linear", 
        "value": 0.0065338241921711789
    }, 
    "Ar37": {
        "error": 0.1297032550656568, 
        "fit": "linear", 
        "value": 0.012735155694418859
    }, 
    "Ar38": {
        "error": 0.13279383354831531, 
        "fit": "linear", 
        "value": -0.12123543506053681
    }, 
    "Ar39": {
        "error": 0.06718089570567011, 
        "fit": "linear", 
        "value": 2.6864336926757808
    }, 
    "Ar40": {
        "error": 0.14131671434794321, 
        "fit": "linear", 
        "value": 13.430695707087594
    }, 
    "Ar41": {
        "error": 0.12660406048196976, 
        "fit": "average_SEM", 
        "value": 0.2263778233792012
    }
}