{
    "Ar36": {
        "error": 0.00083189225118579177, 
        "fit": "linear", 
        "value": 0.0039618499563767052
    }, 
    "Ar37": {
        "error": 0.13736400595995596, 
        "fit": "linear", 
        "value": 0.0016756978911131766
    }, 
    "Ar38": {
        "error": 0.15872203231463161, 
        "fit": "linear", 
        "value": -0.055520847020620344
    }, 
    "Ar39": {
        "error": 0.063392394013793374, 
        "fit": "linear", 
        "value": 7.8957328737055281
    }, 
    "Ar40": {
        "error": 0.14165971834589047, 
        "fit": "linear", 
        "value": 33.610669696416309
    }, 
    "Ar41": {
        "error": 0.11168155543789139, 
        "fit": "average_SEM", 
        "value": 0.24162837045267224
    }
}