{
    "Ar36": {
        "error": 0.0014000079955851326, 
        "fit": "linear", 
        "value": 0.0097668819881413238
    }, 
    "Ar37": {
        "error": 0.16531677543635484, 
        "fit": "linear", 
        "value": 0.31676490444593153
    }, 
    "Ar38": {
        "error": 0.15985781634304586, 
        "fit": "linear", 
        "value": 2.5646374565152237
    }, 
    "Ar39": {
        "error": 0.14747997853316233, 
        "fit": "linear", 
        "value": 219.45699801084916
    }, 
    "Ar40": {
        "error": 0.36656888094689377, 
        "fit": "linear", 
        "value": 902.41740184425521
    }, 
    "Ar41": {
        "error": 0.12687940434730932, 
        "fit": "average_SEM", 
        "value": 0.26141273502260448
    }
}