{
    "Ar36": {
        "error": 0.00087503313873091401, 
        "fit": "linear", 
        "value": 0.0040295671878225123
    }, 
    "Ar37": {
        "error": 0.15770866231271502, 
        "fit": "linear", 
        "value": 0.027935567705221789
    }, 
    "Ar38": {
        "error": 0.13163402544874739, 
        "fit": "linear", 
        "value": 0.025545078023881479
    }, 
    "Ar39": {
        "error": 0.073013673426278264, 
        "fit": "linear", 
        "value": 17.28606317391284
    }, 
    "Ar40": {
        "error": 0.19208791405350889, 
        "fit": "linear", 
        "value": 71.892625656416783
    }, 
    "Ar41": {
        "error": 0.11716923214601795, 
        "fit": "average_SEM", 
        "value": -0.050513034728355707
    }
}