{
    "Ar36": {
        "error": 0.00098681507330771107, 
        "fit": "linear", 
        "value": 0.0043594709654134027
    }, 
    "Ar37": {
        "error": 0.14230015296574011, 
        "fit": "linear", 
        "value": 0.080971433215430377
    }, 
    "Ar38": {
        "error": 0.1555933260920481, 
        "fit": "linear", 
        "value": 0.57207636361791359
    }, 
    "Ar39": {
        "error": 0.0986298512692102, 
        "fit": "linear", 
        "value": 58.370637063656083
    }, 
    "Ar40": {
        "error": 0.2187766792243182, 
        "fit": "linear", 
        "value": 242.08200704210492
    }, 
    "Ar41": {
        "error": 0.11128217838346628, 
        "fit": "average_SEM", 
        "value": 0.24042013339698315
    }
}