{
    "Ar36": {
        "error": 0.0010106229825534896, 
        "fit": "linear", 
        "value": 0.0044685721708967426
    }, 
    "Ar37": {
        "error": 0.13832718575206004, 
        "fit": "linear", 
        "value": 0.15241376161070946
    }, 
    "Ar38": {
        "error": 0.12201369812464659, 
        "fit": "linear", 
        "value": 0.71686984153761524
    }, 
    "Ar39": {
        "error": 0.092280222583775537, 
        "fit": "linear", 
        "value": 69.881419424774606
    }, 
    "Ar40": {
        "error": 0.25749250129894352, 
        "fit": "linear", 
        "value": 288.26659730474466
    }, 
    "Ar41": {
        "error": 0.12389253465694486, 
        "fit": "average_SEM", 
        "value": -0.018170137263756866
    }
}