{
    "Ar36": {
        "error": 0.0011792245494438402, 
        "fit": "linear", 
        "value": 0.0082569830906204008
    }, 
    "Ar37": {
        "error": 0.13827570200079281, 
        "fit": "linear", 
        "value": 0.14075021830842685
    }, 
    "Ar38": {
        "error": 0.1184435231617179, 
        "fit": "linear", 
        "value": 0.64574507388388425
    }, 
    "Ar39": {
        "error": 0.10002997394441732, 
        "fit": "linear", 
        "value": 66.680296237346994
    }, 
    "Ar40": {
        "error": 0.2583176822817167, 
        "fit": "linear", 
        "value": 274.62351920892326
    }, 
    "Ar41": {
        "error": 0.13243696450427334, 
        "fit": "average_SEM", 
        "value": 0.24684619878418743
    }
}