{
    "Ar36": {
        "error": 0.00090928963939450346, 
        "fit": "linear", 
        "value": 0.0041023753653144012
    }, 
    "Ar37": {
        "error": 0.13900457438714192, 
        "fit": "linear", 
        "value": 0.029613322326156023
    }, 
    "Ar38": {
        "error": 0.16600065095702804, 
        "fit": "linear", 
        "value": -0.16990613353989287
    }, 
    "Ar39": {
        "error": 0.066687587824411351, 
        "fit": "linear", 
        "value": 0.44402994456803485
    }, 
    "Ar40": {
        "error": 0.13874425089497461, 
        "fit": "linear", 
        "value": 2.732006055385507
    }, 
    "Ar41": {
        "error": 0.13357745002276503, 
        "fit": "average_SEM", 
        "value": 0.24769489794659119
    }
}