{
    "Ar36": {
        "error": 0.00092291363954855445, 
        "fit": "linear", 
        "value": 0.0037510308708457877
    }, 
    "Ar37": {
        "error": 0.14721450964905364, 
        "fit": "linear", 
        "value": 0.014236716692711968
    }, 
    "Ar38": {
        "error": 0.14950635600895412, 
        "fit": "linear", 
        "value": -0.11044480344850668
    }, 
    "Ar39": {
        "error": 0.054907017954837607, 
        "fit": "linear", 
        "value": 0.89260663849816746
    }, 
    "Ar40": {
        "error": 0.15332612253910494, 
        "fit": "linear", 
        "value": 4.5548231721148085
    }, 
    "Ar41": {
        "error": 0.10847188525039485, 
        "fit": "average_SEM", 
        "value": 0.24100989751517773
    }
}