{
    "Ar36": {
        "error": 0.0014190215641274905, 
        "fit": "linear", 
        "value": 0.0097630619457203197
    }, 
    "Ar37": {
        "error": 0.12323782329744683, 
        "fit": "linear", 
        "value": 0.16726231527932778
    }, 
    "Ar38": {
        "error": 0.1401357349633163, 
        "fit": "linear", 
        "value": 1.1657170077264218
    }, 
    "Ar39": {
        "error": 0.10895342084096735, 
        "fit": "linear", 
        "value": 103.69901406159974
    }, 
    "Ar40": {
        "error": 0.28573015806771623, 
        "fit": "linear", 
        "value": 426.49434256943562
    }, 
    "Ar41": {
        "error": 0.12302771343085557, 
        "fit": "average_SEM", 
        "value": 0.23065256917383523
    }
}