{
    "Ar36": {
        "error": 0.0010006063428755804, 
        "fit": "linear", 
        "value": 0.0045755564265430376
    }, 
    "Ar37": {
        "error": 0.13691319289460602, 
        "fit": "linear", 
        "value": 0.083666637052630874
    }, 
    "Ar38": {
        "error": 0.13372711945428289, 
        "fit": "linear", 
        "value": 0.45454708058649135
    }, 
    "Ar39": {
        "error": 0.07583933441817324, 
        "fit": "linear", 
        "value": 46.313841354370467
    }, 
    "Ar40": {
        "error": 0.20028679351361167, 
        "fit": "linear", 
        "value": 191.14311460401774
    }, 
    "Ar41": {
        "error": 0.12608771175654535, 
        "fit": "average_SEM", 
        "value": 0.23639471370416382
    }
}