{
    "Ar36": {
        "error": 0.00089979485686119765, 
        "fit": "linear", 
        "value": 0.0037084660575443865
    }, 
    "Ar37": {
        "error": 0.14470855613649053, 
        "fit": "linear", 
        "value": 0.022010251487907452
    }, 
    "Ar38": {
        "error": 0.13663915325680781, 
        "fit": "linear", 
        "value": -0.13396442853368595
    }, 
    "Ar39": {
        "error": 0.058467344211516101, 
        "fit": "linear", 
        "value": 4.5399854571300651
    }, 
    "Ar40": {
        "error": 0.13826795157666039, 
        "fit": "linear", 
        "value": 19.539561161993952
    }, 
    "Ar41": {
        "error": 0.12729434112221838, 
        "fit": "average_SEM", 
        "value": 0.22334987029433251
    }
}