{
    "Ar36": {
        "error": 0.0014901111586761203, 
        "fit": "linear", 
        "value": 0.0088507421894180906
    }, 
    "Ar37": {
        "error": 0.13908593380890705, 
        "fit": "linear", 
        "value": 0.075711309450190376
    }, 
    "Ar38": {
        "error": 0.16342440004026212, 
        "fit": "linear", 
        "value": 0.32531009425728519
    }, 
    "Ar39": {
        "error": 0.080493643294619513, 
        "fit": "linear", 
        "value": 38.39394804644779
    }, 
    "Ar40": {
        "error": 0.19005308950333627, 
        "fit": "linear", 
        "value": 159.57058000257129
    }, 
    "Ar41": {
        "error": 0.12375141599735785, 
        "fit": "average_SEM", 
        "value": 0.24498662936268376
    }
}