{
    "Ar36": {
        "error": 0.0009244947662106882, 
        "fit": "linear", 
        "value": 0.0039251239338853623
    }, 
    "Ar37": {
        "error": 0.16248785072944996, 
        "fit": "linear", 
        "value": 0.0012953823731549213
    }, 
    "Ar38": {
        "error": 0.14489553188437823, 
        "fit": "linear", 
        "value": -0.17302560563288841
    }, 
    "Ar39": {
        "error": 0.059440437600143045, 
        "fit": "linear", 
        "value": 0.43288849716322986
    }, 
    "Ar40": {
        "error": 0.12816830119800263, 
        "fit": "linear", 
        "value": 2.6503193316974736
    }, 
    "Ar41": {
        "error": 0.10208880405607715, 
        "fit": "average_SEM", 
        "value": 0.22791551254689693
    }
}