{
    "Ar36": {
        "error": 0.00093098556131466451, 
        "fit": "linear", 
        "value": 0.0039518056097973637
    }, 
    "Ar37": {
        "error": 0.14322220782272674, 
        "fit": "linear", 
        "value": 0.01708488887283276
    }, 
    "Ar38": {
        "error": 0.15975106519088672, 
        "fit": "linear", 
        "value": -0.13992792372850665
    }, 
    "Ar39": {
        "error": 0.061270062898930298, 
        "fit": "linear", 
        "value": 1.2234353297505782
    }, 
    "Ar40": {
        "error": 0.13355614354972076, 
        "fit": "linear", 
        "value": 5.9978452601332304
    }, 
    "Ar41": {
        "error": 0.12595609495139676, 
        "fit": "average_SEM", 
        "value": 0.22694657171455523
    }
}