{
    "Ar36": {
        "error": 0.0013893774885880585, 
        "fit": "linear", 
        "value": 0.0094750901459783772
    }, 
    "Ar37": {
        "error": 0.13479616939971356, 
        "fit": "linear", 
        "value": 0.20935719835249716
    }, 
    "Ar38": {
        "error": 0.14344696834049339, 
        "fit": "linear", 
        "value": 1.7596581036999028
    }, 
    "Ar39": {
        "error": 0.12140523035146604, 
        "fit": "linear", 
        "value": 155.18601170130842
    }, 
    "Ar40": {
        "error": 0.33934955454195781, 
        "fit": "linear", 
        "value": 638.00624096824674
    }, 
    "Ar41": {
        "error": 0.12223424879922631, 
        "fit": "average_SEM", 
        "value": 0.25689745977520945
    }
}