{
    "Ar36": {
        "error": 0.0016520003984729303, 
        "fit": "linear", 
        "value": 0.015874499058615633
    }, 
    "Ar37": {
        "error": 0.11844690125973227, 
        "fit": "linear", 
        "value": 0.2319216811660576
    }, 
    "Ar38": {
        "error": 0.15972444913134448, 
        "fit": "linear", 
        "value": 2.118675270096027
    }, 
    "Ar39": {
        "error": 0.12658303409972352, 
        "fit": "linear", 
        "value": 183.43450723083583
    }, 
    "Ar40": {
        "error": 0.39568218076863998, 
        "fit": "linear", 
        "value": 755.80958854622736
    }, 
    "Ar41": {
        "error": 0.1198385948858299, 
        "fit": "average_SEM", 
        "value": 0.27053793974220752
    }
}