{
    "Ar36": {
        "error": 0.00096648567236006498, 
        "fit": "linear", 
        "value": 0.0040854033452130036
    }, 
    "Ar37": {
        "error": 0.15382459520874855, 
        "fit": "linear", 
        "value": 0.010339954460121696
    }, 
    "Ar38": {
        "error": 0.143845203441678, 
        "fit": "linear", 
        "value": -0.14498632281074531
    }, 
    "Ar39": {
        "error": 0.059729141405737887, 
        "fit": "linear", 
        "value": 2.5667598008156052
    }, 
    "Ar40": {
        "error": 0.12569049797848009, 
        "fit": "linear", 
        "value": 11.451361761654358
    }, 
    "Ar41": {
        "error": 0.12747084717039175, 
        "fit": "average_SEM", 
        "value": 0.22173274629608689
    }
}