{
    "Ar36": {
        "error": 0.0019290942744524691, 
        "fit": "parabolic", 
        "value": 0.010365821983839438
    }, 
    "Ar37": {
        "error": 0.13802163777820117, 
        "fit": "linear", 
        "value": 0.98089977732178957
    }, 
    "Ar38": {
        "error": 0.19772460968868777, 
        "fit": "linear", 
        "value": 9.8530240639971964
    }, 
    "Ar39": {
        "error": 0.25939830996173824, 
        "fit": "parabolic", 
        "value": 812.30095084104846
    }, 
    "Ar40": {
        "error": 0.80031537457890711, 
        "fit": "parabolic", 
        "value": 3326.3946994150187
    }, 
    "Ar41": {
        "error": 0.12350877996058178, 
        "fit": "average_SEM", 
        "value": 0.047833717286994218
    }
}