{
    "Ar36": {
        "error": 0.0035252188779756962, 
        "fit": "parabolic", 
        "value": 0.063169445733897323
    }, 
    "Ar37": {
        "error": 0.14118057000517875, 
        "fit": "linear", 
        "value": 1.7366483206411172
    }, 
    "Ar38": {
        "error": 0.19358853603561477, 
        "fit": "linear", 
        "value": 17.199349989294973
    }, 
    "Ar39": {
        "error": 0.33192636606215814, 
        "fit": "parabolic", 
        "value": 1403.4368573542283
    }, 
    "Ar40": {
        "error": 1.0419601844309856, 
        "fit": "parabolic", 
        "value": 5765.4686672541775
    }, 
    "Ar41": {
        "error": 0.12891480367221925, 
        "fit": "average_SEM", 
        "value": 0.11876355303567834
    }
}