{
    "Ar36": {
        "error": 0.0026021104585216203, 
        "fit": "parabolic", 
        "value": 0.018137914025429535
    }, 
    "Ar37": {
        "error": 0.13365217023776274, 
        "fit": "linear", 
        "value": 1.7805119891806573
    }, 
    "Ar38": {
        "error": 0.17531931014795898, 
        "fit": "linear", 
        "value": 17.650361166094999
    }, 
    "Ar39": {
        "error": 0.37165962164910799, 
        "fit": "parabolic", 
        "value": 1438.8025800231337
    }, 
    "Ar40": {
        "error": 1.1228669102604618, 
        "fit": "parabolic", 
        "value": 5889.1438141983008
    }, 
    "Ar41": {
        "error": 0.11910162978231573, 
        "fit": "average_SEM", 
        "value": 0.11678415394097101
    }
}