{
    "Ar36": {
        "error": 0.0016060695920142103, 
        "fit": "parabolic", 
        "value": 0.0097508821474400313
    }, 
    "Ar37": {
        "error": 0.12977756189111384, 
        "fit": "linear", 
        "value": 0.1835570298823625
    }, 
    "Ar38": {
        "error": 0.19577924200400612, 
        "fit": "linear", 
        "value": 1.5900941136342732
    }, 
    "Ar39": {
        "error": 0.12447507815563413, 
        "fit": "parabolic", 
        "value": 135.19596403855698
    }, 
    "Ar40": {
        "error": 0.31169967195960557, 
        "fit": "parabolic", 
        "value": 555.31002650869641
    }, 
    "Ar41": {
        "error": 0.12153865544166098, 
        "fit": "average_SEM", 
        "value": -0.021047233375029464
    }
}