{
    "Ar36": {
        "error": 0.0021724024392542488, 
        "fit": "parabolic", 
        "value": 0.016582540925237435
    }, 
    "Ar37": {
        "error": 0.13978494888964835, 
        "fit": "linear", 
        "value": 0.78537129892471458
    }, 
    "Ar38": {
        "error": 0.18410572043369366, 
        "fit": "linear", 
        "value": 7.5728338642008515
    }, 
    "Ar39": {
        "error": 0.2279158063414565, 
        "fit": "parabolic", 
        "value": 624.05752664355896
    }, 
    "Ar40": {
        "error": 0.64337056870795217, 
        "fit": "parabolic", 
        "value": 2557.2801701774424
    }, 
    "Ar41": {
        "error": 0.12337901104172708, 
        "fit": "average_SEM", 
        "value": 0.035162636678724081
    }
}