{
    "Ar36": {
        "error": 0.0021643418921738172, 
        "fit": "parabolic", 
        "value": 0.014843964063707062
    }, 
    "Ar37": {
        "error": 0.13960907074440695, 
        "fit": "linear", 
        "value": 0.74037574275780316
    }, 
    "Ar38": {
        "error": 0.15881474238439819, 
        "fit": "linear", 
        "value": 8.39544974701084
    }, 
    "Ar39": {
        "error": 0.24096900172614244, 
        "fit": "parabolic", 
        "value": 687.11020406050898
    }, 
    "Ar40": {
        "error": 0.68865729962951283, 
        "fit": "parabolic", 
        "value": 2814.3054073289577
    }, 
    "Ar41": {
        "error": 0.12001556170419703, 
        "fit": "average_SEM", 
        "value": 0.034054553345631573
    }
}