{
    "Ar36": {
        "error": 0.00282598788556556, 
        "fit": "parabolic", 
        "value": 0.028161405735798735
    }, 
    "Ar37": {
        "error": 0.13786927211115552, 
        "fit": "linear", 
        "value": 1.5478347701711646
    }, 
    "Ar38": {
        "error": 0.18348814250021803, 
        "fit": "linear", 
        "value": 15.721760019564488
    }, 
    "Ar39": {
        "error": 0.33370539305593344, 
        "fit": "parabolic", 
        "value": 1287.1669691148459
    }, 
    "Ar40": {
        "error": 0.97279505799483712, 
        "fit": "parabolic", 
        "value": 5269.1816073787304
    }, 
    "Ar41": {
        "error": 0.12105279619757409, 
        "fit": "average_SEM", 
        "value": 0.11161157822891254
    }
}