{
    "Ar36": {
        "error": 0.0029441567596208904, 
        "fit": "parabolic", 
        "value": 0.040023740893868183
    }, 
    "Ar37": {
        "error": 0.1369397002424286, 
        "fit": "linear", 
        "value": 1.1700525730622511
    }, 
    "Ar38": {
        "error": 0.18277991770221033, 
        "fit": "linear", 
        "value": 11.415958464563818
    }, 
    "Ar39": {
        "error": 0.29279607567677535, 
        "fit": "parabolic", 
        "value": 936.80970911380632
    }, 
    "Ar40": {
        "error": 0.82877053489687857, 
        "fit": "parabolic", 
        "value": 3845.2880778825956
    }, 
    "Ar41": {
        "error": 0.12147573223580049, 
        "fit": "average_SEM", 
        "value": 0.058346684646094216
    }
}