{
    "Ar36": {
        "error": 0.0017813091691561511, 
        "fit": "parabolic", 
        "value": 0.0090681643244979356
    }, 
    "Ar37": {
        "error": 0.13640743453658646, 
        "fit": "linear", 
        "value": 0.34741575199870811
    }, 
    "Ar38": {
        "error": 0.18127924800984643, 
        "fit": "linear", 
        "value": 3.7590094943424468
    }, 
    "Ar39": {
        "error": 0.16916159200399683, 
        "fit": "parabolic", 
        "value": 320.57095530069978
    }, 
    "Ar40": {
        "error": 0.44808998158798241, 
        "fit": "parabolic", 
        "value": 1314.1491697440633
    }, 
    "Ar41": {
        "error": 0.11703648789278624, 
        "fit": "average_SEM", 
        "value": -0.013375635506235994
    }
}