{
    "Ar36": {
        "error": 0.0014311561789225283, 
        "fit": "parabolic", 
        "value": 0.0076806492856497065
    }, 
    "Ar37": {
        "error": 0.13332148655431231, 
        "fit": "linear", 
        "value": 0.20446778238809996
    }, 
    "Ar38": {
        "error": 0.18595082551272327, 
        "fit": "linear", 
        "value": 1.7816550830243487
    }, 
    "Ar39": {
        "error": 0.12758807377461109, 
        "fit": "parabolic", 
        "value": 157.6170784600443
    }, 
    "Ar40": {
        "error": 0.33956034014963565, 
        "fit": "parabolic", 
        "value": 647.25960825522498
    }, 
    "Ar41": {
        "error": 0.12446628047018278, 
        "fit": "average_SEM", 
        "value": -0.028832314220053376
    }
}