{
    "Ar36": {
        "error": 0.0011035870737408709, 
        "fit": "linear", 
        "value": 0.0076631512918765524
    }, 
    "Ar37": {
        "error": 0.13276894033375156, 
        "fit": "linear", 
        "value": 0.1220378921979751
    }, 
    "Ar38": {
        "error": 0.16123182885708062, 
        "fit": "linear", 
        "value": 1.2895725511027198
    }, 
    "Ar39": {
        "error": 0.10290795051986619, 
        "fit": "linear", 
        "value": 114.60048320593356
    }, 
    "Ar40": {
        "error": 0.30520930329873397, 
        "fit": "linear", 
        "value": 470.00708367819078
    }, 
    "Ar41": {
        "error": 0.11472055036959371, 
        "fit": "average_SEM", 
        "value": -0.0084023376076947896
    }
}