{
    "Ar36": {
        "error": 0.0016197537060374555, 
        "fit": "linear", 
        "value": 0.01015371375260184
    }, 
    "Ar37": {
        "error": 0.15056413555862241, 
        "fit": "linear", 
        "value": 0.47414362892608286
    }, 
    "Ar38": {
        "error": 0.16581821586735229, 
        "fit": "linear", 
        "value": 4.3351362188348279
    }, 
    "Ar39": {
        "error": 0.18154886290052519, 
        "fit": "linear", 
        "value": 360.85660538557022
    }, 
    "Ar40": {
        "error": 0.50165513559522479, 
        "fit": "linear", 
        "value": 1478.8888303031877
    }, 
    "Ar41": {
        "error": 0.12891498950566588, 
        "fit": "average_SEM", 
        "value": -0.0070167400691813478
    }
}