{
    "Ar36": {
        "error": 0.0013096429536924917, 
        "fit": "linear", 
        "value": 0.0070339401623696028
    }, 
    "Ar37": {
        "error": 0.14007738786779853, 
        "fit": "linear", 
        "value": 0.51469112596996669
    }, 
    "Ar38": {
        "error": 0.18763983010499533, 
        "fit": "linear", 
        "value": 5.0442360941867648
    }, 
    "Ar39": {
        "error": 0.22932574019817803, 
        "fit": "linear", 
        "value": 418.63117922333407
    }, 
    "Ar40": {
        "error": 0.5404377232472205, 
        "fit": "linear", 
        "value": 1717.6170391858968
    }, 
    "Ar41": {
        "error": 0.13222120329424517, 
        "fit": "average_SEM", 
        "value": 0.27960308976471426
    }
}