{
    "Ar36": {
        "error": 0.0011447195990434756, 
        "fit": "linear", 
        "value": 0.0050034117657982635
    }, 
    "Ar37": {
        "error": 0.13016851508341196, 
        "fit": "linear", 
        "value": 0.3446566112471755
    }, 
    "Ar38": {
        "error": 0.15438689419009663, 
        "fit": "linear", 
        "value": 3.6256529814616725
    }, 
    "Ar39": {
        "error": 0.16391537513527277, 
        "fit": "linear", 
        "value": 301.04350021628193
    }, 
    "Ar40": {
        "error": 0.4103237897713447, 
        "fit": "linear", 
        "value": 1239.8763241579388
    }, 
    "Ar41": {
        "error": 0.1222616523226249, 
        "fit": "average_SEM", 
        "value": 0.0016656057264966269
    }
}