{
    "Ar36": {
        "error": 0.0012002872314586688, 
        "fit": "linear", 
        "value": 0.00717711496174129
    }, 
    "Ar37": {
        "error": 0.13538722063563297, 
        "fit": "linear", 
        "value": 0.18462027121991492
    }, 
    "Ar38": {
        "error": 0.18303089703301414, 
        "fit": "linear", 
        "value": 1.3965983614857054
    }, 
    "Ar39": {
        "error": 0.10912951350442458, 
        "fit": "linear", 
        "value": 120.07443742706332
    }, 
    "Ar40": {
        "error": 0.30241357808635561, 
        "fit": "linear", 
        "value": 491.71785823850462
    }, 
    "Ar41": {
        "error": 0.11786178100910279, 
        "fit": "average_SEM", 
        "value": -0.010523066901757071
    }
}