{
    "Ar36": {
        "error": 0.00087686321423523846, 
        "fit": "linear", 
        "value": 0.0036818091496989831
    }, 
    "Ar37": {
        "error": 0.15572796089549376, 
        "fit": "linear", 
        "value": 0.034483540772200498
    }, 
    "Ar38": {
        "error": 0.13276240946512621, 
        "fit": "linear", 
        "value": -0.017936779089489402
    }, 
    "Ar39": {
        "error": 0.072643379744851952, 
        "fit": "linear", 
        "value": 12.646601460503589
    }, 
    "Ar40": {
        "error": 0.14072337059356479, 
        "fit": "linear", 
        "value": 52.879499611206086
    }, 
    "Ar41": {
        "error": 0.11221083581229936, 
        "fit": "average_SEM", 
        "value": 0.24962991637488205
    }
}