{
    "Ar36": {
        "error": 0.001016781162351233, 
        "fit": "linear", 
        "value": 0.0064845673845909061
    }, 
    "Ar37": {
        "error": 0.14303800825855079, 
        "fit": "linear", 
        "value": 0.24097131321914861
    }, 
    "Ar38": {
        "error": 0.17240921011173177, 
        "fit": "linear", 
        "value": 1.7416113628512169
    }, 
    "Ar39": {
        "error": 0.12378855864647273, 
        "fit": "linear", 
        "value": 151.32654104675481
    }, 
    "Ar40": {
        "error": 0.3432616420361112, 
        "fit": "linear", 
        "value": 622.5037601454585
    }, 
    "Ar41": {
        "error": 0.1257748139576309, 
        "fit": "average_SEM", 
        "value": 0.25874172678682955
    }
}