{
    "Ar36": {
        "error": 0.0010053515848084062, 
        "fit": "linear", 
        "value": 0.0046515974343416689
    }, 
    "Ar37": {
        "error": 0.14752345174950415, 
        "fit": "linear", 
        "value": 0.035003865306227323
    }, 
    "Ar38": {
        "error": 0.13002701557386329, 
        "fit": "linear", 
        "value": -0.021214841821020798
    }, 
    "Ar39": {
        "error": 0.067674866422317362, 
        "fit": "linear", 
        "value": 10.596035504963979
    }, 
    "Ar40": {
        "error": 0.14612872885046627, 
        "fit": "linear", 
        "value": 44.604212639622524
    }, 
    "Ar41": {
        "error": 0.11415492945186394, 
        "fit": "average_SEM", 
        "value": 0.23192251474286119
    }
}