{
    "Ar36": {
        "error": 0.00099181365844304534, 
        "fit": "linear", 
        "value": 0.0043248344209368787
    }, 
    "Ar37": {
        "error": 0.13960405992150465, 
        "fit": "linear", 
        "value": 0.069527966602021041
    }, 
    "Ar38": {
        "error": 0.14044564616588695, 
        "fit": "linear", 
        "value": 0.50710868231367878
    }, 
    "Ar39": {
        "error": 0.093420606067814327, 
        "fit": "linear", 
        "value": 52.488130379709709
    }, 
    "Ar40": {
        "error": 0.22904702274208058, 
        "fit": "linear", 
        "value": 215.66462891589254
    }, 
    "Ar41": {
        "error": 0.1720621029549092, 
        "fit": "average_SEM", 
        "value": 0.03508299716049805
    }
}