{
    "Ar36": {
        "error": 0.0012890596288326101, 
        "fit": "linear", 
        "value": 0.007527441655980318
    }, 
    "Ar37": {
        "error": 0.13112427226584372, 
        "fit": "linear", 
        "value": 0.24543057323678413
    }, 
    "Ar38": {
        "error": 0.13422332975183326, 
        "fit": "linear", 
        "value": 2.6280287435098906
    }, 
    "Ar39": {
        "error": 0.15953594974248719, 
        "fit": "linear", 
        "value": 225.70419635013786
    }, 
    "Ar40": {
        "error": 0.39133805392789212, 
        "fit": "linear", 
        "value": 927.30215152533117
    }, 
    "Ar41": {
        "error": 0.12765150873807835, 
        "fit": "average_SEM", 
        "value": -0.022987469841270165
    }
}