{
    "Ar36": {
        "error": 0.0013709961277904707, 
        "fit": "linear", 
        "value": 0.010209259314379153
    }, 
    "Ar37": {
        "error": 0.14428111987382747, 
        "fit": "linear", 
        "value": 0.51408269184992683
    }, 
    "Ar38": {
        "error": 0.1504456984532323, 
        "fit": "linear", 
        "value": 4.6357461422193573
    }, 
    "Ar39": {
        "error": 0.17822984221080473, 
        "fit": "linear", 
        "value": 384.2676776016674
    }, 
    "Ar40": {
        "error": 0.56162826971742186, 
        "fit": "linear", 
        "value": 1571.7806455292603
    }, 
    "Ar41": {
        "error": 0.12235216077121649, 
        "fit": "average_SEM", 
        "value": -0.0041747454192955051
    }
}