{
    "Ar36": {
        "error": 0.00095502997365060614, 
        "fit": "linear", 
        "value": 0.0050159011712823569
    }, 
    "Ar37": {
        "error": 0.13283500136634196, 
        "fit": "linear", 
        "value": 0.048086459034699144
    }, 
    "Ar38": {
        "error": 0.14918840113071968, 
        "fit": "linear", 
        "value": 0.060286661122917723
    }, 
    "Ar39": {
        "error": 0.071163527543828514, 
        "fit": "linear", 
        "value": 22.152512569361207
    }, 
    "Ar40": {
        "error": 0.18258183288104737, 
        "fit": "linear", 
        "value": 92.507336051335528
    }, 
    "Ar41": {
        "error": 0.11799024487714119, 
        "fit": "average_SEM", 
        "value": -0.043656701756117397
    }
}