{
    "Ar36": {
        "error": 0.0011449217014986668, 
        "fit": "linear", 
        "value": 0.0044339014994851308
    }, 
    "Ar37": {
        "error": 0.1398450530178256, 
        "fit": "linear", 
        "value": 0.40376332136855575
    }, 
    "Ar38": {
        "error": 0.15792861049129878, 
        "fit": "linear", 
        "value": 3.619126096342673
    }, 
    "Ar39": {
        "error": 0.20202418140254119, 
        "fit": "linear", 
        "value": 306.69154764132185
    }, 
    "Ar40": {
        "error": 0.58530832091459095, 
        "fit": "linear", 
        "value": 1254.1914958911839
    }, 
    "Ar41": {
        "error": 0.12514539619463674, 
        "fit": "average_SEM", 
        "value": -0.0095911921599569419
    }
}