{
    "Ar36": {
        "error": 0.0011379822054044704, 
        "fit": "linear", 
        "value": 0.0071496270690080506
    }, 
    "Ar37": {
        "error": 0.15298284117748648, 
        "fit": "linear", 
        "value": 0.1181727616621599
    }, 
    "Ar38": {
        "error": 0.15188537484645973, 
        "fit": "linear", 
        "value": 0.52359063372295045
    }, 
    "Ar39": {
        "error": 0.079752251662578627, 
        "fit": "linear", 
        "value": 54.540308976402578
    }, 
    "Ar40": {
        "error": 0.1956569377341191, 
        "fit": "linear", 
        "value": 224.60352162477756
    }, 
    "Ar41": {
        "error": 0.12026261004936856, 
        "fit": "average_SEM", 
        "value": -0.034243029998421361
    }
}