{
    "Ar36": {
        "error": 0.0011233003679342601, 
        "fit": "linear", 
        "value": 0.0057694146531789108
    }, 
    "Ar37": {
        "error": 0.12303881469517783, 
        "fit": "linear", 
        "value": 0.029929019127765837
    }, 
    "Ar38": {
        "error": 0.15578699946624636, 
        "fit": "linear", 
        "value": -0.11413954870551835
    }, 
    "Ar39": {
        "error": 0.070870085210341036, 
        "fit": "linear", 
        "value": 2.8637563439701355
    }, 
    "Ar40": {
        "error": 0.14769770860017262, 
        "fit": "linear", 
        "value": 14.161753974002291
    }, 
    "Ar41": {
        "error": 0.11959034413467776, 
        "fit": "average_SEM", 
        "value": 0.22506566293848057
    }
}