{
    "Ar36": {
        "error": 0.0018921860731604607, 
        "fit": "linear", 
        "value": 0.018112861986226338
    }, 
    "Ar37": {
        "error": 0.1475150382615566, 
        "fit": "linear", 
        "value": 0.52280247860798057
    }, 
    "Ar38": {
        "error": 0.19772298228048341, 
        "fit": "linear", 
        "value": 5.4201578358841438
    }, 
    "Ar39": {
        "error": 0.20824164983845481, 
        "fit": "linear", 
        "value": 451.51324252344699
    }, 
    "Ar40": {
        "error": 0.53073857500702515, 
        "fit": "linear", 
        "value": 1857.4127649044899
    }, 
    "Ar41": {
        "error": 0.12441281268586109, 
        "fit": "average_SEM", 
        "value": 0.0016343585731616865
    }
}