{
    "Ar36": {
        "error": 0.0012208416219242403, 
        "fit": "linear", 
        "value": 0.0080294733289831763
    }, 
    "Ar37": {
        "error": 0.14364822106880598, 
        "fit": "linear", 
        "value": 0.50350021424239166
    }, 
    "Ar38": {
        "error": 0.15432834983012955, 
        "fit": "linear", 
        "value": 4.4414940636004978
    }, 
    "Ar39": {
        "error": 0.20382670399326053, 
        "fit": "linear", 
        "value": 368.46092127486099
    }, 
    "Ar40": {
        "error": 0.51596026677481133, 
        "fit": "linear", 
        "value": 1511.4269719277061
    }, 
    "Ar41": {
        "error": 0.122952408459367, 
        "fit": "average_SEM", 
        "value": 0.28200290138823525
    }
}