{
    "Ar36": {
        "error": 0.001078638214674402, 
        "fit": "linear", 
        "value": 0.0045225988202138544
    }, 
    "Ar37": {
        "error": 0.13782059900848528, 
        "fit": "linear", 
        "value": 0.33316692547418764
    }, 
    "Ar38": {
        "error": 0.14453978615400173, 
        "fit": "linear", 
        "value": 2.9652635868282844
    }, 
    "Ar39": {
        "error": 0.15936966207497777, 
        "fit": "linear", 
        "value": 248.54286718761142
    }, 
    "Ar40": {
        "error": 0.39967120842172832, 
        "fit": "linear", 
        "value": 1023.0717970998908
    }, 
    "Ar41": {
        "error": 0.11341062086373119, 
        "fit": "average_SEM", 
        "value": 0.00041120917769148945
    }
}