{
    "Ar36": {
        "error": 0.00098688974720677184, 
        "fit": "linear", 
        "value": 0.0048023787376627845
    }, 
    "Ar37": {
        "error": 0.14189073691092635, 
        "fit": "linear", 
        "value": -0.029456776963667424
    }, 
    "Ar38": {
        "error": 0.16366657742951532, 
        "fit": "linear", 
        "value": -0.11130869070892284
    }, 
    "Ar39": {
        "error": 0.056160391784687902, 
        "fit": "linear", 
        "value": 1.0238310264273802
    }, 
    "Ar40": {
        "error": 0.13626461913330781, 
        "fit": "linear", 
        "value": 6.3917430223106901
    }, 
    "Ar41": {
        "error": 0.13126107790495736, 
        "fit": "average_SEM", 
        "value": 0.23342666348131993
    }
}