{
    "Ar36": {
        "error": 0.00096977095429656766, 
        "fit": "linear", 
        "value": 0.0035591520052827251
    }, 
    "Ar37": {
        "error": 0.1437471699426498, 
        "fit": "linear", 
        "value": 0.12527857308491516
    }, 
    "Ar38": {
        "error": 0.15219680738952818, 
        "fit": "linear", 
        "value": 1.1096779611052965
    }, 
    "Ar39": {
        "error": 0.11328080972937735, 
        "fit": "linear", 
        "value": 101.53455932932997
    }, 
    "Ar40": {
        "error": 0.29367948787829035, 
        "fit": "linear", 
        "value": 418.66310283210726
    }, 
    "Ar41": {
        "error": 0.12675197210553193, 
        "fit": "average_SEM", 
        "value": -0.022384595808495458
    }
}