{
    "Ar36": {
        "error": 0.0010706015185422723, 
        "fit": "linear", 
        "value": 0.0063380076816318496
    }, 
    "Ar37": {
        "error": 0.13642198067172659, 
        "fit": "linear", 
        "value": 0.10626291411948766
    }, 
    "Ar38": {
        "error": 0.1446624464422179, 
        "fit": "linear", 
        "value": 0.72367448741315621
    }, 
    "Ar39": {
        "error": 0.096052362829591648, 
        "fit": "linear", 
        "value": 69.702706172648107
    }, 
    "Ar40": {
        "error": 0.26554727943508721, 
        "fit": "linear", 
        "value": 286.2168811955263
    }, 
    "Ar41": {
        "error": 0.13784892071527119, 
        "fit": "average_SEM", 
        "value": -0.052642654116304283
    }
}