{
    "Ar36": {
        "error": 0.0012007487887731711, 
        "fit": "linear", 
        "value": 0.0059802700905964455
    }, 
    "Ar37": {
        "error": 0.14696930415740342, 
        "fit": "linear", 
        "value": 0.01200128204325647
    }, 
    "Ar38": {
        "error": 0.15083180850255629, 
        "fit": "linear", 
        "value": -0.0099121451573257746
    }, 
    "Ar39": {
        "error": 0.065018145145101722, 
        "fit": "linear", 
        "value": 13.019518093581652
    }, 
    "Ar40": {
        "error": 0.14994386759340544, 
        "fit": "linear", 
        "value": 55.240419021090318
    }, 
    "Ar41": {
        "error": 0.12286893084829237, 
        "fit": "average_SEM", 
        "value": 0.22273635332783062
    }
}