{
    "Ar36": {
        "error": 0.0010585064296739998, 
        "fit": "linear", 
        "value": 0.0062249928542545685
    }, 
    "Ar37": {
        "error": 0.14250439291184691, 
        "fit": "linear", 
        "value": 0.091910212150055404
    }, 
    "Ar38": {
        "error": 0.16292713987715321, 
        "fit": "linear", 
        "value": 0.25092563918699984
    }, 
    "Ar39": {
        "error": 0.080292698547443503, 
        "fit": "linear", 
        "value": 34.825619442974428
    }, 
    "Ar40": {
        "error": 0.20366111391271255, 
        "fit": "linear", 
        "value": 143.58654435035379
    }, 
    "Ar41": {
        "error": 0.12113395106382013, 
        "fit": "average_SEM", 
        "value": 0.22947798591728011
    }
}