{
    "Ar36": {
        "error": 0.00097288179469448804, 
        "fit": "linear", 
        "value": 0.0062556840290069575
    }, 
    "Ar37": {
        "error": 0.14465709019095557, 
        "fit": "linear", 
        "value": 0.03121701597459136
    }, 
    "Ar38": {
        "error": 0.15275983469512278, 
        "fit": "linear", 
        "value": -0.083097608848864579
    }, 
    "Ar39": {
        "error": 0.060150285233126467, 
        "fit": "linear", 
        "value": 5.4554854906464811
    }, 
    "Ar40": {
        "error": 0.15691787561469919, 
        "fit": "linear", 
        "value": 24.815544421349571
    }, 
    "Ar41": {
        "error": 0.12616332989787987, 
        "fit": "average_SEM", 
        "value": 0.23318559645675122
    }
}