{
    "Ar36": {
        "error": 0.0011012770196375228, 
        "fit": "linear", 
        "value": 0.0064564328272141399
    }, 
    "Ar37": {
        "error": 0.14387376604523455, 
        "fit": "linear", 
        "value": -0.0297515950645569
    }, 
    "Ar38": {
        "error": 0.13243430667676034, 
        "fit": "linear", 
        "value": -0.040761822237059701
    }, 
    "Ar39": {
        "error": 0.062397353358179142, 
        "fit": "linear", 
        "value": 6.6626075406620426
    }, 
    "Ar40": {
        "error": 0.13659429844113324, 
        "fit": "linear", 
        "value": 28.865974265700181
    }, 
    "Ar41": {
        "error": 0.123022726388662, 
        "fit": "average_SEM", 
        "value": -0.046948208822868764
    }
}