{
    "Ar36": {
        "error": 0.0013057378236822066, 
        "fit": "linear", 
        "value": 0.0089203544492656786
    }, 
    "Ar37": {
        "error": 0.13546956545748495, 
        "fit": "linear", 
        "value": 0.6102213925161617
    }, 
    "Ar38": {
        "error": 0.16944033323895044, 
        "fit": "linear", 
        "value": 5.06139345998821
    }, 
    "Ar39": {
        "error": 0.19547736336540825, 
        "fit": "linear", 
        "value": 420.20836578004992
    }, 
    "Ar40": {
        "error": 0.55523642352199054, 
        "fit": "linear", 
        "value": 1726.7666071223071
    }, 
    "Ar41": {
        "error": 0.12159935693854874, 
        "fit": "average_SEM", 
        "value": 0.2840844242274761
    }
}