{
    "Ar36": {
        "error": 0.0014718603858757259, 
        "fit": "linear", 
        "value": 0.0078660999051212346
    }, 
    "Ar37": {
        "error": 0.1380907830131313, 
        "fit": "linear", 
        "value": 0.39422979065522856
    }, 
    "Ar38": {
        "error": 0.17158038116445246, 
        "fit": "linear", 
        "value": 4.0726772872756927
    }, 
    "Ar39": {
        "error": 0.17092046883178119, 
        "fit": "linear", 
        "value": 340.53933196426635
    }, 
    "Ar40": {
        "error": 0.50370138819812116, 
        "fit": "linear", 
        "value": 1399.5156425318614
    }, 
    "Ar41": {
        "error": 0.1135283018605935, 
        "fit": "average_SEM", 
        "value": 0.26409893345087765
    }
}