{
    "Ar36": {
        "error": 0.0011630400186675314, 
        "fit": "linear", 
        "value": 0.0057047954576306716
    }, 
    "Ar37": {
        "error": 0.14813041557499562, 
        "fit": "linear", 
        "value": 0.059352670790601122
    }, 
    "Ar38": {
        "error": 0.17425406687805664, 
        "fit": "linear", 
        "value": 0.19837353421959636
    }, 
    "Ar39": {
        "error": 0.078991455014790393, 
        "fit": "linear", 
        "value": 28.526144802327934
    }, 
    "Ar40": {
        "error": 0.17127701701953066, 
        "fit": "linear", 
        "value": 118.91665381183569
    }, 
    "Ar41": {
        "error": 0.12721626143153703, 
        "fit": "average_SEM", 
        "value": 0.24252011987380684
    }
}