{
    "Ar36": {
        "error": 0.0018424568818139516, 
        "fit": "linear", 
        "value": 0.018451597712534358
    }, 
    "Ar37": {
        "error": 0.14312250989892747, 
        "fit": "linear", 
        "value": 0.082084830571689263
    }, 
    "Ar38": {
        "error": 0.1452814088796201, 
        "fit": "linear", 
        "value": 1.0110728447705024
    }, 
    "Ar39": {
        "error": 0.10492542779239003, 
        "fit": "linear", 
        "value": 90.854981056871651
    }, 
    "Ar40": {
        "error": 0.26830451716091797, 
        "fit": "linear", 
        "value": 378.00445350951122
    }, 
    "Ar41": {
        "error": 0.1221727383699187, 
        "fit": "average_SEM", 
        "value": -0.049609099638958772
    }
}