{
    "Ar36": {
        "error": 0.0012106185923188696, 
        "fit": "linear", 
        "value": 0.010134244312883928
    }, 
    "Ar37": {
        "error": 0.15073435156888731, 
        "fit": "linear", 
        "value": 0.070104397647294078
    }, 
    "Ar38": {
        "error": 0.17495757190979772, 
        "fit": "linear", 
        "value": -0.1451485507601338
    }, 
    "Ar39": {
        "error": 0.062903396549002066, 
        "fit": "linear", 
        "value": 0.053726691402486107
    }, 
    "Ar40": {
        "error": 0.12407889077853095, 
        "fit": "linear", 
        "value": 3.3241813817973593
    }, 
    "Ar41": {
        "error": 0.13011158400696324, 
        "fit": "average_SEM", 
        "value": 0.21245370939994851
    }
}