{
    "Ar36": {
        "error": 0.00094033130889776542, 
        "fit": "linear", 
        "value": 0.0044585261846773845
    }, 
    "Ar37": {
        "error": 0.14944871141624905, 
        "fit": "linear", 
        "value": 0.068558798112946337
    }, 
    "Ar38": {
        "error": 0.14725356425062197, 
        "fit": "linear", 
        "value": 0.35492957478327108
    }, 
    "Ar39": {
        "error": 0.083008950264796044, 
        "fit": "linear", 
        "value": 41.452848824572889
    }, 
    "Ar40": {
        "error": 0.19518629603544074, 
        "fit": "linear", 
        "value": 170.54041625319599
    }, 
    "Ar41": {
        "error": 0.12354905225562392, 
        "fit": "average_SEM", 
        "value": 0.24157100208258878
    }
}