{
    "Ar36": {
        "error": 0.0011703302926869461, 
        "fit": "linear", 
        "value": 0.0064222772847371025
    }, 
    "Ar37": {
        "error": 0.1348804218839223, 
        "fit": "linear", 
        "value": 0.13827624624429824
    }, 
    "Ar38": {
        "error": 0.14944882738952261, 
        "fit": "linear", 
        "value": 1.0302022166996925
    }, 
    "Ar39": {
        "error": 0.10448028371252313, 
        "fit": "linear", 
        "value": 93.003993267101919
    }, 
    "Ar40": {
        "error": 0.27851645428254729, 
        "fit": "linear", 
        "value": 383.59027699061869
    }, 
    "Ar41": {
        "error": 0.12239344210544188, 
        "fit": "average_SEM", 
        "value": 0.24118428579997273
    }
}