{
    "Ar36": {
        "error": 0.0011118237097049793, 
        "fit": "linear", 
        "value": 0.0061924025653662023
    }, 
    "Ar37": {
        "error": 0.12846032259594412, 
        "fit": "linear", 
        "value": 0.043600945324929932
    }, 
    "Ar38": {
        "error": 0.1577492030496522, 
        "fit": "linear", 
        "value": 0.43423741216312706
    }, 
    "Ar39": {
        "error": 0.086183084640477484, 
        "fit": "linear", 
        "value": 46.803975684888897
    }, 
    "Ar40": {
        "error": 0.20233054924757421, 
        "fit": "linear", 
        "value": 192.76994902832109
    }, 
    "Ar41": {
        "error": 0.12638051779675913, 
        "fit": "average_SEM", 
        "value": 0.22749409500664722
    }
}