{
    "Ar36": {
        "error": 0.0010115110388604655, 
        "fit": "linear", 
        "value": 0.0037686157475732935
    }, 
    "Ar37": {
        "error": 0.13473244934657116, 
        "fit": "linear", 
        "value": 0.0013208052742607595
    }, 
    "Ar38": {
        "error": 0.15221989639399283, 
        "fit": "linear", 
        "value": -0.099044791391444981
    }, 
    "Ar39": {
        "error": 0.055423929033062209, 
        "fit": "linear", 
        "value": 4.2322870611280994
    }, 
    "Ar40": {
        "error": 0.13416122215900542, 
        "fit": "linear", 
        "value": 18.353316091572772
    }, 
    "Ar41": {
        "error": 0.11941955802077332, 
        "fit": "average_SEM", 
        "value": 0.2390075983510663
    }
}