{
    "Ar36": {
        "error": 0.0011783262255178036, 
        "fit": "linear", 
        "value": 0.0065131810999708899
    }, 
    "Ar37": {
        "error": 0.15025867673004825, 
        "fit": "linear", 
        "value": 0.038916341772306365
    }, 
    "Ar38": {
        "error": 0.15591081501823004, 
        "fit": "linear", 
        "value": 0.16863597880995146
    }, 
    "Ar39": {
        "error": 0.075201064869879777, 
        "fit": "linear", 
        "value": 26.123199539207494
    }, 
    "Ar40": {
        "error": 0.18279363305718349, 
        "fit": "linear", 
        "value": 108.43196028913016
    }, 
    "Ar41": {
        "error": 0.10754529654518315, 
        "fit": "average_SEM", 
        "value": 0.23758457352717718
    }
}