{
    "Ar36": {
        "error": 0.0010972489897122159, 
        "fit": "linear", 
        "value": 0.0045135760570119351
    }, 
    "Ar37": {
        "error": 0.13779632397145969, 
        "fit": "linear", 
        "value": 0.047465843547672026
    }, 
    "Ar38": {
        "error": 0.15768378403491143, 
        "fit": "linear", 
        "value": 0.35264396379892848
    }, 
    "Ar39": {
        "error": 0.07968711172079293, 
        "fit": "linear", 
        "value": 42.183449619952327
    }, 
    "Ar40": {
        "error": 0.20880683232376904, 
        "fit": "linear", 
        "value": 173.44462959905934
    }, 
    "Ar41": {
        "error": 0.12441651078188151, 
        "fit": "average_SEM", 
        "value": -0.048580625392593599
    }
}