{
    "Ar36": {
        "error": 0.0011116478476853929, 
        "fit": "linear", 
        "value": 0.0059065562738359022
    }, 
    "Ar37": {
        "error": 0.11909434279876081, 
        "fit": "linear", 
        "value": 0.085858822368540033
    }, 
    "Ar38": {
        "error": 0.13996510123581096, 
        "fit": "linear", 
        "value": 0.098915299175288213
    }, 
    "Ar39": {
        "error": 0.075568284254187323, 
        "fit": "linear", 
        "value": 21.704892978093184
    }, 
    "Ar40": {
        "error": 0.18544915277438384, 
        "fit": "linear", 
        "value": 90.508095148254185
    }, 
    "Ar41": {
        "error": 0.12628629528338592, 
        "fit": "average_SEM", 
        "value": -0.053726895631601414
    }
}