{
    "Ar36": {
        "error": 0.00098867787884878572, 
        "fit": "linear", 
        "value": 0.0037456040721151598
    }, 
    "Ar37": {
        "error": 0.1342999129360469, 
        "fit": "linear", 
        "value": 0.033468377487292686
    }, 
    "Ar38": {
        "error": 0.15986150106513128, 
        "fit": "linear", 
        "value": 0.23752031043805455
    }, 
    "Ar39": {
        "error": 0.073541656133210828, 
        "fit": "linear", 
        "value": 30.106943819366236
    }, 
    "Ar40": {
        "error": 0.1951501421719691, 
        "fit": "linear", 
        "value": 125.03731716088947
    }, 
    "Ar41": {
        "error": 0.11546370086595581, 
        "fit": "average_SEM", 
        "value": -0.026163593127081792
    }
}