{
    "Ar36": {
        "error": 0.0010346831475960387, 
        "fit": "linear", 
        "value": 0.0043816915609549015
    }, 
    "Ar37": {
        "error": 0.13530511417003571, 
        "fit": "linear", 
        "value": 0.084572184890329957
    }, 
    "Ar38": {
        "error": 0.14501674833057965, 
        "fit": "linear", 
        "value": 0.73473318800790643
    }, 
    "Ar39": {
        "error": 0.11121769348939851, 
        "fit": "linear", 
        "value": 73.031831946996064
    }, 
    "Ar40": {
        "error": 0.26988010857525574, 
        "fit": "linear", 
        "value": 299.46701882074615
    }, 
    "Ar41": {
        "error": 0.10650359685052352, 
        "fit": "average_SEM", 
        "value": -0.032594774517541128
    }
}