{
    "Ar36": {
        "error": 0.00099412735810424811, 
        "fit": "linear", 
        "value": 0.0043739516497284655
    }, 
    "Ar37": {
        "error": 0.13070466742288461, 
        "fit": "linear", 
        "value": 0.0069881777876492669
    }, 
    "Ar38": {
        "error": 0.13634209468929789, 
        "fit": "linear", 
        "value": 0.10800828608233543
    }, 
    "Ar39": {
        "error": 0.077899241205988831, 
        "fit": "linear", 
        "value": 21.856489254260737
    }, 
    "Ar40": {
        "error": 0.18240059283471038, 
        "fit": "linear", 
        "value": 90.546142433032074
    }, 
    "Ar41": {
        "error": 0.13019572982152336, 
        "fit": "average_SEM", 
        "value": -0.052874539739762742
    }
}