{
    "Ar36": {
        "error": 0.0011700120187850547, 
        "fit": "linear", 
        "value": 0.0079657732896636149
    }, 
    "Ar37": {
        "error": 0.12375243216063148, 
        "fit": "linear", 
        "value": -0.0073112969660450297
    }, 
    "Ar38": {
        "error": 0.14228516004538416, 
        "fit": "linear", 
        "value": -0.089767209205787041
    }, 
    "Ar39": {
        "error": 0.064083987662865854, 
        "fit": "linear", 
        "value": 1.4432974499321527
    }, 
    "Ar40": {
        "error": 0.13084816740418062, 
        "fit": "linear", 
        "value": 8.8882560637803962
    }, 
    "Ar41": {
        "error": 0.12738040959059183, 
        "fit": "average_SEM", 
        "value": -0.0452222386119926
    }
}