{
    "Ar36": {
        "error": 0.0011146512941591683, 
        "fit": "linear", 
        "value": 0.0048948379246221774
    }, 
    "Ar37": {
        "error": 0.14012860643394551, 
        "fit": "linear", 
        "value": 0.40340655027926464
    }, 
    "Ar38": {
        "error": 0.16084461555153029, 
        "fit": "linear", 
        "value": 3.9812725389939589
    }, 
    "Ar39": {
        "error": 0.18214426308419318, 
        "fit": "linear", 
        "value": 333.39774137396205
    }, 
    "Ar40": {
        "error": 0.56320869632662218, 
        "fit": "linear", 
        "value": 1366.243480007688
    }, 
    "Ar41": {
        "error": 0.11359145024289793, 
        "fit": "average_SEM", 
        "value": -0.0063126551879880326
    }
}