{
    "Ar36": {
        "error": 0.0011349397710043927, 
        "fit": "linear", 
        "value": 0.0066919469453219551
    }, 
    "Ar37": {
        "error": 0.14122620592250645, 
        "fit": "linear", 
        "value": 0.41713106531508648
    }, 
    "Ar38": {
        "error": 0.14182940379679201, 
        "fit": "linear", 
        "value": 4.3714467087137248
    }, 
    "Ar39": {
        "error": 0.18463289639814756, 
        "fit": "linear", 
        "value": 361.1243768235372
    }, 
    "Ar40": {
        "error": 0.5747933317566013, 
        "fit": "linear", 
        "value": 1479.5401517383943
    }, 
    "Ar41": {
        "error": 0.11409350364860045, 
        "fit": "average_SEM", 
        "value": -0.0023548181723648063
    }
}