{
    "Ar36": {
        "error": 0.0013224282768561457, 
        "fit": "linear", 
        "value": 0.0061829568593925154
    }, 
    "Ar37": {
        "error": 0.12446992987399545, 
        "fit": "linear", 
        "value": 0.44799687905441821
    }, 
    "Ar38": {
        "error": 0.13318452696232841, 
        "fit": "linear", 
        "value": 4.9292955377264533
    }, 
    "Ar39": {
        "error": 0.20700135903001726, 
        "fit": "linear", 
        "value": 407.77722418348662
    }, 
    "Ar40": {
        "error": 0.4548850197104799, 
        "fit": "linear", 
        "value": 1666.5524775798428
    }, 
    "Ar41": {
        "error": 0.12873418234597098, 
        "fit": "average_SEM", 
        "value": 0.029277318206150083
    }
}