{
    "Ar36": {
        "error": 0.0014011424942265891, 
        "fit": "linear", 
        "value": 0.0068573266283143601
    }, 
    "Ar37": {
        "error": 0.12568246587881418, 
        "fit": "linear", 
        "value": 0.74514930105086141
    }, 
    "Ar38": {
        "error": 0.12929016367052457, 
        "fit": "linear", 
        "value": 7.6694054393224445
    }, 
    "Ar39": {
        "error": 0.23110849462809543, 
        "fit": "linear", 
        "value": 636.37001567493212
    }, 
    "Ar40": {
        "error": 0.60941784288403489, 
        "fit": "linear", 
        "value": 2617.2444167793346
    }, 
    "Ar41": {
        "error": 0.11874160864153678, 
        "fit": "average_SEM", 
        "value": 0.035703177487788104
    }
}