{
    "Ar36": {
        "error": 0.00092741580214476208, 
        "fit": "linear", 
        "value": 0.0050459477807731426
    }, 
    "Ar37": {
        "error": 0.13271488071806598, 
        "fit": "linear", 
        "value": 0.029393811484772728
    }, 
    "Ar38": {
        "error": 0.13701559935343274, 
        "fit": "linear", 
        "value": -0.028910548790396676
    }, 
    "Ar39": {
        "error": 0.069512454028260756, 
        "fit": "linear", 
        "value": 10.335621252905945
    }, 
    "Ar40": {
        "error": 0.15590121187028216, 
        "fit": "linear", 
        "value": 43.803230918663488
    }, 
    "Ar41": {
        "error": 0.11833422523434785, 
        "fit": "average_SEM", 
        "value": 0.23710095281557492
    }
}