{
    "Ar36": {
        "error": 0.0011166154628155008, 
        "fit": "linear", 
        "value": 0.0050758923893341702
    }, 
    "Ar37": {
        "error": 0.13702958854151248, 
        "fit": "linear", 
        "value": 0.12020993124264912
    }, 
    "Ar38": {
        "error": 0.14651503084186587, 
        "fit": "linear", 
        "value": 0.34214507772232572
    }, 
    "Ar39": {
        "error": 0.081889573564793178, 
        "fit": "linear", 
        "value": 42.622034717117941
    }, 
    "Ar40": {
        "error": 0.20822889920973325, 
        "fit": "linear", 
        "value": 175.74641192940729
    }, 
    "Ar41": {
        "error": 0.12481574647550843, 
        "fit": "average_SEM", 
        "value": -0.049960103566991168
    }
}