{
    "Ar36": {
        "error": 0.0010859490124124557, 
        "fit": "linear", 
        "value": 0.0058509862495419
    }, 
    "Ar37": {
        "error": 0.13990829244310654, 
        "fit": "linear", 
        "value": 0.14963925417968732
    }, 
    "Ar38": {
        "error": 0.1481995938302138, 
        "fit": "linear", 
        "value": 0.99133178616190576
    }, 
    "Ar39": {
        "error": 0.098565954268381606, 
        "fit": "linear", 
        "value": 94.228736171710636
    }, 
    "Ar40": {
        "error": 0.2668077750945772, 
        "fit": "linear", 
        "value": 386.77168337671083
    }, 
    "Ar41": {
        "error": 0.12043228402136495, 
        "fit": "average_SEM", 
        "value": -0.042993112842086706
    }
}