{
    "Ar36": {
        "error": 0.0013376229270145939, 
        "fit": "linear", 
        "value": 0.006222655674235314
    }, 
    "Ar37": {
        "error": 0.14702096872297996, 
        "fit": "linear", 
        "value": 0.4186590713653614
    }, 
    "Ar38": {
        "error": 0.13077550062917348, 
        "fit": "linear", 
        "value": 4.3692339754887541
    }, 
    "Ar39": {
        "error": 0.19189830558619678, 
        "fit": "linear", 
        "value": 361.09197224096295
    }, 
    "Ar40": {
        "error": 0.50647239283884637, 
        "fit": "linear", 
        "value": 1476.8334742084646
    }, 
    "Ar41": {
        "error": 0.12393306753805809, 
        "fit": "average_SEM", 
        "value": 0.0046448004742463429
    }
}