{
    "Ar36": {
        "error": 0.0010730485596580509, 
        "fit": "linear", 
        "value": 0.0044943160516191082
    }, 
    "Ar37": {
        "error": 0.14295281896288384, 
        "fit": "linear", 
        "value": 0.080138299150687486
    }, 
    "Ar38": {
        "error": 0.15724407125653464, 
        "fit": "linear", 
        "value": 0.20143806177575779
    }, 
    "Ar39": {
        "error": 0.0814105809789923, 
        "fit": "linear", 
        "value": 33.241062658568104
    }, 
    "Ar40": {
        "error": 0.18942679907224258, 
        "fit": "linear", 
        "value": 137.89577132821117
    }, 
    "Ar41": {
        "error": 0.11729022724274947, 
        "fit": "average_SEM", 
        "value": -0.048830415271222588
    }
}