{
    "Ar36": {
        "error": 0.0011656872352156912, 
        "fit": "linear", 
        "value": 0.0054461524882786251
    }, 
    "Ar37": {
        "error": 0.1424368331114004, 
        "fit": "linear", 
        "value": 0.47007545042061116
    }, 
    "Ar38": {
        "error": 0.16962410728190236, 
        "fit": "linear", 
        "value": 5.3743592128933129
    }, 
    "Ar39": {
        "error": 0.19534040546944684, 
        "fit": "linear", 
        "value": 439.91852536511874
    }, 
    "Ar40": {
        "error": 0.58711385508708125, 
        "fit": "linear", 
        "value": 1798.4385319325659
    }, 
    "Ar41": {
        "error": 0.12768007643041709, 
        "fit": "average_SEM", 
        "value": 0.019378214444344243
    }
}