{
    "Ar36": {
        "error": 0.0017280458358792023, 
        "fit": "linear", 
        "value": 0.012384598094342739
    }, 
    "Ar37": {
        "error": 0.14913649109263449, 
        "fit": "linear", 
        "value": 1.122756204369181
    }, 
    "Ar38": {
        "error": 0.15016759654370701, 
        "fit": "linear", 
        "value": 11.253749260125479
    }, 
    "Ar39": {
        "error": 0.32373173016042983, 
        "fit": "linear", 
        "value": 923.30093154002668
    }, 
    "Ar40": {
        "error": 0.83540614699476623, 
        "fit": "linear", 
        "value": 3797.7917350505281
    }, 
    "Ar41": {
        "error": 0.1186782884220539, 
        "fit": "average_SEM", 
        "value": 0.084355811273368692
    }
}