{
    "Ar36": {
        "error": 0.0014207969495274139, 
        "fit": "linear", 
        "value": 0.0082576443274872714
    }, 
    "Ar37": {
        "error": 0.14018217431029054, 
        "fit": "linear", 
        "value": 0.34171481785461749
    }, 
    "Ar38": {
        "error": 0.1389066046327008, 
        "fit": "linear", 
        "value": 3.1105191897145876
    }, 
    "Ar39": {
        "error": 0.16831625313007348, 
        "fit": "linear", 
        "value": 265.03510690699875
    }, 
    "Ar40": {
        "error": 0.43669671182147712, 
        "fit": "linear", 
        "value": 1088.0816078325656
    }, 
    "Ar41": {
        "error": 0.13521894383613439, 
        "fit": "average_SEM", 
        "value": -0.00029447611266126238
    }
}