{
    "Ar36": {
        "error": 0.001119224910205353, 
        "fit": "linear", 
        "value": 0.0054977122907624888
    }, 
    "Ar37": {
        "error": 0.14035862643793715, 
        "fit": "linear", 
        "value": 0.12266198787052215
    }, 
    "Ar38": {
        "error": 0.1601648256721776, 
        "fit": "linear", 
        "value": 0.21975615941690851
    }, 
    "Ar39": {
        "error": 0.077261319053790037, 
        "fit": "linear", 
        "value": 31.360691176226808
    }, 
    "Ar40": {
        "error": 0.17226713127380144, 
        "fit": "linear", 
        "value": 129.71511984274039
    }, 
    "Ar41": {
        "error": 0.12026202664511586, 
        "fit": "average_SEM", 
        "value": -0.032782339830882849
    }
}