{
    "Ar36": {
        "error": 0.00090064744303881849, 
        "fit": "linear", 
        "value": 0.0038404774199801896
    }, 
    "Ar37": {
        "error": 0.13264157172254598, 
        "fit": "linear", 
        "value": 0.074359489166401144
    }, 
    "Ar38": {
        "error": 0.15744162684933374, 
        "fit": "linear", 
        "value": 0.35159030474086095
    }, 
    "Ar39": {
        "error": 0.087771523760507175, 
        "fit": "linear", 
        "value": 43.64731500317896
    }, 
    "Ar40": {
        "error": 0.21142727525738625, 
        "fit": "linear", 
        "value": 180.81149707377665
    }, 
    "Ar41": {
        "error": 0.11470699882804325, 
        "fit": "average_SEM", 
        "value": -0.048198699538140016
    }
}