{
    "Ar36": {
        "error": 0.0013635641155692259, 
        "fit": "linear", 
        "value": 0.0067625231591428372
    }, 
    "Ar37": {
        "error": 0.12775106271382419, 
        "fit": "linear", 
        "value": 1.4368483274743258
    }, 
    "Ar38": {
        "error": 0.15573165020145449, 
        "fit": "linear", 
        "value": 15.367148462624778
    }, 
    "Ar39": {
        "error": 0.35177445954853237, 
        "fit": "linear", 
        "value": 1256.3212982829582
    }, 
    "Ar40": {
        "error": 1.0998814877451839, 
        "fit": "linear", 
        "value": 5156.4135378537067
    }, 
    "Ar41": {
        "error": 0.12093700672805939, 
        "fit": "average_SEM", 
        "value": 0.10231209405130358
    }
}