{
    "Ar36": {
        "error": 0.0011671107681614831, 
        "fit": "linear", 
        "value": 0.0058811656600356484
    }, 
    "Ar37": {
        "error": 0.14069401082957042, 
        "fit": "linear", 
        "value": 0.23542478051345231
    }, 
    "Ar38": {
        "error": 0.16264377266590263, 
        "fit": "linear", 
        "value": 2.1251070571977193
    }, 
    "Ar39": {
        "error": 0.13614790703809648, 
        "fit": "linear", 
        "value": 185.36556936802839
    }, 
    "Ar40": {
        "error": 0.3616968754906415, 
        "fit": "linear", 
        "value": 759.19751913293794
    }, 
    "Ar41": {
        "error": 0.11473859429080513, 
        "fit": "average_SEM", 
        "value": -0.021492362181500843
    }
}