{
    "Ar36": {
        "error": 0.0010208848764769391, 
        "fit": "linear", 
        "value": 0.0040842672633836568
    }, 
    "Ar37": {
        "error": 0.13778244438598067, 
        "fit": "linear", 
        "value": 0.095627726790717932
    }, 
    "Ar38": {
        "error": 0.13858305989623984, 
        "fit": "linear", 
        "value": 0.86447766798385783
    }, 
    "Ar39": {
        "error": 0.093426276406568864, 
        "fit": "linear", 
        "value": 79.721354791050274
    }, 
    "Ar40": {
        "error": 0.26035850465966581, 
        "fit": "linear", 
        "value": 328.8492968352241
    }, 
    "Ar41": {
        "error": 0.12657931562814179, 
        "fit": "average_SEM", 
        "value": -0.0020726878622857234
    }
}