{
    "Ar36": {
        "error": 0.0012443173649073439, 
        "fit": "linear", 
        "value": 0.0068319924732416354
    }, 
    "Ar37": {
        "error": 0.13073743044221992, 
        "fit": "linear", 
        "value": 0.43755801863255239
    }, 
    "Ar38": {
        "error": 0.13779639238329563, 
        "fit": "linear", 
        "value": 3.9856275886112411
    }, 
    "Ar39": {
        "error": 0.1853928800023954, 
        "fit": "linear", 
        "value": 335.22470246713493
    }, 
    "Ar40": {
        "error": 0.44296609368751499, 
        "fit": "linear", 
        "value": 1373.2384668379082
    }, 
    "Ar41": {
        "error": 0.13689371835144706, 
        "fit": "average_SEM", 
        "value": -0.012569868067706314
    }
}