{
    "Ar36": {
        "error": 0.001023533113295528, 
        "fit": "linear", 
        "value": 0.005316621257254882
    }, 
    "Ar37": {
        "error": 0.14571947322662057, 
        "fit": "linear", 
        "value": 0.00039970763310147664
    }, 
    "Ar38": {
        "error": 0.138212476153141, 
        "fit": "linear", 
        "value": -0.047543118430330142
    }, 
    "Ar39": {
        "error": 0.06792185936411374, 
        "fit": "linear", 
        "value": 9.8426438669754219
    }, 
    "Ar40": {
        "error": 0.14718504947465844, 
        "fit": "linear", 
        "value": 41.975815864459399
    }, 
    "Ar41": {
        "error": 0.11797165175734145, 
        "fit": "average_SEM", 
        "value": -0.019938165340960646
    }
}