{
    "Ar36": {
        "error": 0.00094529887999179039, 
        "fit": "linear", 
        "value": 0.0043459151132598361
    }, 
    "Ar37": {
        "error": 0.13829878145488678, 
        "fit": "linear", 
        "value": 0.080492813904254598
    }, 
    "Ar38": {
        "error": 0.12562321429905565, 
        "fit": "linear", 
        "value": 0.76227974747386584
    }, 
    "Ar39": {
        "error": 0.095917540272781404, 
        "fit": "linear", 
        "value": 74.298228031127536
    }, 
    "Ar40": {
        "error": 0.24744636374568332, 
        "fit": "linear", 
        "value": 307.5294607457941
    }, 
    "Ar41": {
        "error": 0.12306730325265533, 
        "fit": "average_SEM", 
        "value": -0.031232689177074158
    }
}