{
    "Ar36": {
        "error": 0.0015953371300260512, 
        "fit": "linear", 
        "value": 0.010285352783293527
    }, 
    "Ar37": {
        "error": 0.14673487983579964, 
        "fit": "linear", 
        "value": 0.8351105336803033
    }, 
    "Ar38": {
        "error": 0.15308734165111035, 
        "fit": "linear", 
        "value": 8.1234199631395132
    }, 
    "Ar39": {
        "error": 0.27184947899686079, 
        "fit": "linear", 
        "value": 667.52698208111292
    }, 
    "Ar40": {
        "error": 0.76672110366743529, 
        "fit": "linear", 
        "value": 2744.8088429204827
    }, 
    "Ar41": {
        "error": 0.12375719202780595, 
        "fit": "average_SEM", 
        "value": 0.042742376792787883
    }
}