{
    "Ar36": {
        "error": 0.0010359340931755485, 
        "fit": "linear", 
        "value": 0.0047838338247921282
    }, 
    "Ar37": {
        "error": 0.13469742512332636, 
        "fit": "linear", 
        "value": 0.06312488813409331
    }, 
    "Ar38": {
        "error": 0.13724325883644156, 
        "fit": "linear", 
        "value": 0.61100049889371011
    }, 
    "Ar39": {
        "error": 0.099170428029134047, 
        "fit": "linear", 
        "value": 60.723078020544804
    }, 
    "Ar40": {
        "error": 0.24463819639596079, 
        "fit": "linear", 
        "value": 249.37829512238358
    }, 
    "Ar41": {
        "error": 0.12972464672334441, 
        "fit": "average_SEM", 
        "value": -0.03063654637740304
    }
}