{
    "Ar36": {
        "error": 0.00097040606955954686, 
        "fit": "linear", 
        "value": 0.0050460373429339839
    }, 
    "Ar37": {
        "error": 0.12516552917421742, 
        "fit": "linear", 
        "value": 0.006610206382311053
    }, 
    "Ar38": {
        "error": 0.13611320497821586, 
        "fit": "linear", 
        "value": 0.085282459666092728
    }, 
    "Ar39": {
        "error": 0.06670442682333648, 
        "fit": "linear", 
        "value": 21.305944916868928
    }, 
    "Ar40": {
        "error": 0.17427545249480039, 
        "fit": "linear", 
        "value": 88.356627032292209
    }, 
    "Ar41": {
        "error": 0.13605177714376371, 
        "fit": "average_SEM", 
        "value": -0.044767429157897519
    }
}