{
    "Ar36": {
        "error": 0.0011125715878381617, 
        "fit": "linear", 
        "value": 0.0058216966121150075
    }, 
    "Ar37": {
        "error": 0.14137123846055416, 
        "fit": "linear", 
        "value": 0.23083112378995427
    }, 
    "Ar38": {
        "error": 0.14402143497771669, 
        "fit": "linear", 
        "value": 2.2349282081619197
    }, 
    "Ar39": {
        "error": 0.14491794794375157, 
        "fit": "linear", 
        "value": 194.62546874820799
    }, 
    "Ar40": {
        "error": 0.39787610914341759, 
        "fit": "linear", 
        "value": 797.19946454880392
    }, 
    "Ar41": {
        "error": 0.1344048897711376, 
        "fit": "average_SEM", 
        "value": -0.012598477147985249
    }
}