{
    "Ar36": {
        "error": 0.0010920916263573368, 
        "fit": "linear", 
        "value": 0.0053742969190956214
    }, 
    "Ar37": {
        "error": 0.13418191877158364, 
        "fit": "linear", 
        "value": -0.012763559116704345
    }, 
    "Ar38": {
        "error": 0.14723393061610701, 
        "fit": "linear", 
        "value": -0.094074258031242544
    }, 
    "Ar39": {
        "error": 0.06122811314506544, 
        "fit": "linear", 
        "value": 2.4592333808771993
    }, 
    "Ar40": {
        "error": 0.12891857874589691, 
        "fit": "linear", 
        "value": 12.74254180772296
    }, 
    "Ar41": {
        "error": 0.12367781933607319, 
        "fit": "average_SEM", 
        "value": -0.036820228840078927
    }
}