{
    "Ar36": {
        "error": 0.001180845496771654, 
        "fit": "linear", 
        "value": 0.006943294363364421
    }, 
    "Ar37": {
        "error": 0.13306315850131248, 
        "fit": "linear", 
        "value": 0.30714230013653526
    }, 
    "Ar38": {
        "error": 0.13271874455519717, 
        "fit": "linear", 
        "value": 2.6253274837411791
    }, 
    "Ar39": {
        "error": 0.14400684936157201, 
        "fit": "linear", 
        "value": 222.47294119405251
    }, 
    "Ar40": {
        "error": 0.36387457882571167, 
        "fit": "linear", 
        "value": 910.93209007612973
    }, 
    "Ar41": {
        "error": 0.13514846717007359, 
        "fit": "average_SEM", 
        "value": -0.023012535946133235
    }
}