{
    "Ar36": {
        "error": 0.0010556337073617656, 
        "fit": "linear", 
        "value": 0.0044009103481430214
    }, 
    "Ar37": {
        "error": 0.14142504721491039, 
        "fit": "linear", 
        "value": 0.11070616149437146
    }, 
    "Ar38": {
        "error": 0.12937723189901715, 
        "fit": "linear", 
        "value": 1.1260377993359887
    }, 
    "Ar39": {
        "error": 0.11024770654247919, 
        "fit": "linear", 
        "value": 101.5951540857404
    }, 
    "Ar40": {
        "error": 0.28386697332654098, 
        "fit": "linear", 
        "value": 418.66271481218382
    }, 
    "Ar41": {
        "error": 0.11322319815074058, 
        "fit": "average_SEM", 
        "value": -0.044837465852227372
    }
}