{
    "Ar36": {
        "error": 0.00090538408018220329, 
        "fit": "linear", 
        "value": 0.0042044215249596173
    }, 
    "Ar37": {
        "error": 0.13502439392967097, 
        "fit": "linear", 
        "value": 0.2325622850778418
    }, 
    "Ar38": {
        "error": 0.14606509696918468, 
        "fit": "linear", 
        "value": 2.1428282799539748
    }, 
    "Ar39": {
        "error": 0.14001076557947367, 
        "fit": "linear", 
        "value": 188.59609481594271
    }, 
    "Ar40": {
        "error": 0.36759583305856947, 
        "fit": "linear", 
        "value": 775.4596626622448
    }, 
    "Ar41": {
        "error": 0.12915746692700064, 
        "fit": "average_SEM", 
        "value": -0.01374816595033432
    }
}