{
    "Ar36": {
        "error": 0.0011809713760140275, 
        "fit": "linear", 
        "value": 0.0071188088334504015
    }, 
    "Ar37": {
        "error": 0.14168325332791565, 
        "fit": "linear", 
        "value": -0.051064348367273485
    }, 
    "Ar38": {
        "error": 0.14104395801697314, 
        "fit": "linear", 
        "value": -0.14512184832401359
    }, 
    "Ar39": {
        "error": 0.065759062895787451, 
        "fit": "linear", 
        "value": 0.12499310194302077
    }, 
    "Ar40": {
        "error": 0.1404016814949135, 
        "fit": "linear", 
        "value": 2.5608741674053608
    }, 
    "Ar41": {
        "error": 0.1276008519696393, 
        "fit": "average_SEM", 
        "value": -0.04255762332119048
    }
}