{
    "Ar36": {
        "error": 0.0010705310081544231, 
        "fit": "linear", 
        "value": 0.0051917191481140757
    }, 
    "Ar37": {
        "error": 0.13120917379246683, 
        "fit": "linear", 
        "value": 0.33260763828613904
    }, 
    "Ar38": {
        "error": 0.14543236364429368, 
        "fit": "linear", 
        "value": 3.0635820973938301
    }, 
    "Ar39": {
        "error": 0.15478668599686024, 
        "fit": "linear", 
        "value": 261.95538886445951
    }, 
    "Ar40": {
        "error": 0.41194112976850922, 
        "fit": "linear", 
        "value": 1075.3243226180527
    }, 
    "Ar41": {
        "error": 0.12405200076172924, 
        "fit": "average_SEM", 
        "value": -0.011879580472595989
    }
}