{
    "Ar36": {
        "error": 0.0010951273351270127, 
        "fit": "linear", 
        "value": 0.0048685309337026207
    }, 
    "Ar37": {
        "error": 0.1240164316176678, 
        "fit": "linear", 
        "value": 0.0015453620174987657
    }, 
    "Ar38": {
        "error": 0.13316082260362266, 
        "fit": "linear", 
        "value": -0.082789906590629347
    }, 
    "Ar39": {
        "error": 0.064138969003794913, 
        "fit": "linear", 
        "value": 6.5072857092045799
    }, 
    "Ar40": {
        "error": 0.14947712912166819, 
        "fit": "linear", 
        "value": 28.656460088146801
    }, 
    "Ar41": {
        "error": 0.11994830422358597, 
        "fit": "average_SEM", 
        "value": 0.22069159992039203
    }
}