{
    "Ar36": {
        "error": 0.0010675897854847858, 
        "fit": "linear", 
        "value": 0.0048414455292068925
    }, 
    "Ar37": {
        "error": 0.14199209708775754, 
        "fit": "linear", 
        "value": 0.39099579277036156
    }, 
    "Ar38": {
        "error": 0.13968130007251711, 
        "fit": "linear", 
        "value": 3.6845576484856304
    }, 
    "Ar39": {
        "error": 0.16237300827304479, 
        "fit": "linear", 
        "value": 315.08651179785829
    }, 
    "Ar40": {
        "error": 0.4396957640537188, 
        "fit": "linear", 
        "value": 1292.9288862075332
    }, 
    "Ar41": {
        "error": 0.12810454564854795, 
        "fit": "average_SEM", 
        "value": -0.0064955853469048936
    }
}