{
    "Ar36": {
        "error": 0.0010898207150676451, 
        "fit": "linear", 
        "value": 0.0061597207259651374
    }, 
    "Ar37": {
        "error": 0.14037467216540495, 
        "fit": "linear", 
        "value": 0.029056821719026172
    }, 
    "Ar38": {
        "error": 0.1456140047237256, 
        "fit": "linear", 
        "value": -0.087867685881758556
    }, 
    "Ar39": {
        "error": 0.066704734279012565, 
        "fit": "linear", 
        "value": 5.804606999271158
    }, 
    "Ar40": {
        "error": 0.15623962601267569, 
        "fit": "linear", 
        "value": 26.736699190860705
    }, 
    "Ar41": {
        "error": 0.12397099565138459, 
        "fit": "average_SEM", 
        "value": -0.040210663047619166
    }
}