{
    "Ar36": {
        "error": 0.0010786858733119659, 
        "fit": "linear", 
        "value": 0.0042862269089696051
    }, 
    "Ar37": {
        "error": 0.13525595072319557, 
        "fit": "linear", 
        "value": 0.088281413282679203
    }, 
    "Ar38": {
        "error": 0.13887191048620273, 
        "fit": "linear", 
        "value": 0.42484973381437641
    }, 
    "Ar39": {
        "error": 0.086413469249834521, 
        "fit": "linear", 
        "value": 48.158314330926117
    }, 
    "Ar40": {
        "error": 0.19131904225159696, 
        "fit": "linear", 
        "value": 199.62971959852788
    }, 
    "Ar41": {
        "error": 0.12080222616103627, 
        "fit": "average_SEM", 
        "value": -0.037323064269342773
    }
}