{
    "Ar36": {
        "error": 0.00097519126694822246, 
        "fit": "linear", 
        "value": 0.004537817686613336
    }, 
    "Ar37": {
        "error": 0.14770098797183728, 
        "fit": "linear", 
        "value": 0.012536471328641224
    }, 
    "Ar38": {
        "error": 0.16254940769755574, 
        "fit": "linear", 
        "value": 0.23982601556460154
    }, 
    "Ar39": {
        "error": 0.072954535897968423, 
        "fit": "linear", 
        "value": 30.680452786245368
    }, 
    "Ar40": {
        "error": 0.17759553550012833, 
        "fit": "linear", 
        "value": 126.67377331991132
    }, 
    "Ar41": {
        "error": 0.11671900904539027, 
        "fit": "average_SEM", 
        "value": -0.035197235209246475
    }
}