{
    "Ar36": {
        "error": 0.0023036470392507652, 
        "fit": "linear", 
        "value": 0.033376501802872646
    }, 
    "Ar37": {
        "error": 0.14633890817624012, 
        "fit": "linear", 
        "value": 0.69262411931683987
    }, 
    "Ar38": {
        "error": 0.13399914281643441, 
        "fit": "linear", 
        "value": 6.5675705955170027
    }, 
    "Ar39": {
        "error": 0.24195091599766827, 
        "fit": "linear", 
        "value": 541.8924663409291
    }, 
    "Ar40": {
        "error": 0.65603884272885205, 
        "fit": "linear", 
        "value": 2234.9287249581803
    }, 
    "Ar41": {
        "error": 0.1161346214673387, 
        "fit": "average_SEM", 
        "value": 0.023637610333195579
    }
}