{
    "Ar36": {
        "error": 0.00090501473824917999, 
        "fit": "linear", 
        "value": 0.0039421683650272031
    }, 
    "Ar37": {
        "error": 0.13377765836758462, 
        "fit": "linear", 
        "value": 0.061485192067122607
    }, 
    "Ar38": {
        "error": 0.14282693783829015, 
        "fit": "linear", 
        "value": -0.10489777167649073
    }, 
    "Ar39": {
        "error": 0.060971639851800062, 
        "fit": "linear", 
        "value": 0.68794285470904493
    }, 
    "Ar40": {
        "error": 0.13887807111980729, 
        "fit": "linear", 
        "value": 4.4202910511718958
    }, 
    "Ar41": {
        "error": 0.12628600641095575, 
        "fit": "average_SEM", 
        "value": 0.24072556234120082
    }
}