{
    "Ar36": {
        "error": 0.0011035975730840067, 
        "fit": "linear", 
        "value": 0.0052606940360472223
    }, 
    "Ar37": {
        "error": 0.1294945557814518, 
        "fit": "linear", 
        "value": 0.30216761265362557
    }, 
    "Ar38": {
        "error": 0.1229029375312647, 
        "fit": "linear", 
        "value": 2.93652426780785
    }, 
    "Ar39": {
        "error": 0.14925108409300231, 
        "fit": "linear", 
        "value": 250.8781424618947
    }, 
    "Ar40": {
        "error": 0.41777918770204003, 
        "fit": "linear", 
        "value": 1031.4914364053486
    }, 
    "Ar41": {
        "error": 0.12222097553564266, 
        "fit": "average_SEM", 
        "value": -0.01593798300717026
    }
}