{
    "Ar36": {
        "error": 0.00081834378547525225, 
        "fit": "linear", 
        "value": 0.0039214241681992789
    }, 
    "Ar37": {
        "error": 0.14962727739497977, 
        "fit": "linear", 
        "value": 0.056500850716197752
    }, 
    "Ar38": {
        "error": 0.15618006847431326, 
        "fit": "linear", 
        "value": 0.14300521086589624
    }, 
    "Ar39": {
        "error": 0.077884276881683451, 
        "fit": "linear", 
        "value": 26.262143150804128
    }, 
    "Ar40": {
        "error": 0.18945878142072967, 
        "fit": "linear", 
        "value": 109.02742489731332
    }, 
    "Ar41": {
        "error": 0.16672179271085241, 
        "fit": "average_SEM", 
        "value": 0.13947976790834218
    }
}