{
    "Ar36": {
        "error": 0.0015585683076864212, 
        "fit": "linear", 
        "value": 0.010452793488568642
    }, 
    "Ar37": {
        "error": 0.14555359217865954, 
        "fit": "linear", 
        "value": 0.57300110056237163
    }, 
    "Ar38": {
        "error": 0.13169652578190158, 
        "fit": "linear", 
        "value": 5.5846307904000589
    }, 
    "Ar39": {
        "error": 0.22136578949311261, 
        "fit": "linear", 
        "value": 464.27497993579289
    }, 
    "Ar40": {
        "error": 0.56666967955848968, 
        "fit": "linear", 
        "value": 1912.9050314095125
    }, 
    "Ar41": {
        "error": 0.11712410703105125, 
        "fit": "average_SEM", 
        "value": 0.29575512928267322
    }
}