{
    "Ar36": {
        "error": 0.00099126532696331478, 
        "fit": "linear", 
        "value": 0.004329668915691769
    }, 
    "Ar37": {
        "error": 0.13725580692205894, 
        "fit": "linear", 
        "value": 0.020169469088006962
    }, 
    "Ar38": {
        "error": 0.14280865157118233, 
        "fit": "linear", 
        "value": 0.0051303714241740447
    }, 
    "Ar39": {
        "error": 0.066286878570273045, 
        "fit": "linear", 
        "value": 15.277161198906565
    }, 
    "Ar40": {
        "error": 0.17052105278063368, 
        "fit": "linear", 
        "value": 63.738710563365771
    }, 
    "Ar41": {
        "error": 0.14597686464119283, 
        "fit": "average_SEM", 
        "value": 0.2367044355952142
    }
}