{
    "Ar36": {
        "error": 0.00094747079612246717, 
        "fit": "linear", 
        "value": 0.0041997184677852427
    }, 
    "Ar37": {
        "error": 0.1246239337217617, 
        "fit": "linear", 
        "value": 0.041024905527252312
    }, 
    "Ar38": {
        "error": 0.15501357865187129, 
        "fit": "linear", 
        "value": -0.12923624954386373
    }, 
    "Ar39": {
        "error": 0.061894500880178359, 
        "fit": "linear", 
        "value": 2.1657662995248406
    }, 
    "Ar40": {
        "error": 0.1332074789023687, 
        "fit": "linear", 
        "value": 10.529729144706366
    }, 
    "Ar41": {
        "error": 0.12852566997014214, 
        "fit": "average_SEM", 
        "value": 0.23767970374474923
    }
}