{
    "Ar36": {
        "error": 0.00092048241103256749, 
        "fit": "linear", 
        "value": 0.0041664884002903723
    }, 
    "Ar37": {
        "error": 0.14661349287467276, 
        "fit": "linear", 
        "value": 0.057938883347627687
    }, 
    "Ar38": {
        "error": 0.14023987693570109, 
        "fit": "linear", 
        "value": 0.078136115476477669
    }, 
    "Ar39": {
        "error": 0.075194349248973322, 
        "fit": "linear", 
        "value": 21.067383350158121
    }, 
    "Ar40": {
        "error": 0.17056824174509658, 
        "fit": "linear", 
        "value": 87.210347364747832
    }, 
    "Ar41": {
        "error": 0.1231650456026451, 
        "fit": "average_SEM", 
        "value": 0.24019154155937333
    }
}