{
    "Ar36": {
        "error": 0.00095926505270641025, 
        "fit": "linear", 
        "value": 0.0040909096871755935
    }, 
    "Ar37": {
        "error": 0.14316198522349607, 
        "fit": "linear", 
        "value": 0.045616158212131594
    }, 
    "Ar38": {
        "error": 0.13103815330393734, 
        "fit": "linear", 
        "value": -0.029257772597244457
    }, 
    "Ar39": {
        "error": 0.063780298188648582, 
        "fit": "linear", 
        "value": 10.999643147279325
    }, 
    "Ar40": {
        "error": 0.15828452969636395, 
        "fit": "linear", 
        "value": 46.074211534224887
    }, 
    "Ar41": {
        "error": 0.12722484853563337, 
        "fit": "average_SEM", 
        "value": 0.23724316029498974
    }
}