{
    "Ar36": {
        "error": 0.00096364025112117256, 
        "fit": "linear", 
        "value": 0.004213530231135203
    }, 
    "Ar37": {
        "error": 0.1448651450070412, 
        "fit": "linear", 
        "value": 0.016726195718852022
    }, 
    "Ar38": {
        "error": 0.14749356014302631, 
        "fit": "linear", 
        "value": 0.035983192926890742
    }, 
    "Ar39": {
        "error": 0.069686462213310957, 
        "fit": "linear", 
        "value": 16.000194577454629
    }, 
    "Ar40": {
        "error": 0.16584204914206421, 
        "fit": "linear", 
        "value": 66.460432456587199
    }, 
    "Ar41": {
        "error": 0.12374204164730267, 
        "fit": "average_SEM", 
        "value": 0.25090672545290243
    }
}