{
    "Ar36": {
        "error": 0.0010530783087848395, 
        "fit": "linear", 
        "value": 0.0054189867762645706
    }, 
    "Ar37": {
        "error": 0.14447324806072737, 
        "fit": "linear", 
        "value": 0.10702010482407434
    }, 
    "Ar38": {
        "error": 0.1552758389125232, 
        "fit": "linear", 
        "value": 0.37789599506950522
    }, 
    "Ar39": {
        "error": 0.078500442211580923, 
        "fit": "linear", 
        "value": 41.120912749993622
    }, 
    "Ar40": {
        "error": 0.22349099647808973, 
        "fit": "linear", 
        "value": 170.81327952651333
    }, 
    "Ar41": {
        "error": 0.11907605932134492, 
        "fit": "average_SEM", 
        "value": -0.026660248159508532
    }
}