{
    "Ar36": {
        "error": 0.0010111736380651476, 
        "fit": "linear", 
        "value": 0.004614513843531667
    }, 
    "Ar37": {
        "error": 0.13891284998306969, 
        "fit": "linear", 
        "value": 0.0074750756122409674
    }, 
    "Ar38": {
        "error": 0.12834795668341117, 
        "fit": "linear", 
        "value": -0.035649766309727118
    }, 
    "Ar39": {
        "error": 0.066847571267052777, 
        "fit": "linear", 
        "value": 7.2764519298416435
    }, 
    "Ar40": {
        "error": 0.15779201798714257, 
        "fit": "linear", 
        "value": 32.197584998274678
    }, 
    "Ar41": {
        "error": 0.12552057733463262, 
        "fit": "average_SEM", 
        "value": -0.03700074546970427
    }
}