{
    "Ar36": {
        "error": 0.0012555520733691264, 
        "fit": "linear", 
        "value": 0.007746549521927628
    }, 
    "Ar37": {
        "error": 0.12603501228935879, 
        "fit": "linear", 
        "value": 0.2426018267610065
    }, 
    "Ar38": {
        "error": 0.13583117897676794, 
        "fit": "linear", 
        "value": 1.8391135689475351
    }, 
    "Ar39": {
        "error": 0.12715003835155761, 
        "fit": "linear", 
        "value": 163.07741700785562
    }, 
    "Ar40": {
        "error": 0.38310712754279869, 
        "fit": "linear", 
        "value": 668.11549764595009
    }, 
    "Ar41": {
        "error": 0.11315778915049145, 
        "fit": "average_SEM", 
        "value": 0.26108773901437721
    }
}