{
    "Ar36": {
        "error": 0.00090961227372279266, 
        "fit": "linear", 
        "value": 0.0038435074991332013
    }, 
    "Ar37": {
        "error": 0.13777587695729138, 
        "fit": "linear", 
        "value": 0.041284875668517948
    }, 
    "Ar38": {
        "error": 0.15596184918271463, 
        "fit": "linear", 
        "value": 0.17328049238651907
    }, 
    "Ar39": {
        "error": 0.071636291271643227, 
        "fit": "linear", 
        "value": 27.886052849646099
    }, 
    "Ar40": {
        "error": 0.18477325051998431, 
        "fit": "linear", 
        "value": 114.8854485739823
    }, 
    "Ar41": {
        "error": 0.11060427765639616, 
        "fit": "average_SEM", 
        "value": 0.24506147389610608
    }
}