{
    "Ar36": {
        "error": 0.00096391437675043907, 
        "fit": "linear", 
        "value": 0.0046066786828869201
    }, 
    "Ar37": {
        "error": 0.1383214920267016, 
        "fit": "linear", 
        "value": 0.060995539058208349
    }, 
    "Ar38": {
        "error": 0.12842820679020636, 
        "fit": "linear", 
        "value": 0.011284503264799026
    }, 
    "Ar39": {
        "error": 0.065640476705951536, 
        "fit": "linear", 
        "value": 10.053436705615727
    }, 
    "Ar40": {
        "error": 0.16326472921176924, 
        "fit": "linear", 
        "value": 42.662728931637432
    }, 
    "Ar41": {
        "error": 0.13158571356541951, 
        "fit": "average_SEM", 
        "value": 0.23199863664805889
    }
}