{
    "Ar36": {
        "error": 0.0014001047114002374, 
        "fit": "linear", 
        "value": 0.0070583513204298936
    }, 
    "Ar37": {
        "error": 0.13212724703095513, 
        "fit": "linear", 
        "value": 0.49821052613203609
    }, 
    "Ar38": {
        "error": 0.13395338029249043, 
        "fit": "linear", 
        "value": 4.623056651991277
    }, 
    "Ar39": {
        "error": 0.18488203675512391, 
        "fit": "linear", 
        "value": 387.78401320927918
    }, 
    "Ar40": {
        "error": 0.45443987872200814, 
        "fit": "linear", 
        "value": 1595.3425214737777
    }, 
    "Ar41": {
        "error": 0.12845677794350774, 
        "fit": "average_SEM", 
        "value": 0.27364212235435842
    }
}