{
    "Ar36": {
        "error": 0.00099041000581925908, 
        "fit": "linear", 
        "value": 0.0040577833659334265
    }, 
    "Ar37": {
        "error": 0.13494076222241788, 
        "fit": "linear", 
        "value": 0.12458072954773358
    }, 
    "Ar38": {
        "error": 0.12920201378607676, 
        "fit": "linear", 
        "value": 0.98458077225864193
    }, 
    "Ar39": {
        "error": 0.10292870698969157, 
        "fit": "linear", 
        "value": 90.606101894177101
    }, 
    "Ar40": {
        "error": 0.24861404434867085, 
        "fit": "linear", 
        "value": 374.24517753886494
    }, 
    "Ar41": {
        "error": 0.11847815467175657, 
        "fit": "average_SEM", 
        "value": 0.26276569601769251
    }
}