{
    "Ar36": {
        "error": 0.00094141626750972112, 
        "fit": "linear", 
        "value": 0.004238790839537483
    }, 
    "Ar37": {
        "error": 0.14131748101042607, 
        "fit": "linear", 
        "value": 0.056536390227817687
    }, 
    "Ar38": {
        "error": 0.14044303490112889, 
        "fit": "linear", 
        "value": -0.11391490795258694
    }, 
    "Ar39": {
        "error": 0.063684701745063368, 
        "fit": "linear", 
        "value": 3.8358449263575438
    }, 
    "Ar40": {
        "error": 0.13313649838316155, 
        "fit": "linear", 
        "value": 17.207712547917033
    }, 
    "Ar41": {
        "error": 0.12567219612646593, 
        "fit": "average_SEM", 
        "value": 0.23728426758820811
    }
}