{
    "Ar36": {
        "error": 0.00095100265849724225, 
        "fit": "linear", 
        "value": 0.0040876331024718984
    }, 
    "Ar37": {
        "error": 0.14701799324921905, 
        "fit": "linear", 
        "value": 0.050196669457957477
    }, 
    "Ar38": {
        "error": 0.17024587324050586, 
        "fit": "linear", 
        "value": 0.14552062084658929
    }, 
    "Ar39": {
        "error": 0.075392930390218479, 
        "fit": "linear", 
        "value": 29.172902926452686
    }, 
    "Ar40": {
        "error": 0.19413634179136594, 
        "fit": "linear", 
        "value": 120.27349773712898
    }, 
    "Ar41": {
        "error": 0.12892166089419155, 
        "fit": "average_SEM", 
        "value": 0.25498164493590592
    }
}