{
    "Ar36": {
        "error": 0.0009135814476114091, 
        "fit": "linear", 
        "value": 0.0044918645674439043
    }, 
    "Ar37": {
        "error": 0.13631681314628386, 
        "fit": "linear", 
        "value": 0.053277631704340259
    }, 
    "Ar38": {
        "error": 0.16649989989007277, 
        "fit": "linear", 
        "value": 0.34073221299153367
    }, 
    "Ar39": {
        "error": 0.085026910546245102, 
        "fit": "linear", 
        "value": 39.689883252219296
    }, 
    "Ar40": {
        "error": 0.20921503561897623, 
        "fit": "linear", 
        "value": 163.25144460675696
    }, 
    "Ar41": {
        "error": 0.11710952709231411, 
        "fit": "average_SEM", 
        "value": 0.23611133374273777
    }
}