{
    "Ar36": {
        "error": 0.00089538816696074287, 
        "fit": "linear", 
        "value": 0.0038449180952808454
    }, 
    "Ar37": {
        "error": 0.12482517998281148, 
        "fit": "linear", 
        "value": 0.070302800265019769
    }, 
    "Ar38": {
        "error": 0.1547126396529, 
        "fit": "linear", 
        "value": 0.18884098470905517
    }, 
    "Ar39": {
        "error": 0.06491243189476073, 
        "fit": "linear", 
        "value": 27.143515663438571
    }, 
    "Ar40": {
        "error": 0.16310797914265751, 
        "fit": "linear", 
        "value": 112.78881531151158
    }, 
    "Ar41": {
        "error": 0.11845353678040792, 
        "fit": "average_SEM", 
        "value": 0.21414609991479666
    }
}