{
    "Ar36": {
        "error": 0.0012672727932931029, 
        "fit": "linear", 
        "value": 0.0088956613347386526
    }, 
    "Ar37": {
        "error": 0.15527551378789253, 
        "fit": "linear", 
        "value": 0.64824696795742476
    }, 
    "Ar38": {
        "error": 0.14712226328060671, 
        "fit": "linear", 
        "value": 6.3573350475964467
    }, 
    "Ar39": {
        "error": 0.22454159524564452, 
        "fit": "linear", 
        "value": 520.69769855360664
    }, 
    "Ar40": {
        "error": 0.63016431960863639, 
        "fit": "linear", 
        "value": 2131.4421712887797
    }, 
    "Ar41": {
        "error": 0.11489619207488773, 
        "fit": "average_SEM", 
        "value": 0.028397544405112662
    }
}