{
    "Ar36": {
        "error": 0.00092917898774341182, 
        "fit": "linear", 
        "value": 0.0039734753432603626
    }, 
    "Ar37": {
        "error": 0.13978314774012099, 
        "fit": "linear", 
        "value": 0.14925835991194675
    }, 
    "Ar38": {
        "error": 0.12309973279613083, 
        "fit": "linear", 
        "value": 0.67154802360807064
    }, 
    "Ar39": {
        "error": 0.09778591758060988, 
        "fit": "linear", 
        "value": 64.195824134115554
    }, 
    "Ar40": {
        "error": 0.22790602660033887, 
        "fit": "linear", 
        "value": 263.3539703584039
    }, 
    "Ar41": {
        "error": 0.13180276300795285, 
        "fit": "average_SEM", 
        "value": 0.252097530066967
    }
}