{
    "Ar36": {
        "error": 0.00094743034016433407, 
        "fit": "linear", 
        "value": 0.004639109780308728
    }, 
    "Ar37": {
        "error": 0.13583373653722819, 
        "fit": "linear", 
        "value": 0.064212395097778957
    }, 
    "Ar38": {
        "error": 0.13003998349561488, 
        "fit": "linear", 
        "value": 0.51084522145919697
    }, 
    "Ar39": {
        "error": 0.087664080909936409, 
        "fit": "linear", 
        "value": 50.260382582041643
    }, 
    "Ar40": {
        "error": 0.21651522099164358, 
        "fit": "linear", 
        "value": 206.96333987592115
    }, 
    "Ar41": {
        "error": 0.11922806626823991, 
        "fit": "average_SEM", 
        "value": -0.034531898106991622
    }
}