{
    "Ar36": {
        "error": 0.0010602758661994362, 
        "fit": "linear", 
        "value": 0.0044126762843050994
    }, 
    "Ar37": {
        "error": 0.16013104437544673, 
        "fit": "linear", 
        "value": 0.066784900706117367
    }, 
    "Ar38": {
        "error": 0.15149717015123046, 
        "fit": "linear", 
        "value": 0.17025696539854376
    }, 
    "Ar39": {
        "error": 0.081490462322052634, 
        "fit": "linear", 
        "value": 27.324341403975463
    }, 
    "Ar40": {
        "error": 0.17695986315512507, 
        "fit": "linear", 
        "value": 113.00189913689871
    }, 
    "Ar41": {
        "error": 0.1117133826083891, 
        "fit": "average_SEM", 
        "value": -0.033008194241750367
    }
}