{
    "Ar36": {
        "error": 0.00094905827231719193, 
        "fit": "linear", 
        "value": 0.0040702744093205536
    }, 
    "Ar37": {
        "error": 0.14112883104882193, 
        "fit": "linear", 
        "value": 0.17090098710015478
    }, 
    "Ar38": {
        "error": 0.13772472199693309, 
        "fit": "linear", 
        "value": 1.207907276745869
    }, 
    "Ar39": {
        "error": 0.11185288666897594, 
        "fit": "linear", 
        "value": 105.61131037261222
    }, 
    "Ar40": {
        "error": 0.30461674631018837, 
        "fit": "linear", 
        "value": 432.70990740926607
    }, 
    "Ar41": {
        "error": 0.12343199531422488, 
        "fit": "average_SEM", 
        "value": 0.25132944226420173
    }
}