{
    "Ar36": {
        "error": 0.001066512339984231, 
        "fit": "linear", 
        "value": 0.0045725269015961904
    }, 
    "Ar37": {
        "error": 0.13732773520064087, 
        "fit": "linear", 
        "value": 0.18082570480775043
    }, 
    "Ar38": {
        "error": 0.15771199957333737, 
        "fit": "linear", 
        "value": 1.1926667506616082
    }, 
    "Ar39": {
        "error": 0.10939298876638066, 
        "fit": "linear", 
        "value": 105.56473957412672
    }, 
    "Ar40": {
        "error": 0.26153333800186762, 
        "fit": "linear", 
        "value": 435.98498241460766
    }, 
    "Ar41": {
        "error": 0.11695868504238066, 
        "fit": "average_SEM", 
        "value": 0.2555940316877483
    }
}