{
    "Ar36": {
        "error": 0.00088253480480863643, 
        "fit": "linear", 
        "value": 0.0039882009382997902
    }, 
    "Ar37": {
        "error": 0.13451341382715198, 
        "fit": "linear", 
        "value": 0.065277312543569443
    }, 
    "Ar38": {
        "error": 0.145128656755837, 
        "fit": "linear", 
        "value": 0.38652409568834889
    }, 
    "Ar39": {
        "error": 0.084541580982505138, 
        "fit": "linear", 
        "value": 42.982940158498295
    }, 
    "Ar40": {
        "error": 0.19234527757954112, 
        "fit": "linear", 
        "value": 177.55172265243147
    }, 
    "Ar41": {
        "error": 0.11944001676683454, 
        "fit": "average_SEM", 
        "value": 0.2430829808736841
    }
}