{
    "Ar36": {
        "error": 0.0011899785962085467, 
        "fit": "linear", 
        "value": 0.0049419714037364339
    }, 
    "Ar37": {
        "error": 0.13368390818466283, 
        "fit": "linear", 
        "value": 0.58122125828174076
    }, 
    "Ar38": {
        "error": 0.1461003527290877, 
        "fit": "linear", 
        "value": 5.3570639585553312
    }, 
    "Ar39": {
        "error": 0.19567653283073999, 
        "fit": "linear", 
        "value": 440.03817739725775
    }, 
    "Ar40": {
        "error": 0.50215014326859875, 
        "fit": "linear", 
        "value": 1800.1644999343716
    }, 
    "Ar41": {
        "error": 0.13030217667387781, 
        "fit": "average_SEM", 
        "value": 0.29196949654957277
    }
}