{
    "Ar36": {
        "error": 0.0013034966981216951, 
        "fit": "linear", 
        "value": 0.0081558521986375559
    }, 
    "Ar37": {
        "error": 0.13552619389987638, 
        "fit": "linear", 
        "value": 0.12868880630678511
    }, 
    "Ar38": {
        "error": 0.14630415467974867, 
        "fit": "linear", 
        "value": 1.2162627066671812
    }, 
    "Ar39": {
        "error": 0.097269792939394722, 
        "fit": "linear", 
        "value": 107.28503623156439
    }, 
    "Ar40": {
        "error": 0.2624924532977681, 
        "fit": "linear", 
        "value": 443.19423379761065
    }, 
    "Ar41": {
        "error": 0.13393384727301713, 
        "fit": "average_SEM", 
        "value": 0.25812676678722102
    }
}