{
    "Ar36": {
        "error": 0.00086969789129692765, 
        "fit": "linear", 
        "value": 0.0040566473399200826
    }, 
    "Ar37": {
        "error": 0.13052047155621926, 
        "fit": "linear", 
        "value": 0.037371199387802201
    }, 
    "Ar38": {
        "error": 0.12970887138148027, 
        "fit": "linear", 
        "value": -0.059742405233788334
    }, 
    "Ar39": {
        "error": 0.063116278610529, 
        "fit": "linear", 
        "value": 8.2477498737016361
    }, 
    "Ar40": {
        "error": 0.15589797303082115, 
        "fit": "linear", 
        "value": 34.911004836697586
    }, 
    "Ar41": {
        "error": 0.12819471550274567, 
        "fit": "average_SEM", 
        "value": 0.24775481820106507
    }
}