{
    "Ar36": {
        "error": 0.00095784330982547213, 
        "fit": "linear", 
        "value": 0.0040061802509740105
    }, 
    "Ar37": {
        "error": 0.13491457241199328, 
        "fit": "linear", 
        "value": 0.055212151143043814
    }, 
    "Ar38": {
        "error": 0.15543540491722441, 
        "fit": "linear", 
        "value": 0.19090390327127144
    }, 
    "Ar39": {
        "error": 0.069448144481162682, 
        "fit": "linear", 
        "value": 30.22327628721489
    }, 
    "Ar40": {
        "error": 0.18061378683339296, 
        "fit": "linear", 
        "value": 124.47834215565048
    }, 
    "Ar41": {
        "error": 0.12910601329973445, 
        "fit": "average_SEM", 
        "value": 0.25090820208191872
    }
}