{
    "Ar36": {
        "error": 0.00093829167935389286, 
        "fit": "linear", 
        "value": 0.0045188224632870932
    }, 
    "Ar37": {
        "error": 0.13133863473789201, 
        "fit": "linear", 
        "value": 0.28645225184304046
    }, 
    "Ar38": {
        "error": 0.13418229045122207, 
        "fit": "linear", 
        "value": 2.7379520081626403
    }, 
    "Ar39": {
        "error": 0.14480524998337738, 
        "fit": "linear", 
        "value": 230.89055012682044
    }, 
    "Ar40": {
        "error": 0.39296252227596268, 
        "fit": "linear", 
        "value": 944.82318334018294
    }, 
    "Ar41": {
        "error": 0.12079409202810241, 
        "fit": "average_SEM", 
        "value": 0.27531510709474483
    }
}