{
    "Ar36": {
        "error": 0.0010416236571097151, 
        "fit": "linear", 
        "value": 0.0044072149952831064
    }, 
    "Ar37": {
        "error": 0.13643767366798834, 
        "fit": "linear", 
        "value": 0.097278981383884577
    }, 
    "Ar38": {
        "error": 0.13142328287165808, 
        "fit": "linear", 
        "value": 0.64483050697352173
    }, 
    "Ar39": {
        "error": 0.094620781785915098, 
        "fit": "linear", 
        "value": 58.399536730931175
    }, 
    "Ar40": {
        "error": 0.2224484092800996, 
        "fit": "linear", 
        "value": 239.70489261932198
    }, 
    "Ar41": {
        "error": 0.12653658020535208, 
        "fit": "average_SEM", 
        "value": 0.25707338612216213
    }
}