{
    "Ar36": {
        "error": 0.0010459750259252181, 
        "fit": "linear", 
        "value": 0.0047345471786643285
    }, 
    "Ar37": {
        "error": 0.13451711840728048, 
        "fit": "linear", 
        "value": 0.16238006021005355
    }, 
    "Ar38": {
        "error": 0.13979080592316284, 
        "fit": "linear", 
        "value": 1.3060422813677346
    }, 
    "Ar39": {
        "error": 0.11764737926245254, 
        "fit": "linear", 
        "value": 114.55262518698532
    }, 
    "Ar40": {
        "error": 0.26990877421364107, 
        "fit": "linear", 
        "value": 472.84950701717798
    }, 
    "Ar41": {
        "error": 0.12972981980711965, 
        "fit": "average_SEM", 
        "value": -0.02528637515536199
    }
}