{
    "Ar36": {
        "error": 0.0014498998631731002, 
        "fit": "linear", 
        "value": 0.0096918605608177534
    }, 
    "Ar37": {
        "error": 0.14267133915349792, 
        "fit": "linear", 
        "value": 0.71128868025494252
    }, 
    "Ar38": {
        "error": 0.14725157536859632, 
        "fit": "linear", 
        "value": 6.6164237551622369
    }, 
    "Ar39": {
        "error": 0.24341231125149254, 
        "fit": "linear", 
        "value": 547.57743887644665
    }, 
    "Ar40": {
        "error": 0.63746704109326469, 
        "fit": "linear", 
        "value": 2253.3656617300412
    }, 
    "Ar41": {
        "error": 0.12737739921704477, 
        "fit": "average_SEM", 
        "value": 0.29974076926708221
    }
}