{
    "Ar36": {
        "error": 0.00099393039471682809, 
        "fit": "linear", 
        "value": 0.0041226502525681767
    }, 
    "Ar37": {
        "error": 0.15119104614201054, 
        "fit": "linear", 
        "value": 0.068814461346756173
    }, 
    "Ar38": {
        "error": 0.15498053355916186, 
        "fit": "linear", 
        "value": 0.28657684619896712
    }, 
    "Ar39": {
        "error": 0.084146988514858259, 
        "fit": "linear", 
        "value": 36.02065798373355
    }, 
    "Ar40": {
        "error": 0.18131671922153536, 
        "fit": "linear", 
        "value": 148.19781571987326
    }, 
    "Ar41": {
        "error": 0.11451703889998731, 
        "fit": "average_SEM", 
        "value": 0.23537877753066519
    }
}