{
    "Ar36": {
        "error": 0.00099577046422342618, 
        "fit": "linear", 
        "value": 0.0046474516994500946
    }, 
    "Ar37": {
        "error": 0.14737431010397714, 
        "fit": "linear", 
        "value": 0.14374935833127997
    }, 
    "Ar38": {
        "error": 0.12640045262711386, 
        "fit": "linear", 
        "value": 0.70793902231199946
    }, 
    "Ar39": {
        "error": 0.10620347921655623, 
        "fit": "linear", 
        "value": 68.043068098428989
    }, 
    "Ar40": {
        "error": 0.24414138073466635, 
        "fit": "linear", 
        "value": 280.69939940817193
    }, 
    "Ar41": {
        "error": 0.11529226665456568, 
        "fit": "average_SEM", 
        "value": 0.24351787119327734
    }
}