{
    "Ar36": {
        "error": 0.00098106955924734895, 
        "fit": "linear", 
        "value": 0.0045005413718106121
    }, 
    "Ar37": {
        "error": 0.13366457981163352, 
        "fit": "linear", 
        "value": 0.046627274286152182
    }, 
    "Ar38": {
        "error": 0.13916141122034317, 
        "fit": "linear", 
        "value": -0.12572010993867511
    }, 
    "Ar39": {
        "error": 0.063128534726117902, 
        "fit": "linear", 
        "value": 2.5819205183440506
    }, 
    "Ar40": {
        "error": 0.14505296545564042, 
        "fit": "linear", 
        "value": 13.166428923578337
    }, 
    "Ar41": {
        "error": 0.12248199365021385, 
        "fit": "average_SEM", 
        "value": -0.037650665245795002
    }
}