{
    "Ar36": {
        "error": 0.0010770896695487821, 
        "fit": "linear", 
        "value": 0.0049379499632710554
    }, 
    "Ar37": {
        "error": 0.14935481003228998, 
        "fit": "linear", 
        "value": 0.20279243247845555
    }, 
    "Ar38": {
        "error": 0.13907139689365244, 
        "fit": "linear", 
        "value": 1.8939756940518386
    }, 
    "Ar39": {
        "error": 0.13366068831398262, 
        "fit": "linear", 
        "value": 167.24639191714726
    }, 
    "Ar40": {
        "error": 0.37534240637839456, 
        "fit": "linear", 
        "value": 688.33821177904167
    }, 
    "Ar41": {
        "error": 0.13557654422143264, 
        "fit": "average_SEM", 
        "value": 0.2466585120620827
    }
}