{
    "Ar36": {
        "error": 0.001356902429530512, 
        "fit": "linear", 
        "value": 0.0078994155039163391
    }, 
    "Ar37": {
        "error": 0.13193125630446448, 
        "fit": "linear", 
        "value": 0.48214807051180664
    }, 
    "Ar38": {
        "error": 0.13454932100205538, 
        "fit": "linear", 
        "value": 4.6662030012360214
    }, 
    "Ar39": {
        "error": 0.48717360820963973, 
        "fit": "linear", 
        "value": 387.13041252732864
    }, 
    "Ar40": {
        "error": 1.5158517416924431, 
        "fit": "linear", 
        "value": 1585.0866175941519
    }, 
    "Ar41": {
        "error": 0.12215375187405869, 
        "fit": "average_SEM", 
        "value": 0.28877446171517174
    }
}