{
    "Ar36": {
        "error": 0.00093741048395670681, 
        "fit": "linear", 
        "value": 0.0046707522341413107
    }, 
    "Ar37": {
        "error": 0.14162846489308736, 
        "fit": "linear", 
        "value": 0.082112629961196199
    }, 
    "Ar38": {
        "error": 0.12427893830365981, 
        "fit": "linear", 
        "value": 0.67065577016193045
    }, 
    "Ar39": {
        "error": 0.095130053955637742, 
        "fit": "linear", 
        "value": 66.129001331609004
    }, 
    "Ar40": {
        "error": 0.20777306564840142, 
        "fit": "linear", 
        "value": 271.99858144181752
    }, 
    "Ar41": {
        "error": 0.11733063084899654, 
        "fit": "average_SEM", 
        "value": -0.012263081559455409
    }
}