{
    "Ar36": {
        "error": 0.00094357867004792473, 
        "fit": "linear", 
        "value": 0.0041363898941056635
    }, 
    "Ar37": {
        "error": 0.13048203344483364, 
        "fit": "linear", 
        "value": -0.0033446128937088763
    }, 
    "Ar38": {
        "error": 0.14035345313053696, 
        "fit": "linear", 
        "value": -0.1449591117186777
    }, 
    "Ar39": {
        "error": 0.065095043644210315, 
        "fit": "linear", 
        "value": 0.20362129900788151
    }, 
    "Ar40": {
        "error": 0.13834272455648414, 
        "fit": "linear", 
        "value": 2.212253480045931
    }, 
    "Ar41": {
        "error": 0.11219618741325596, 
        "fit": "average_SEM", 
        "value": 0.24410208518306414
    }
}