{
    "Ar36": {
        "error": 0.00095288674460112632, 
        "fit": "linear", 
        "value": 0.0044925545410191463
    }, 
    "Ar37": {
        "error": 0.13864655573849391, 
        "fit": "linear", 
        "value": 0.039431912119873395
    }, 
    "Ar38": {
        "error": 0.13322952149572875, 
        "fit": "linear", 
        "value": -0.05704294842621517
    }, 
    "Ar39": {
        "error": 0.061011179484547887, 
        "fit": "linear", 
        "value": 5.8091911091756288
    }, 
    "Ar40": {
        "error": 0.15353910280010946, 
        "fit": "linear", 
        "value": 26.048168677594994
    }, 
    "Ar41": {
        "error": 0.12353579204756943, 
        "fit": "average_SEM", 
        "value": 0.25748085382084052
    }
}