{
    "Ar36": {
        "error": 0.00092286439844431847, 
        "fit": "linear", 
        "value": 0.0043279996703000922
    }, 
    "Ar37": {
        "error": 0.16141758450268523, 
        "fit": "linear", 
        "value": 0.025285437826881613
    }, 
    "Ar38": {
        "error": 0.14525307114579344, 
        "fit": "linear", 
        "value": -0.12814652602345744
    }, 
    "Ar39": {
        "error": 0.054372289596345699, 
        "fit": "linear", 
        "value": 0.037065467814129852
    }, 
    "Ar40": {
        "error": 0.12793830545149487, 
        "fit": "linear", 
        "value": 1.1897980454539925
    }, 
    "Ar41": {
        "error": 0.1182923993332114, 
        "fit": "average_SEM", 
        "value": 0.21986664373738071
    }
}