{
    "Ar36": {
        "error": 0.0013352429093529551, 
        "fit": "linear", 
        "value": 0.010035785594487968
    }, 
    "Ar37": {
        "error": 0.12741421023953339, 
        "fit": "linear", 
        "value": 0.39882149747807466
    }, 
    "Ar38": {
        "error": 0.14596752432878365, 
        "fit": "linear", 
        "value": 3.4378698517791042
    }, 
    "Ar39": {
        "error": 0.16706056007891754, 
        "fit": "linear", 
        "value": 285.17273557905787
    }, 
    "Ar40": {
        "error": 0.47360335126143388, 
        "fit": "linear", 
        "value": 1168.3676066533822
    }, 
    "Ar41": {
        "error": 0.1263765281375438, 
        "fit": "average_SEM", 
        "value": -0.0024560609219285347
    }
}