{
    "Ar36": {
        "error": 0.0009250255675829199, 
        "fit": "linear", 
        "value": 0.004349377432466054
    }, 
    "Ar37": {
        "error": 0.13408677446053291, 
        "fit": "linear", 
        "value": 0.055230635016282656
    }, 
    "Ar38": {
        "error": 0.15538261587389152, 
        "fit": "linear", 
        "value": 0.27473758724193942
    }, 
    "Ar39": {
        "error": 0.077432216761981199, 
        "fit": "linear", 
        "value": 35.521112312135955
    }, 
    "Ar40": {
        "error": 0.17875101896681747, 
        "fit": "linear", 
        "value": 146.20548687298054
    }, 
    "Ar41": {
        "error": 0.11967842598763535, 
        "fit": "average_SEM", 
        "value": 0.22645440263984104
    }
}