{
    "Ar36": {
        "error": 0.0010896183913738653, 
        "fit": "linear", 
        "value": 0.0047973012052300121
    }, 
    "Ar37": {
        "error": 0.13914124492043586, 
        "fit": "linear", 
        "value": 0.55515284650397834
    }, 
    "Ar38": {
        "error": 0.13549635219191725, 
        "fit": "linear", 
        "value": 5.055039962215389
    }, 
    "Ar39": {
        "error": 0.20182908668671451, 
        "fit": "linear", 
        "value": 417.04672393247051
    }, 
    "Ar40": {
        "error": 0.54943722456902866, 
        "fit": "linear", 
        "value": 1713.7925256001608
    }, 
    "Ar41": {
        "error": 0.11674084554515267, 
        "fit": "average_SEM", 
        "value": 0.29830925453454255
    }
}