{
    "Ar36": {
        "error": 0.0031032618264666477, 
        "fit": "linear", 
        "value": 0.05357716308562202
    }, 
    "Ar37": {
        "error": 0.1484243579072092, 
        "fit": "linear", 
        "value": 0.76020921289813059
    }, 
    "Ar38": {
        "error": 0.15909082286892751, 
        "fit": "linear", 
        "value": 6.2301163781443023
    }, 
    "Ar39": {
        "error": 0.21770291987626045, 
        "fit": "linear", 
        "value": 509.86933089911042
    }, 
    "Ar40": {
        "error": 0.59424007352879493, 
        "fit": "linear", 
        "value": 2099.7728602352904
    }, 
    "Ar41": {
        "error": 0.12722511372960504, 
        "fit": "average_SEM", 
        "value": 0.024988890493987129
    }
}