{
    "Ar36": {
        "error": 0.0031258586643072698, 
        "fit": "linear", 
        "value": 0.047495547708343008
    }, 
    "Ar37": {
        "error": 0.13936683355330992, 
        "fit": "linear", 
        "value": 1.0576430099410312
    }, 
    "Ar38": {
        "error": 0.17087463932187827, 
        "fit": "linear", 
        "value": 9.1887851990336102
    }, 
    "Ar39": {
        "error": 0.26412970411136522, 
        "fit": "linear", 
        "value": 751.04056142270019
    }, 
    "Ar40": {
        "error": 0.81398723763791836, 
        "fit": "linear", 
        "value": 3081.4619701275583
    }, 
    "Ar41": {
        "error": 0.11578575865828454, 
        "fit": "average_SEM", 
        "value": -0.21205077175050974
    }
}