{
    "Ar36": {
        "error": 0.0029286400802355328, 
        "fit": "linear", 
        "value": 0.051173592234983252
    }, 
    "Ar37": {
        "error": 0.12988905817304242, 
        "fit": "linear", 
        "value": 0.80071212075735021
    }, 
    "Ar38": {
        "error": 0.12733940131089838, 
        "fit": "linear", 
        "value": 6.5332580723689855
    }, 
    "Ar39": {
        "error": 0.23604753519457711, 
        "fit": "linear", 
        "value": 537.25174928805745
    }, 
    "Ar40": {
        "error": 0.55058049286117017, 
        "fit": "linear", 
        "value": 2210.6154985433423
    }, 
    "Ar41": {
        "error": 0.13232714240441001, 
        "fit": "average_SEM", 
        "value": -0.24563652456738055
    }
}