{
    "Ar36": {
        "error": 0.002334078536536029, 
        "fit": "linear", 
        "value": 0.032559176262545737
    }, 
    "Ar37": {
        "error": 0.13976870689280177, 
        "fit": "linear", 
        "value": 0.69007393804755668
    }, 
    "Ar38": {
        "error": 0.15701408414745882, 
        "fit": "linear", 
        "value": 6.2758538778169868
    }, 
    "Ar39": {
        "error": 0.25387619196036698, 
        "fit": "linear", 
        "value": 517.41542907411633
    }, 
    "Ar40": {
        "error": 0.60067322461421846, 
        "fit": "linear", 
        "value": 2119.1975958547414
    }, 
    "Ar41": {
        "error": 0.11824455750158235, 
        "fit": "average_SEM", 
        "value": -0.23948664637903372
    }
}