{
    "Ar36": {
        "error": 0.0025914997290160226, 
        "fit": "linear", 
        "value": 0.042114009421468646
    }, 
    "Ar37": {
        "error": 0.15228317349059017, 
        "fit": "linear", 
        "value": 0.87037139712540257
    }, 
    "Ar38": {
        "error": 0.17062392895409656, 
        "fit": "linear", 
        "value": 7.4337463730870734
    }, 
    "Ar39": {
        "error": 0.26793393240255176, 
        "fit": "linear", 
        "value": 609.27071043971569
    }, 
    "Ar40": {
        "error": 0.6991605612873687, 
        "fit": "linear", 
        "value": 2501.0342003823607
    }, 
    "Ar41": {
        "error": 0.10951115020825837, 
        "fit": "average_SEM", 
        "value": -0.23559325600236966
    }
}