{
    "Ar36": {
        "error": 0.0020193452780814017, 
        "fit": "linear", 
        "value": 0.021090635554964203
    }, 
    "Ar37": {
        "error": 0.13337275368001406, 
        "fit": "linear", 
        "value": 0.50671362301996992
    }, 
    "Ar38": {
        "error": 0.17210505180372604, 
        "fit": "linear", 
        "value": 4.1026293749673659
    }, 
    "Ar39": {
        "error": 0.18726504326504095, 
        "fit": "linear", 
        "value": 340.90931346594505
    }, 
    "Ar40": {
        "error": 0.44627908762395679, 
        "fit": "linear", 
        "value": 1394.5471758219896
    }, 
    "Ar41": {
        "error": 0.12865679045688797, 
        "fit": "average_SEM", 
        "value": -0.23663311074177423
    }
}