{
    "Ar36": {
        "error": 0.002360397491684233, 
        "fit": "linear", 
        "value": 0.031076160238661898
    }, 
    "Ar37": {
        "error": 0.14109520076268536, 
        "fit": "linear", 
        "value": 0.72154809999004987
    }, 
    "Ar38": {
        "error": 0.14384094645273376, 
        "fit": "linear", 
        "value": 6.2944351231294853
    }, 
    "Ar39": {
        "error": 0.22026968456952842, 
        "fit": "linear", 
        "value": 517.23074623012303
    }, 
    "Ar40": {
        "error": 0.61430868634552604, 
        "fit": "linear", 
        "value": 2117.7736586666979
    }, 
    "Ar41": {
        "error": 0.13010448870937893, 
        "fit": "average_SEM", 
        "value": -0.24208550533240972
    }
}