{
    "Ar36": {
        "error": 0.0022093166837567845, 
        "fit": "linear", 
        "value": 0.030331576688211397
    }, 
    "Ar37": {
        "error": 0.14955820446369208, 
        "fit": "linear", 
        "value": 0.47158257953257354
    }, 
    "Ar38": {
        "error": 0.15422605487822602, 
        "fit": "linear", 
        "value": 3.4714235206714359
    }, 
    "Ar39": {
        "error": 0.15309603846010122, 
        "fit": "linear", 
        "value": 287.3275275815256
    }, 
    "Ar40": {
        "error": 0.48249109420962183, 
        "fit": "linear", 
        "value": 1178.3364780797203
    }, 
    "Ar41": {
        "error": 0.12966648098055028, 
        "fit": "average_SEM", 
        "value": -0.25439502130883435
    }
}