{
    "Ar36": {
        "error": 0.0021796674172053876, 
        "fit": "linear", 
        "value": 0.028825454101317063
    }, 
    "Ar37": {
        "error": 0.13377844299351166, 
        "fit": "linear", 
        "value": 0.78972630281404865
    }, 
    "Ar38": {
        "error": 0.13966074152487098, 
        "fit": "linear", 
        "value": 6.2263090611462806
    }, 
    "Ar39": {
        "error": 0.23909293406528553, 
        "fit": "linear", 
        "value": 510.06807522776444
    }, 
    "Ar40": {
        "error": 0.66781268051375786, 
        "fit": "linear", 
        "value": 2085.083408606301
    }, 
    "Ar41": {
        "error": 0.1270034519579317, 
        "fit": "average_SEM", 
        "value": -0.2529970500424194
    }
}