{
    "Ar36": {
        "error": 0.001697544645625905, 
        "fit": "linear", 
        "value": 0.015174663281819774
    }, 
    "Ar37": {
        "error": 0.13469372483497907, 
        "fit": "linear", 
        "value": 0.36775278319845939
    }, 
    "Ar38": {
        "error": 0.1411012825249239, 
        "fit": "linear", 
        "value": 2.7753493514175234
    }, 
    "Ar39": {
        "error": 0.16415434955278785, 
        "fit": "linear", 
        "value": 235.2717448356517
    }, 
    "Ar40": {
        "error": 0.35759353085119611, 
        "fit": "linear", 
        "value": 961.71692875218719
    }, 
    "Ar41": {
        "error": 0.12391822969541581, 
        "fit": "average_SEM", 
        "value": -0.2764948658226058
    }
}