{
    "Ar36": {
        "error": 0.0024804018456075117, 
        "fit": "linear", 
        "value": 0.034939795305997154
    }, 
    "Ar37": {
        "error": 0.13296824465409532, 
        "fit": "linear", 
        "value": 0.87656570542300138
    }, 
    "Ar38": {
        "error": 0.14337568723817926, 
        "fit": "linear", 
        "value": 6.7180316630618329
    }, 
    "Ar39": {
        "error": 0.23983620703335851, 
        "fit": "linear", 
        "value": 552.02296535086066
    }, 
    "Ar40": {
        "error": 0.58854930061463318, 
        "fit": "linear", 
        "value": 2262.9362650931662
    }, 
    "Ar41": {
        "error": 0.10807942967158581, 
        "fit": "average_SEM", 
        "value": -0.23501776207859318
    }
}