{
    "Ar36": {
        "error": 0.0020579764082508311, 
        "fit": "linear", 
        "value": 0.026628963847401668
    }, 
    "Ar37": {
        "error": 0.13621992217232437, 
        "fit": "linear", 
        "value": 0.84634765553377633
    }, 
    "Ar38": {
        "error": 0.16014139016487045, 
        "fit": "linear", 
        "value": 7.2190425973583743
    }, 
    "Ar39": {
        "error": 0.23092286588255392, 
        "fit": "linear", 
        "value": 592.34392349482596
    }, 
    "Ar40": {
        "error": 0.63378148724640948, 
        "fit": "linear", 
        "value": 2423.6201785477833
    }, 
    "Ar41": {
        "error": 0.12661068435613776, 
        "fit": "average_SEM", 
        "value": -0.24642588628300777
    }
}