{
    "Ar36": {
        "error": 0.0022273385354318344, 
        "fit": "linear", 
        "value": 0.022320716983460193
    }, 
    "Ar37": {
        "error": 0.13991507707005763, 
        "fit": "linear", 
        "value": 0.53263564842964128
    }, 
    "Ar38": {
        "error": 0.14411442750627787, 
        "fit": "linear", 
        "value": 4.2719060160207594
    }, 
    "Ar39": {
        "error": 0.21552794410460119, 
        "fit": "linear", 
        "value": 356.09572708509575
    }, 
    "Ar40": {
        "error": 0.53267943925810401, 
        "fit": "linear", 
        "value": 1457.9271530285428
    }, 
    "Ar41": {
        "error": 0.12543439659616243, 
        "fit": "average_SEM", 
        "value": -0.27189035280297202
    }
}