{
    "Ar36": {
        "error": 0.001812425658654701, 
        "fit": "linear", 
        "value": 0.021667081631233803
    }, 
    "Ar37": {
        "error": 0.15248433044068802, 
        "fit": "linear", 
        "value": 0.54031710760644369
    }, 
    "Ar38": {
        "error": 0.1311668444201545, 
        "fit": "linear", 
        "value": 4.2720426792947022
    }, 
    "Ar39": {
        "error": 0.17755102556085134, 
        "fit": "linear", 
        "value": 356.37467665736585
    }, 
    "Ar40": {
        "error": 0.43858794013590779, 
        "fit": "linear", 
        "value": 1462.0043789583974
    }, 
    "Ar41": {
        "error": 0.11755463487756336, 
        "fit": "average_SEM", 
        "value": -0.26417482353746891
    }
}