{
    "Ar36": {
        "error": 0.0029441071018804776, 
        "fit": "linear", 
        "value": 0.06321123313590174
    }, 
    "Ar37": {
        "error": 0.14102839223929498, 
        "fit": "linear", 
        "value": 0.51885655875886194
    }, 
    "Ar38": {
        "error": 0.13222249434639025, 
        "fit": "linear", 
        "value": 4.7205539771504785
    }, 
    "Ar39": {
        "error": 0.19104818372190607, 
        "fit": "linear", 
        "value": 390.63505884424615
    }, 
    "Ar40": {
        "error": 0.51902702425876546, 
        "fit": "linear", 
        "value": 1618.4372234952659
    }, 
    "Ar41": {
        "error": 0.12659664192282502, 
        "fit": "average_SEM", 
        "value": -0.24655622689053416
    }
}