{
    "Ar36": {
        "error": 0.0025273249447667497, 
        "fit": "linear", 
        "value": 0.038838833844339324
    }, 
    "Ar37": {
        "error": 0.14201459395051366, 
        "fit": "linear", 
        "value": 0.70984431828210026
    }, 
    "Ar38": {
        "error": 0.15115502519422735, 
        "fit": "linear", 
        "value": 6.9087191216228714
    }, 
    "Ar39": {
        "error": 0.24584657054251574, 
        "fit": "linear", 
        "value": 567.33828966023975
    }, 
    "Ar40": {
        "error": 0.63308678028072229, 
        "fit": "linear", 
        "value": 2332.8222108508694
    }, 
    "Ar41": {
        "error": 0.12361804378873337, 
        "fit": "average_SEM", 
        "value": -0.22344924866396468
    }
}