{
    "Ar36": {
        "error": 0.0020447624926063527, 
        "fit": "linear", 
        "value": 0.0232095874925752
    }, 
    "Ar37": {
        "error": 0.13740860665795673, 
        "fit": "linear", 
        "value": 0.44937206978679867
    }, 
    "Ar38": {
        "error": 0.14686346537855952, 
        "fit": "linear", 
        "value": 4.0906081073308602
    }, 
    "Ar39": {
        "error": 0.15373593601217284, 
        "fit": "linear", 
        "value": 341.15163747678849
    }, 
    "Ar40": {
        "error": 0.45775191374571039, 
        "fit": "linear", 
        "value": 1401.8976393275157
    }, 
    "Ar41": {
        "error": 0.12214982978566369, 
        "fit": "average_SEM", 
        "value": -0.25817776664121389
    }
}