{
    "Ar36": {
        "error": 0.0014798944901982353, 
        "fit": "linear", 
        "value": 0.013890218789277238
    }, 
    "Ar37": {
        "error": 0.13976741831549838, 
        "fit": "linear", 
        "value": 0.29862167583671573
    }, 
    "Ar38": {
        "error": 0.14824973332941338, 
        "fit": "linear", 
        "value": 2.5302291296321053
    }, 
    "Ar39": {
        "error": 0.13728334584708488, 
        "fit": "linear", 
        "value": 216.26934196240506
    }, 
    "Ar40": {
        "error": 0.37578909525980086, 
        "fit": "linear", 
        "value": 890.70523094435555
    }, 
    "Ar41": {
        "error": 0.12343531797593978, 
        "fit": "average_SEM", 
        "value": -0.28630481305105299
    }
}