{
    "Ar36": {
        "error": 0.0014085455844561527, 
        "fit": "linear", 
        "value": 0.012365486820382118
    }, 
    "Ar37": {
        "error": 0.1325992089614341, 
        "fit": "linear", 
        "value": 0.28302369325979737
    }, 
    "Ar38": {
        "error": 0.13360794162866474, 
        "fit": "linear", 
        "value": 1.8759371825080229
    }, 
    "Ar39": {
        "error": 0.12725122231747285, 
        "fit": "linear", 
        "value": 165.34433799394327
    }, 
    "Ar40": {
        "error": 0.34962600750959277, 
        "fit": "linear", 
        "value": 681.23563189134745
    }, 
    "Ar41": {
        "error": 0.13474578717549465, 
        "fit": "average_SEM", 
        "value": -0.24635388096484045
    }
}