{
    "Ar36": {
        "error": 0.0019589369890507208, 
        "fit": "linear", 
        "value": 0.021554506409427597
    }, 
    "Ar37": {
        "error": 0.13454459124781096, 
        "fit": "linear", 
        "value": 0.55913233695647513
    }, 
    "Ar38": {
        "error": 0.15292119779123114, 
        "fit": "linear", 
        "value": 5.114483897410099
    }, 
    "Ar39": {
        "error": 0.19346180132898458, 
        "fit": "linear", 
        "value": 418.70032326082423
    }, 
    "Ar40": {
        "error": 0.52688624647359728, 
        "fit": "linear", 
        "value": 1723.6298217895589
    }, 
    "Ar41": {
        "error": 0.12906896018250497, 
        "fit": "average_SEM", 
        "value": -0.22916529870592059
    }
}