{
    "Ar36": {
        "error": 0.0015222809294330891, 
        "fit": "linear", 
        "value": 0.013198537851747348
    }, 
    "Ar37": {
        "error": 0.13790452960629013, 
        "fit": "linear", 
        "value": 0.63421876518107534
    }, 
    "Ar38": {
        "error": 0.13363297567472601, 
        "fit": "linear", 
        "value": 4.97509432999043
    }, 
    "Ar39": {
        "error": 0.20119701103336138, 
        "fit": "linear", 
        "value": 411.33485789600923
    }, 
    "Ar40": {
        "error": 0.55305832892421791, 
        "fit": "linear", 
        "value": 1691.3915281605175
    }, 
    "Ar41": {
        "error": 0.11816045701962223, 
        "fit": "average_SEM", 
        "value": -0.23634735306724905
    }
}