{
    "Ar36": {
        "error": 0.0023561903134929757, 
        "fit": "linear", 
        "value": 0.032200471658734922
    }, 
    "Ar37": {
        "error": 0.13107241446850978, 
        "fit": "linear", 
        "value": 0.58239700260600924
    }, 
    "Ar38": {
        "error": 0.16302357767278403, 
        "fit": "linear", 
        "value": 5.5054682647106308
    }, 
    "Ar39": {
        "error": 0.21654789377405551, 
        "fit": "linear", 
        "value": 458.73372737028319
    }, 
    "Ar40": {
        "error": 0.59387484739387952, 
        "fit": "linear", 
        "value": 1892.3231422680356
    }, 
    "Ar41": {
        "error": 0.12006221868038532, 
        "fit": "average_SEM", 
        "value": -0.24634059262772401
    }
}