{
    "Ar36": {
        "error": 0.0027825749533495819, 
        "fit": "linear", 
        "value": 0.05790334590886935
    }, 
    "Ar37": {
        "error": 0.15168466730839889, 
        "fit": "linear", 
        "value": 0.94909169436410945
    }, 
    "Ar38": {
        "error": 0.14084986800004956, 
        "fit": "linear", 
        "value": 8.3004660584400369
    }, 
    "Ar39": {
        "error": 0.24735210521231243, 
        "fit": "linear", 
        "value": 678.08679583434514
    }, 
    "Ar40": {
        "error": 0.65613226289482884, 
        "fit": "linear", 
        "value": 2797.7198089516105
    }, 
    "Ar41": {
        "error": 0.12244124783856358, 
        "fit": "average_SEM", 
        "value": -0.21926362811335517
    }
}