{
    "Ar36": {
        "error": 0.0025743239440189237, 
        "fit": "linear", 
        "value": 0.037976545530275498
    }, 
    "Ar37": {
        "error": 0.144446188123353, 
        "fit": "linear", 
        "value": 0.49260441337677213
    }, 
    "Ar38": {
        "error": 0.15059886297280028, 
        "fit": "linear", 
        "value": 5.0479843634387578
    }, 
    "Ar39": {
        "error": 0.2080550108465761, 
        "fit": "linear", 
        "value": 413.05860164463797
    }, 
    "Ar40": {
        "error": 0.51411090592111375, 
        "fit": "linear", 
        "value": 1705.3768841149526
    }, 
    "Ar41": {
        "error": 0.11053338771034171, 
        "fit": "average_SEM", 
        "value": -0.23024678556636596
    }
}