{
    "Ar36": {
        "error": 0.0015618048528109408, 
        "fit": "linear", 
        "value": 0.013035713503027669
    }, 
    "Ar37": {
        "error": 0.14235993132669938, 
        "fit": "linear", 
        "value": 0.27622073865532598
    }, 
    "Ar38": {
        "error": 0.1556142052470256, 
        "fit": "linear", 
        "value": 2.3536082401825413
    }, 
    "Ar39": {
        "error": 0.13902426190973655, 
        "fit": "linear", 
        "value": 203.23891842327254
    }, 
    "Ar40": {
        "error": 0.35897403525682181, 
        "fit": "linear", 
        "value": 837.08646058822819
    }, 
    "Ar41": {
        "error": 0.11586888671475951, 
        "fit": "average_SEM", 
        "value": -0.25966446300347645
    }
}