{
    "Ar36": {
        "error": 0.0025207636182561339, 
        "fit": "linear", 
        "value": 0.032582450324458709
    }, 
    "Ar37": {
        "error": 0.13389758162402957, 
        "fit": "linear", 
        "value": 0.78800840681585216
    }, 
    "Ar38": {
        "error": 0.14512826111816998, 
        "fit": "linear", 
        "value": 6.511932025620311
    }, 
    "Ar39": {
        "error": 0.2352336213308619, 
        "fit": "linear", 
        "value": 534.8237310301115
    }, 
    "Ar40": {
        "error": 0.60635508915049119, 
        "fit": "linear", 
        "value": 2201.1037502425579
    }, 
    "Ar41": {
        "error": 0.13627814348117029, 
        "fit": "average_SEM", 
        "value": -0.22502793436249097
    }
}