{
    "Ar36": {
        "error": 0.0020321279443091065, 
        "fit": "linear", 
        "value": 0.020092196938847943
    }, 
    "Ar37": {
        "error": 0.13018118957290961, 
        "fit": "linear", 
        "value": 0.64343077807179794
    }, 
    "Ar38": {
        "error": 0.13974645057243559, 
        "fit": "linear", 
        "value": 5.7332246922420715
    }, 
    "Ar39": {
        "error": 0.21165406047660401, 
        "fit": "linear", 
        "value": 479.91175463243206
    }, 
    "Ar40": {
        "error": 0.58715897034425213, 
        "fit": "linear", 
        "value": 1972.9551964626853
    }, 
    "Ar41": {
        "error": 0.12025401541789553, 
        "fit": "average_SEM", 
        "value": -0.23318659759126603
    }
}