{
    "Ar36": {
        "error": 0.0021137882047904443, 
        "fit": "linear", 
        "value": 0.024666602469498963
    }, 
    "Ar37": {
        "error": 0.14532884329332019, 
        "fit": "linear", 
        "value": 0.38525654304700163
    }, 
    "Ar38": {
        "error": 0.15365639811258222, 
        "fit": "linear", 
        "value": 3.5669701324888234
    }, 
    "Ar39": {
        "error": 0.17982299493354212, 
        "fit": "linear", 
        "value": 303.12730600491273
    }, 
    "Ar40": {
        "error": 0.48522230604136335, 
        "fit": "linear", 
        "value": 1246.672444819324
    }, 
    "Ar41": {
        "error": 0.11775698303234072, 
        "fit": "average_SEM", 
        "value": -0.24634437593321004
    }
}