{
    "Ar36": {
        "error": 0.001494202133157556, 
        "fit": "linear", 
        "value": 0.011494562835683723
    }, 
    "Ar37": {
        "error": 0.13237586321208455, 
        "fit": "linear", 
        "value": 0.3514834979930207
    }, 
    "Ar38": {
        "error": 0.14823655934715468, 
        "fit": "linear", 
        "value": 2.5380803891668333
    }, 
    "Ar39": {
        "error": 0.14640341652834374, 
        "fit": "linear", 
        "value": 212.90834340086246
    }, 
    "Ar40": {
        "error": 0.36874532913008529, 
        "fit": "linear", 
        "value": 873.59242486855692
    }, 
    "Ar41": {
        "error": 0.11369409721012223, 
        "fit": "average_SEM", 
        "value": -0.26717146227136257
    }
}