{
    "Ar36": {
        "error": 0.0022512249633349149, 
        "fit": "linear", 
        "value": 0.021798163392366926
    }, 
    "Ar37": {
        "error": 0.13005954645213397, 
        "fit": "linear", 
        "value": 0.68802461008374172
    }, 
    "Ar38": {
        "error": 0.14720279875664288, 
        "fit": "linear", 
        "value": 6.8217790901027708
    }, 
    "Ar39": {
        "error": 0.24230952872163616, 
        "fit": "linear", 
        "value": 559.47825698327756
    }, 
    "Ar40": {
        "error": 0.62142822673830711, 
        "fit": "linear", 
        "value": 2296.9483147882679
    }, 
    "Ar41": {
        "error": 0.13433445896090082, 
        "fit": "average_SEM", 
        "value": -0.22520445553517979
    }
}