{
    "Ar36": {
        "error": 0.0019925855018161744, 
        "fit": "linear", 
        "value": 0.022284698541048312
    }, 
    "Ar37": {
        "error": 0.12756006139547044, 
        "fit": "linear", 
        "value": 0.53555197270067123
    }, 
    "Ar38": {
        "error": 0.13789004374283245, 
        "fit": "linear", 
        "value": 2.7273304165500538
    }, 
    "Ar39": {
        "error": 0.15168272802384683, 
        "fit": "linear", 
        "value": 234.18329609900303
    }, 
    "Ar40": {
        "error": 0.42400355980094517, 
        "fit": "linear", 
        "value": 962.84453252556239
    }, 
    "Ar41": {
        "error": 0.1238272054759315, 
        "fit": "average_SEM", 
        "value": -0.26004641933366657
    }
}