{
    "Ar36": {
        "error": 0.0026080265954687922, 
        "fit": "linear", 
        "value": 0.039690481021500176
    }, 
    "Ar37": {
        "error": 0.13386725890187295, 
        "fit": "linear", 
        "value": 1.1803292440552511
    }, 
    "Ar38": {
        "error": 0.1647928488042967, 
        "fit": "linear", 
        "value": 7.4617069130268847
    }, 
    "Ar39": {
        "error": 0.22782332281147391, 
        "fit": "linear", 
        "value": 620.58658500424019
    }, 
    "Ar40": {
        "error": 0.65120366453151568, 
        "fit": "linear", 
        "value": 2551.8310865370504
    }, 
    "Ar41": {
        "error": 0.13027122922562001, 
        "fit": "average_SEM", 
        "value": -0.21065306909692785
    }
}