{
    "Ar36": {
        "error": 0.0019701139731800434, 
        "fit": "linear", 
        "value": 0.016942107133881626
    }, 
    "Ar37": {
        "error": 0.14452762333825347, 
        "fit": "linear", 
        "value": 0.61324113986761764
    }, 
    "Ar38": {
        "error": 0.16399071870781026, 
        "fit": "linear", 
        "value": 5.4737724900902469
    }, 
    "Ar39": {
        "error": 0.20248826205007067, 
        "fit": "linear", 
        "value": 449.56362274834731
    }, 
    "Ar40": {
        "error": 0.56885514113615976, 
        "fit": "linear", 
        "value": 1846.2536699551683
    }, 
    "Ar41": {
        "error": 0.13342157448565764, 
        "fit": "average_SEM", 
        "value": -0.22671763368571798
    }
}