{
    "Ar36": {
        "error": 0.002407470816438593, 
        "fit": "linear", 
        "value": 0.026538716705523546
    }, 
    "Ar37": {
        "error": 0.14440579553340793, 
        "fit": "linear", 
        "value": 0.96287460916381096
    }, 
    "Ar38": {
        "error": 0.12589186045473733, 
        "fit": "linear", 
        "value": 8.5232179332545481
    }, 
    "Ar39": {
        "error": 0.27087023689967454, 
        "fit": "linear", 
        "value": 700.83007100733812
    }, 
    "Ar40": {
        "error": 0.74249067681988579, 
        "fit": "linear", 
        "value": 2880.9016892799063
    }, 
    "Ar41": {
        "error": 0.11791424353581365, 
        "fit": "average_SEM", 
        "value": -0.1998985531181097
    }
}