{
    "Ar36": {
        "error": 0.0017169715433560688, 
        "fit": "linear", 
        "value": 0.017434200154592149
    }, 
    "Ar37": {
        "error": 0.15329846328884722, 
        "fit": "linear", 
        "value": 0.31106525508851263
    }, 
    "Ar38": {
        "error": 0.13771710301347431, 
        "fit": "linear", 
        "value": 1.8267202206203512
    }, 
    "Ar39": {
        "error": 0.12607530515432422, 
        "fit": "linear", 
        "value": 163.27091913406809
    }, 
    "Ar40": {
        "error": 0.36916960176978031, 
        "fit": "linear", 
        "value": 675.33240409340442
    }, 
    "Ar41": {
        "error": 0.12387574800846048, 
        "fit": "average_SEM", 
        "value": -0.2701703602137665
    }
}