{
    "Ar36": {
        "error": 0.0015114213063159496, 
        "fit": "linear", 
        "value": 0.011389496530716376
    }, 
    "Ar37": {
        "error": 0.14658639030413675, 
        "fit": "linear", 
        "value": 0.35415359116486633
    }, 
    "Ar38": {
        "error": 0.1149617689455764, 
        "fit": "linear", 
        "value": 2.4518815507890879
    }, 
    "Ar39": {
        "error": 0.13374609391099115, 
        "fit": "linear", 
        "value": 206.81615162839341
    }, 
    "Ar40": {
        "error": 0.38968636462023576, 
        "fit": "linear", 
        "value": 852.9668839039532
    }, 
    "Ar41": {
        "error": 0.12057438622796511, 
        "fit": "average_SEM", 
        "value": -0.26655018901607641
    }
}