{
    "Ar36": {
        "error": 0.0016622206907024551, 
        "fit": "linear", 
        "value": 0.015172509278628689
    }, 
    "Ar37": {
        "error": 0.14312176103410654, 
        "fit": "linear", 
        "value": 0.36676576360772406
    }, 
    "Ar38": {
        "error": 0.14707006486997951, 
        "fit": "linear", 
        "value": 3.0824123538147337
    }, 
    "Ar39": {
        "error": 0.16812862064178197, 
        "fit": "linear", 
        "value": 259.5851478572323
    }, 
    "Ar40": {
        "error": 0.4058893637525981, 
        "fit": "linear", 
        "value": 1071.7956903140671
    }, 
    "Ar41": {
        "error": 0.12859778211562903, 
        "fit": "average_SEM", 
        "value": -0.24233274365309626
    }
}