{
    "Ar36": {
        "error": 0.0026639257263635294, 
        "fit": "linear", 
        "value": 0.042643441456754139
    }, 
    "Ar37": {
        "error": 0.14642222658471082, 
        "fit": "linear", 
        "value": 0.27605033515882194
    }, 
    "Ar38": {
        "error": 0.15404870373853649, 
        "fit": "linear", 
        "value": 2.3527575036296873
    }, 
    "Ar39": {
        "error": 0.15441398974964213, 
        "fit": "linear", 
        "value": 201.0067372121693
    }, 
    "Ar40": {
        "error": 0.38254159452005154, 
        "fit": "linear", 
        "value": 840.13632848568136
    }, 
    "Ar41": {
        "error": 0.12461944636009939, 
        "fit": "average_SEM", 
        "value": -0.24752149425757428
    }
}