{
    "Ar36": {
        "error": 0.0024291845944883128, 
        "fit": "linear", 
        "value": 0.030603721791496903
    }, 
    "Ar37": {
        "error": 0.13076391707897478, 
        "fit": "linear", 
        "value": 0.90717355219202545
    }, 
    "Ar38": {
        "error": 0.15244058135189564, 
        "fit": "linear", 
        "value": 7.7770966668854395
    }, 
    "Ar39": {
        "error": 0.24312436819267627, 
        "fit": "linear", 
        "value": 641.95634303543011
    }, 
    "Ar40": {
        "error": 0.63206408297620009, 
        "fit": "linear", 
        "value": 2646.6068584132481
    }, 
    "Ar41": {
        "error": 0.12413101980086409, 
        "fit": "average_SEM", 
        "value": -0.22220102525083349
    }
}