{
    "Ar36": {
        "error": 0.0018527647209676725, 
        "fit": "parabolic", 
        "value": 0.015834147583345649
    }, 
    "Ar37": {
        "error": 0.1422267865221756, 
        "fit": "linear", 
        "value": 0.85503264599147299
    }, 
    "Ar38": {
        "error": 0.16553205494567347, 
        "fit": "linear", 
        "value": 5.7694014614414755
    }, 
    "Ar39": {
        "error": 0.21563343377974473, 
        "fit": "parabolic", 
        "value": 475.42896336781121
    }, 
    "Ar40": {
        "error": 0.6019943678034646, 
        "fit": "parabolic", 
        "value": 1942.6334873877076
    }, 
    "Ar41": {
        "error": 0.12659422134227236, 
        "fit": "average_SEM", 
        "value": -0.18788520964886993
    }
}