{
    "Ar36": {
        "error": 0.0019464996227860579, 
        "fit": "parabolic", 
        "value": 0.019333096474994853
    }, 
    "Ar37": {
        "error": 0.13379745346289243, 
        "fit": "linear", 
        "value": 0.91620877513707311
    }, 
    "Ar38": {
        "error": 0.17701708293388776, 
        "fit": "linear", 
        "value": 5.5272141441739899
    }, 
    "Ar39": {
        "error": 0.1980610592290046, 
        "fit": "parabolic", 
        "value": 452.0678269997868
    }, 
    "Ar40": {
        "error": 0.56377955829744208, 
        "fit": "parabolic", 
        "value": 1845.7115168131404
    }, 
    "Ar41": {
        "error": 0.11914388769735122, 
        "fit": "average_SEM", 
        "value": 0.075606922165025028
    }
}