{
    "Ar36": {
        "error": 0.0013073236321141952, 
        "fit": "parabolic", 
        "value": 0.011106982158786053
    }, 
    "Ar37": {
        "error": 0.14443206071418954, 
        "fit": "linear", 
        "value": -0.043718199546087022
    }, 
    "Ar38": {
        "error": 0.14222816660326074, 
        "fit": "linear", 
        "value": -0.13153678309381397
    }, 
    "Ar39": {
        "error": 0.06561359326290557, 
        "fit": "parabolic", 
        "value": -0.23595641127859235
    }, 
    "Ar40": {
        "error": 0.13830142949084068, 
        "fit": "parabolic", 
        "value": 3.2723918653277164
    }, 
    "Ar41": {
        "error": 0.13377413729644577, 
        "fit": "average_SEM", 
        "value": -0.24088571390975266
    }
}