{
    "Ar36": {
        "error": 0.0017789681582057559, 
        "fit": "parabolic", 
        "value": 0.015715759800270946
    }, 
    "Ar37": {
        "error": 0.13277953278687263, 
        "fit": "linear", 
        "value": 0.45857582406268094
    }, 
    "Ar38": {
        "error": 0.14201938758077412, 
        "fit": "linear", 
        "value": 2.5425821492408378
    }, 
    "Ar39": {
        "error": 0.14824190731938874, 
        "fit": "parabolic", 
        "value": 210.56419861651642
    }, 
    "Ar40": {
        "error": 0.36969289629818181, 
        "fit": "parabolic", 
        "value": 862.76475748316761
    }, 
    "Ar41": {
        "error": 0.12350934348716755, 
        "fit": "average_SEM", 
        "value": -0.22366994577413424
    }
}