{
    "Ar36": {
        "error": 0.0019701029393653377, 
        "fit": "parabolic", 
        "value": 0.014245437761766021
    }, 
    "Ar37": {
        "error": 0.14261194218170031, 
        "fit": "linear", 
        "value": 1.2006844607721545
    }, 
    "Ar38": {
        "error": 0.16447230122770728, 
        "fit": "linear", 
        "value": 7.6219104076952604
    }, 
    "Ar39": {
        "error": 0.2421429588921841, 
        "fit": "parabolic", 
        "value": 623.99449202990456
    }, 
    "Ar40": {
        "error": 0.71878830050141418, 
        "fit": "parabolic", 
        "value": 2547.8821358021905
    }, 
    "Ar41": {
        "error": 0.121991180501009, 
        "fit": "average_SEM", 
        "value": 0.092227756379405043
    }
}