{
    "Ar36": {
        "error": 0.0023052728656695145, 
        "fit": "parabolic", 
        "value": 0.026985576066398453
    }, 
    "Ar37": {
        "error": 0.14054053803493288, 
        "fit": "linear", 
        "value": 0.8427937818953336
    }, 
    "Ar38": {
        "error": 0.16439084674804968, 
        "fit": "linear", 
        "value": 5.6623241195182263
    }, 
    "Ar39": {
        "error": 0.23099187548247677, 
        "fit": "parabolic", 
        "value": 463.84126484210651
    }, 
    "Ar40": {
        "error": 0.54626291152142492, 
        "fit": "parabolic", 
        "value": 1899.8876785827524
    }, 
    "Ar41": {
        "error": 0.13736893745247228, 
        "fit": "average_SEM", 
        "value": 0.076498321210965517
    }
}