{
    "Ar36": {
        "error": 0.0018505003164691303, 
        "fit": "parabolic", 
        "value": 0.013565318252147313
    }, 
    "Ar37": {
        "error": 0.13899826511256619, 
        "fit": "linear", 
        "value": 1.1282372822327937
    }, 
    "Ar38": {
        "error": 0.16742115814581313, 
        "fit": "linear", 
        "value": 7.9286423530291952
    }, 
    "Ar39": {
        "error": 0.25744610202884299, 
        "fit": "parabolic", 
        "value": 647.27265959616659
    }, 
    "Ar40": {
        "error": 0.70046247332404588, 
        "fit": "parabolic", 
        "value": 2639.8922401561772
    }, 
    "Ar41": {
        "error": 0.13052840569787161, 
        "fit": "average_SEM", 
        "value": 0.089010222817771142
    }
}