{
    "Ar36": {
        "error": 0.0014806713881437034, 
        "fit": "parabolic", 
        "value": 0.010489849479836536
    }, 
    "Ar37": {
        "error": 0.13839406858857542, 
        "fit": "linear", 
        "value": 0.51513889090382237
    }, 
    "Ar38": {
        "error": 0.17577288287740672, 
        "fit": "linear", 
        "value": 3.2794760149462761
    }, 
    "Ar39": {
        "error": 0.157255096485413, 
        "fit": "parabolic", 
        "value": 270.03529051113765
    }, 
    "Ar40": {
        "error": 0.44787961043854713, 
        "fit": "parabolic", 
        "value": 1100.4075414865576
    }, 
    "Ar41": {
        "error": 0.1215505094737189, 
        "fit": "average_SEM", 
        "value": 0.060828291721292768
    }
}