{
    "Ar36": {
        "error": 0.0014598472001894341, 
        "fit": "parabolic", 
        "value": 0.011120494869842085
    }, 
    "Ar37": {
        "error": 0.1445249835951381, 
        "fit": "linear", 
        "value": -0.014572833858274233
    }, 
    "Ar38": {
        "error": 0.16016798026447862, 
        "fit": "linear", 
        "value": -0.097456587262976874
    }, 
    "Ar39": {
        "error": 0.061110928142395667, 
        "fit": "parabolic", 
        "value": -0.225230274339247
    }, 
    "Ar40": {
        "error": 0.13368219226884717, 
        "fit": "parabolic", 
        "value": 3.2808703725360218
    }, 
    "Ar41": {
        "error": 0.11944796959858754, 
        "fit": "average_SEM", 
        "value": -0.23995273534208536
    }
}