{
    "Ar36": {
        "error": 0.0014654400917910502, 
        "fit": "parabolic", 
        "value": 0.010942597904794725
    }, 
    "Ar37": {
        "error": 0.13012840939974915, 
        "fit": "linear", 
        "value": -0.041003100144263303
    }, 
    "Ar38": {
        "error": 0.14141135284986811, 
        "fit": "linear", 
        "value": -0.093497237878575418
    }, 
    "Ar39": {
        "error": 0.0567770557542394, 
        "fit": "parabolic", 
        "value": -0.21099600217247733
    }, 
    "Ar40": {
        "error": 0.13027789036481197, 
        "fit": "parabolic", 
        "value": 3.1330891496391855
    }, 
    "Ar41": {
        "error": 0.1354537275399339, 
        "fit": "average_SEM", 
        "value": -0.24599974182015286
    }
}