{
    "Ar36": {
        "error": 0.0019767202792324414, 
        "fit": "parabolic", 
        "value": 0.016812424975461367
    }, 
    "Ar37": {
        "error": 0.13897701335124923, 
        "fit": "linear", 
        "value": 1.0701857202751057
    }, 
    "Ar38": {
        "error": 0.13782400707999137, 
        "fit": "linear", 
        "value": 4.4367360046137501
    }, 
    "Ar39": {
        "error": 0.19665274305913499, 
        "fit": "parabolic", 
        "value": 362.96929652081189
    }, 
    "Ar40": {
        "error": 0.46748650682650428, 
        "fit": "parabolic", 
        "value": 1482.883411801512
    }, 
    "Ar41": {
        "error": 0.13803104723415452, 
        "fit": "average_SEM", 
        "value": 0.059846023571211847
    }
}