{
    "Ar36": {
        "error": 0.0019445192774923533, 
        "fit": "parabolic", 
        "value": 0.016751671712725957
    }, 
    "Ar37": {
        "error": 0.12897792482737122, 
        "fit": "linear", 
        "value": 1.5261967544210271
    }, 
    "Ar38": {
        "error": 0.16421272879839419, 
        "fit": "linear", 
        "value": 5.1065257102396444
    }, 
    "Ar39": {
        "error": 0.19006516856995589, 
        "fit": "parabolic", 
        "value": 418.16528674066387
    }, 
    "Ar40": {
        "error": 0.50787201089464129, 
        "fit": "parabolic", 
        "value": 1706.109582312936
    }, 
    "Ar41": {
        "error": 0.12742688395902316, 
        "fit": "average_SEM", 
        "value": 0.067484956760192297
    }
}