{
    "Ar36": {
        "error": 0.0015363924768455061, 
        "fit": "parabolic", 
        "value": 0.011091676895389885
    }, 
    "Ar37": {
        "error": 0.14410843351947872, 
        "fit": "linear", 
        "value": 0.57003016892727898
    }, 
    "Ar38": {
        "error": 0.16977067641394558, 
        "fit": "linear", 
        "value": 3.642551603957787
    }, 
    "Ar39": {
        "error": 0.15316568696473168, 
        "fit": "parabolic", 
        "value": 302.05470883450113
    }, 
    "Ar40": {
        "error": 0.42652965414404637, 
        "fit": "parabolic", 
        "value": 1230.8803160301657
    }, 
    "Ar41": {
        "error": 0.12734047436703516, 
        "fit": "average_SEM", 
        "value": 0.045457511367276313
    }
}