{
    "Ar36": {
        "error": 0.0021192807563711904, 
        "fit": "parabolic", 
        "value": 0.019179704368869985
    }, 
    "Ar37": {
        "error": 0.13888077305264362, 
        "fit": "linear", 
        "value": 0.95647878578073442
    }, 
    "Ar38": {
        "error": 0.15711153663918584, 
        "fit": "linear", 
        "value": 6.1822380711610041
    }, 
    "Ar39": {
        "error": 0.2054187314597887, 
        "fit": "parabolic", 
        "value": 501.53292959116027
    }, 
    "Ar40": {
        "error": 0.55904054593766417, 
        "fit": "parabolic", 
        "value": 2045.3142899496233
    }, 
    "Ar41": {
        "error": 0.13363563093331582, 
        "fit": "average_SEM", 
        "value": 0.060107296664733439
    }
}