{
    "Ar36": {
        "error": 0.0017931226172102825, 
        "fit": "parabolic", 
        "value": 0.015645868339248754
    }, 
    "Ar37": {
        "error": 0.14056624919002708, 
        "fit": "linear", 
        "value": 0.85148620838299893
    }, 
    "Ar38": {
        "error": 0.16859502756457373, 
        "fit": "linear", 
        "value": 5.5560853945355992
    }, 
    "Ar39": {
        "error": 0.19437892445120253, 
        "fit": "parabolic", 
        "value": 455.72353569556066
    }, 
    "Ar40": {
        "error": 0.58258160416146476, 
        "fit": "parabolic", 
        "value": 1859.1913512892484
    }, 
    "Ar41": {
        "error": 0.11554541600466062, 
        "fit": "average_SEM", 
        "value": 0.05926061552017927
    }
}