{
    "Ar36": {
        "error": 0.0016665931998635431, 
        "fit": "parabolic", 
        "value": 0.012967687665608133
    }, 
    "Ar37": {
        "error": 0.13335480754358553, 
        "fit": "linear", 
        "value": 0.76470384054641172
    }, 
    "Ar38": {
        "error": 0.14576918019278506, 
        "fit": "linear", 
        "value": 5.0140466878912004
    }, 
    "Ar39": {
        "error": 0.19594992332922978, 
        "fit": "parabolic", 
        "value": 410.14486850503596
    }, 
    "Ar40": {
        "error": 0.54128711193034729, 
        "fit": "parabolic", 
        "value": 1677.4794088307619
    }, 
    "Ar41": {
        "error": 0.12716157077361448, 
        "fit": "average_SEM", 
        "value": 0.056347524610348046
    }
}