{
    "Ar36": {
        "error": 0.0017268412215598464, 
        "fit": "parabolic", 
        "value": 0.012347117935384887
    }, 
    "Ar37": {
        "error": 0.14569671091792552, 
        "fit": "linear", 
        "value": 0.48978420207182027
    }, 
    "Ar38": {
        "error": 0.1593560747687236, 
        "fit": "linear", 
        "value": 3.5987016619319547
    }, 
    "Ar39": {
        "error": 0.17668510059874643, 
        "fit": "parabolic", 
        "value": 297.81725310144128
    }, 
    "Ar40": {
        "error": 0.43317498685728861, 
        "fit": "parabolic", 
        "value": 1218.8272045085566
    }, 
    "Ar41": {
        "error": 0.12358002469614453, 
        "fit": "average_SEM", 
        "value": 0.051697459360118957
    }
}