{
    "Ar36": {
        "error": 0.0017319626452488089, 
        "fit": "parabolic", 
        "value": 0.012347292249942736
    }, 
    "Ar37": {
        "error": 0.13311923131491077, 
        "fit": "linear", 
        "value": 0.66794306779814594
    }, 
    "Ar38": {
        "error": 0.15614587650209111, 
        "fit": "linear", 
        "value": 4.3522484799021246
    }, 
    "Ar39": {
        "error": 0.19155656026572793, 
        "fit": "parabolic", 
        "value": 356.02157683156554
    }, 
    "Ar40": {
        "error": 0.47670979727950596, 
        "fit": "parabolic", 
        "value": 1453.2662670051618
    }, 
    "Ar41": {
        "error": 0.12461141081204204, 
        "fit": "average_SEM", 
        "value": 0.065831944589503116
    }
}