{
    "Ar36": {
        "error": 0.0016146344529927256, 
        "fit": "parabolic", 
        "value": 0.010816158783289249
    }, 
    "Ar37": {
        "error": 0.14339255359497385, 
        "fit": "linear", 
        "value": 0.78316182094751952
    }, 
    "Ar38": {
        "error": 0.14135376934079857, 
        "fit": "linear", 
        "value": 4.6606271682542708
    }, 
    "Ar39": {
        "error": 0.19657497420187939, 
        "fit": "parabolic", 
        "value": 381.99364441380771
    }, 
    "Ar40": {
        "error": 0.47186779595651174, 
        "fit": "parabolic", 
        "value": 1561.8461602448901
    }, 
    "Ar41": {
        "error": 0.13252148391929824, 
        "fit": "average_SEM", 
        "value": 0.052108903978194579
    }
}