{
    "Ar36": {
        "error": 0.0020968292497789511, 
        "fit": "parabolic", 
        "value": 0.020699246974203979
    }, 
    "Ar37": {
        "error": 0.12640511065309817, 
        "fit": "linear", 
        "value": 1.317689794275172
    }, 
    "Ar38": {
        "error": 0.15102478093783048, 
        "fit": "linear", 
        "value": 8.4809349200626549
    }, 
    "Ar39": {
        "error": 0.24235038822074792, 
        "fit": "parabolic", 
        "value": 687.81475038373128
    }, 
    "Ar40": {
        "error": 0.70272335309553091, 
        "fit": "parabolic", 
        "value": 2817.3131648932022
    }, 
    "Ar41": {
        "error": 0.12141642028051693, 
        "fit": "average_SEM", 
        "value": 0.088194568727747544
    }
}