{
    "Ar36": {
        "error": 0.0016567375880094251, 
        "fit": "parabolic", 
        "value": 0.012748690855402749
    }, 
    "Ar37": {
        "error": 0.14392943992517626, 
        "fit": "linear", 
        "value": 0.75121665722446695
    }, 
    "Ar38": {
        "error": 0.13573400816033881, 
        "fit": "linear", 
        "value": 4.7527360108747523
    }, 
    "Ar39": {
        "error": 0.17621997562015196, 
        "fit": "parabolic", 
        "value": 389.38085386844841
    }, 
    "Ar40": {
        "error": 0.49658116444499983, 
        "fit": "parabolic", 
        "value": 1590.432232390719
    }, 
    "Ar41": {
        "error": 0.13484543075441982, 
        "fit": "average_SEM", 
        "value": 0.057680784984026102
    }
}