{
    "Ar36": {
        "error": 0.0015491757019851691, 
        "fit": "parabolic", 
        "value": 0.010896679163636139
    }, 
    "Ar37": {
        "error": 0.14068237776517786, 
        "fit": "linear", 
        "value": 0.50508400861391545
    }, 
    "Ar38": {
        "error": 0.17073171275308102, 
        "fit": "linear", 
        "value": 3.3377911843257331
    }, 
    "Ar39": {
        "error": 0.16788956691921661, 
        "fit": "parabolic", 
        "value": 271.13734430758564
    }, 
    "Ar40": {
        "error": 0.4212195847832868, 
        "fit": "parabolic", 
        "value": 1109.7776848603194
    }, 
    "Ar41": {
        "error": 0.12579372205393133, 
        "fit": "average_SEM", 
        "value": 0.046378613663837311
    }
}