{
    "Ar36": {
        "error": 0.0016117209227405915, 
        "fit": "parabolic", 
        "value": 0.011415480520518297
    }, 
    "Ar37": {
        "error": 0.14290908776100919, 
        "fit": "linear", 
        "value": 0.43454236854503187
    }, 
    "Ar38": {
        "error": 0.15375835656698128, 
        "fit": "linear", 
        "value": 3.0290264447088626
    }, 
    "Ar39": {
        "error": 0.14641668223957752, 
        "fit": "parabolic", 
        "value": 249.14603268962708
    }, 
    "Ar40": {
        "error": 0.38940425242358517, 
        "fit": "parabolic", 
        "value": 1022.9025499394304
    }, 
    "Ar41": {
        "error": 0.13251331991784079, 
        "fit": "average_SEM", 
        "value": 0.038995965869136853
    }
}