{
    "Ar36": {
        "error": 0.0017055477811039471, 
        "fit": "parabolic", 
        "value": 0.012597054614887523
    }, 
    "Ar37": {
        "error": 0.13163440588155645, 
        "fit": "linear", 
        "value": 1.2884046727722502
    }, 
    "Ar38": {
        "error": 0.1587384570159778, 
        "fit": "linear", 
        "value": 8.3008603045575811
    }, 
    "Ar39": {
        "error": 0.26979195354717794, 
        "fit": "parabolic", 
        "value": 674.16111645967965
    }, 
    "Ar40": {
        "error": 0.70620334013989183, 
        "fit": "parabolic", 
        "value": 2760.641216862417
    }, 
    "Ar41": {
        "error": 0.12552113101746573, 
        "fit": "average_SEM", 
        "value": 0.092288985310122376
    }
}