{
    "Ar36": {
        "error": 0.0016602056221767204, 
        "fit": "parabolic", 
        "value": 0.013689070505540597
    }, 
    "Ar37": {
        "error": 0.13039387549432502, 
        "fit": "linear", 
        "value": 0.51887444160777074
    }, 
    "Ar38": {
        "error": 0.16515180844043362, 
        "fit": "linear", 
        "value": 3.3818207646580483
    }, 
    "Ar39": {
        "error": 0.16223308520736029, 
        "fit": "parabolic", 
        "value": 280.51237815877778
    }, 
    "Ar40": {
        "error": 0.4513952543252332, 
        "fit": "parabolic", 
        "value": 1152.4311344193379
    }, 
    "Ar41": {
        "error": 0.12559613491660213, 
        "fit": "average_SEM", 
        "value": 0.057137520796153696
    }
}