{
    "Ar36": {
        "error": 0.0016412674233267038, 
        "fit": "parabolic", 
        "value": 0.012915009194705583
    }, 
    "Ar37": {
        "error": 0.13937202069177676, 
        "fit": "linear", 
        "value": 0.78939258153800229
    }, 
    "Ar38": {
        "error": 0.14682035127384813, 
        "fit": "linear", 
        "value": 4.9868825147907749
    }, 
    "Ar39": {
        "error": 0.18620425212181019, 
        "fit": "parabolic", 
        "value": 409.73550867803328
    }, 
    "Ar40": {
        "error": 0.53261893767009527, 
        "fit": "parabolic", 
        "value": 1677.7928441643562
    }, 
    "Ar41": {
        "error": 0.113448039346561, 
        "fit": "average_SEM", 
        "value": 0.051864118559751662
    }
}