{
    "Ar36": {
        "error": 0.0019638531106370687, 
        "fit": "parabolic", 
        "value": 0.014459963537764024
    }, 
    "Ar37": {
        "error": 0.14546000074991072, 
        "fit": "linear", 
        "value": 1.155338336991619
    }, 
    "Ar38": {
        "error": 0.16029434578404159, 
        "fit": "linear", 
        "value": 7.6255024071787858
    }, 
    "Ar39": {
        "error": 0.24463376070095608, 
        "fit": "parabolic", 
        "value": 623.25162727610643
    }, 
    "Ar40": {
        "error": 0.68287018970721625, 
        "fit": "parabolic", 
        "value": 2548.6998761644563
    }, 
    "Ar41": {
        "error": 0.12295210542106909, 
        "fit": "average_SEM", 
        "value": 0.089970143385231488
    }
}