{
    "Ar36": {
        "error": 0.0017591227208304352, 
        "fit": "parabolic", 
        "value": 0.012449655173805099
    }, 
    "Ar37": {
        "error": 0.13668935158987483, 
        "fit": "linear", 
        "value": 0.5667676578020906
    }, 
    "Ar38": {
        "error": 0.1660225907418422, 
        "fit": "linear", 
        "value": 3.3510994278685562
    }, 
    "Ar39": {
        "error": 0.15835221760674081, 
        "fit": "parabolic", 
        "value": 276.65106322511355
    }, 
    "Ar40": {
        "error": 0.41118593265669467, 
        "fit": "parabolic", 
        "value": 1131.2067202789899
    }, 
    "Ar41": {
        "error": 0.1253009604542796, 
        "fit": "average_SEM", 
        "value": 0.05426378089375794
    }
}