{
    "Ar36": {
        "error": 0.0015645613266255713, 
        "fit": "parabolic", 
        "value": 0.010670055898983592
    }, 
    "Ar37": {
        "error": 0.13876656669598203, 
        "fit": "linear", 
        "value": 0.7090809657689332
    }, 
    "Ar38": {
        "error": 0.13974685337525369, 
        "fit": "linear", 
        "value": 4.5643921982631497
    }, 
    "Ar39": {
        "error": 0.19714751474718131, 
        "fit": "parabolic", 
        "value": 375.65525199206252
    }, 
    "Ar40": {
        "error": 0.47354571672983831, 
        "fit": "parabolic", 
        "value": 1536.4560965447504
    }, 
    "Ar41": {
        "error": 0.12206740970026429, 
        "fit": "average_SEM", 
        "value": 0.073293021705118006
    }
}