{
    "Ar36": {
        "error": 0.0022817153088735519, 
        "fit": "parabolic", 
        "value": 0.025416928344099206
    }, 
    "Ar37": {
        "error": 0.13376779771140235, 
        "fit": "linear", 
        "value": 0.96989645873454711
    }, 
    "Ar38": {
        "error": 0.19872515878321506, 
        "fit": "linear", 
        "value": 5.3332541660461166
    }, 
    "Ar39": {
        "error": 0.21000971056395196, 
        "fit": "parabolic", 
        "value": 436.33684313759056
    }, 
    "Ar40": {
        "error": 0.55606346314586297, 
        "fit": "parabolic", 
        "value": 1790.9075515634211
    }, 
    "Ar41": {
        "error": 0.12347156738110412, 
        "fit": "average_SEM", 
        "value": -0.21190863610478117
    }
}