{
    "Ar36": {
        "error": 0.0022069178404768111, 
        "fit": "parabolic", 
        "value": 0.027468500978215529
    }, 
    "Ar37": {
        "error": 0.14486391741487775, 
        "fit": "linear", 
        "value": 1.127928483743122
    }, 
    "Ar38": {
        "error": 0.18332032820531152, 
        "fit": "linear", 
        "value": 4.938388182514168
    }, 
    "Ar39": {
        "error": 0.19697114422807252, 
        "fit": "parabolic", 
        "value": 406.1618742142627
    }, 
    "Ar40": {
        "error": 0.48663576201038178, 
        "fit": "parabolic", 
        "value": 1664.8233686135056
    }, 
    "Ar41": {
        "error": 0.13286822447667823, 
        "fit": "average_SEM", 
        "value": -0.20222634792281316
    }
}