{
    "Ar36": {
        "error": 0.0022967767875298382, 
        "fit": "parabolic", 
        "value": 0.025336621963531626
    }, 
    "Ar37": {
        "error": 0.14193158772812534, 
        "fit": "linear", 
        "value": 1.010735710200066
    }, 
    "Ar38": {
        "error": 0.16214649185057453, 
        "fit": "linear", 
        "value": 7.5448448126031966
    }, 
    "Ar39": {
        "error": 0.25502357432180656, 
        "fit": "parabolic", 
        "value": 618.48701902563357
    }, 
    "Ar40": {
        "error": 0.64837100136292536, 
        "fit": "parabolic", 
        "value": 2530.6473258695614
    }, 
    "Ar41": {
        "error": 0.12139086323979456, 
        "fit": "average_SEM", 
        "value": 0.084346045968821268
    }
}