{
    "Ar36": {
        "error": 0.0023629070592565871, 
        "fit": "parabolic", 
        "value": 0.025339339969812004
    }, 
    "Ar37": {
        "error": 0.12804486373859536, 
        "fit": "linear", 
        "value": 0.73919894071326575
    }, 
    "Ar38": {
        "error": 0.17696780518200442, 
        "fit": "linear", 
        "value": 4.118877989775509
    }, 
    "Ar39": {
        "error": 0.17568116793630892, 
        "fit": "parabolic", 
        "value": 339.23197239756598
    }, 
    "Ar40": {
        "error": 0.46497699575622053, 
        "fit": "parabolic", 
        "value": 1391.4593978459156
    }, 
    "Ar41": {
        "error": 0.11995266003677893, 
        "fit": "average_SEM", 
        "value": -0.22519703511148692
    }
}