{
    "Ar36": {
        "error": 0.0028611424111850891, 
        "fit": "parabolic", 
        "value": 0.054770645253372358
    }, 
    "Ar37": {
        "error": 0.1300711582565941, 
        "fit": "linear", 
        "value": 1.3260482185903222
    }, 
    "Ar38": {
        "error": 0.18155772054460717, 
        "fit": "linear", 
        "value": 5.9278232830124633
    }, 
    "Ar39": {
        "error": 0.21541937868716179, 
        "fit": "parabolic", 
        "value": 489.07215723697294
    }, 
    "Ar40": {
        "error": 0.53642094648470029, 
        "fit": "parabolic", 
        "value": 2016.9236849887443
    }, 
    "Ar41": {
        "error": 0.11687444465000836, 
        "fit": "average_SEM", 
        "value": -0.2024778086952865
    }
}