{
    "Ar36": {
        "error": 0.0023645788360602371, 
        "fit": "parabolic", 
        "value": 0.033408555557998362
    }, 
    "Ar37": {
        "error": 0.13795397405221349, 
        "fit": "linear", 
        "value": 1.2816609301228492
    }, 
    "Ar38": {
        "error": 0.16144296883660614, 
        "fit": "linear", 
        "value": 6.5845262670295721
    }, 
    "Ar39": {
        "error": 0.21209012975925415, 
        "fit": "parabolic", 
        "value": 535.99683556992227
    }, 
    "Ar40": {
        "error": 0.61257879666846671, 
        "fit": "parabolic", 
        "value": 2196.9393310624182
    }, 
    "Ar41": {
        "error": 0.11142887696033435, 
        "fit": "average_SEM", 
        "value": -0.20302976826205849
    }
}