{
    "Ar36": {
        "error": 0.001865220118518912, 
        "fit": "parabolic", 
        "value": 0.014787004263976422
    }, 
    "Ar37": {
        "error": 0.13588313075132238, 
        "fit": "linear", 
        "value": 0.70669511643145988
    }, 
    "Ar38": {
        "error": 0.15496763354775492, 
        "fit": "linear", 
        "value": 4.6897432405997472
    }, 
    "Ar39": {
        "error": 0.17005497353024426, 
        "fit": "parabolic", 
        "value": 386.00908797634469
    }, 
    "Ar40": {
        "error": 0.49903183525721667, 
        "fit": "parabolic", 
        "value": 1580.4930458897284
    }, 
    "Ar41": {
        "error": 0.12116899966195409, 
        "fit": "average_SEM", 
        "value": 0.061671310634235851
    }
}