{
    "Ar36": {
        "error": 0.0019017635046834694, 
        "fit": "parabolic", 
        "value": 0.016935611194836955
    }, 
    "Ar37": {
        "error": 0.14957935021303007, 
        "fit": "linear", 
        "value": 0.79290866949359584
    }, 
    "Ar38": {
        "error": 0.16507534772042545, 
        "fit": "linear", 
        "value": 5.4946536764027964
    }, 
    "Ar39": {
        "error": 0.2020579337249637, 
        "fit": "parabolic", 
        "value": 448.90732859951572
    }, 
    "Ar40": {
        "error": 0.5720875385529729, 
        "fit": "parabolic", 
        "value": 1838.9349079983981
    }, 
    "Ar41": {
        "error": 0.12591335234722603, 
        "fit": "average_SEM", 
        "value": 0.061737777195172386
    }
}