{
    "Ar36": {
        "error": 0.0024140987986078668, 
        "fit": "parabolic", 
        "value": 0.032173939688490291
    }, 
    "Ar37": {
        "error": 0.14864669203531045, 
        "fit": "linear", 
        "value": 1.1198388399991357
    }, 
    "Ar38": {
        "error": 0.1434936568357863, 
        "fit": "linear", 
        "value": 6.9158011858944954
    }, 
    "Ar39": {
        "error": 0.22815748735764071, 
        "fit": "parabolic", 
        "value": 561.36912935444366
    }, 
    "Ar40": {
        "error": 0.61516223025781891, 
        "fit": "parabolic", 
        "value": 2301.1619999436743
    }, 
    "Ar41": {
        "error": 0.1244406563532036, 
        "fit": "average_SEM", 
        "value": 0.083027229426428678
    }
}