{
    "Ar36": {
        "error": 0.002591764359144157, 
        "fit": "parabolic", 
        "value": 0.027413191964872873
    }, 
    "Ar37": {
        "error": 0.13531388741614955, 
        "fit": "linear", 
        "value": 0.87118890173916075
    }, 
    "Ar38": {
        "error": 0.16747423621253588, 
        "fit": "linear", 
        "value": 5.4941579748054892
    }, 
    "Ar39": {
        "error": 0.18940861240722393, 
        "fit": "parabolic", 
        "value": 453.51737543616599
    }, 
    "Ar40": {
        "error": 0.54829883758143894, 
        "fit": "parabolic", 
        "value": 1863.3899935256882
    }, 
    "Ar41": {
        "error": 0.12402379471463187, 
        "fit": "average_SEM", 
        "value": 0.052666220849438103
    }
}