{
    "Ar36": {
        "error": 0.0021698983654350793, 
        "fit": "parabolic", 
        "value": 0.026243920380935662
    }, 
    "Ar37": {
        "error": 0.1242247291041646, 
        "fit": "linear", 
        "value": 0.9631964587925318
    }, 
    "Ar38": {
        "error": 0.16492086603633668, 
        "fit": "linear", 
        "value": 4.6657481958506208
    }, 
    "Ar39": {
        "error": 0.17280092573993175, 
        "fit": "parabolic", 
        "value": 380.74578700081565
    }, 
    "Ar40": {
        "error": 0.46685482075192702, 
        "fit": "parabolic", 
        "value": 1555.3846299480683
    }, 
    "Ar41": {
        "error": 0.12696852420554089, 
        "fit": "average_SEM", 
        "value": -0.20204242309997789
    }
}