{
    "Ar36": {
        "error": 0.0030893735939837219, 
        "fit": "parabolic", 
        "value": 0.052788292190904515
    }, 
    "Ar37": {
        "error": 0.13810081705347116, 
        "fit": "linear", 
        "value": 0.88950405607252425
    }, 
    "Ar38": {
        "error": 0.16669073074988969, 
        "fit": "linear", 
        "value": 4.8427245327643123
    }, 
    "Ar39": {
        "error": 0.19065317707529914, 
        "fit": "parabolic", 
        "value": 398.91707232921198
    }, 
    "Ar40": {
        "error": 0.51407250617532596, 
        "fit": "parabolic", 
        "value": 1640.1576877024236
    }, 
    "Ar41": {
        "error": 0.12946820863858147, 
        "fit": "average_SEM", 
        "value": -0.19556314637139441
    }
}