{
    "Ar36": {
        "error": 0.0019181114538633476, 
        "fit": "parabolic", 
        "value": 0.021062399616681073
    }, 
    "Ar37": {
        "error": 0.14223299766228908, 
        "fit": "linear", 
        "value": 0.80448503706380725
    }, 
    "Ar38": {
        "error": 0.15902766510920152, 
        "fit": "linear", 
        "value": 5.231421957257627
    }, 
    "Ar39": {
        "error": 0.19482959461854726, 
        "fit": "parabolic", 
        "value": 427.98227806262003
    }, 
    "Ar40": {
        "error": 0.53628323520349397, 
        "fit": "parabolic", 
        "value": 1750.2696133356676
    }, 
    "Ar41": {
        "error": 0.13588115131387546, 
        "fit": "average_SEM", 
        "value": 0.074740684049902487
    }
}