{
    "Ar36": {
        "error": 0.0029653064860088469, 
        "fit": "parabolic", 
        "value": 0.053067980853438668
    }, 
    "Ar37": {
        "error": 0.14155610489883688, 
        "fit": "linear", 
        "value": 1.2519595534537191
    }, 
    "Ar38": {
        "error": 0.16443991647639317, 
        "fit": "linear", 
        "value": 6.8436244066586553
    }, 
    "Ar39": {
        "error": 0.23866501678008531, 
        "fit": "parabolic", 
        "value": 556.66487930011385
    }, 
    "Ar40": {
        "error": 0.63006740634312663, 
        "fit": "parabolic", 
        "value": 2287.1403036364463
    }, 
    "Ar41": {
        "error": 0.11120163968122135, 
        "fit": "average_SEM", 
        "value": -0.19816855071252212
    }
}