{
    "Ar36": {
        "error": 0.0022203905000358049, 
        "fit": "parabolic", 
        "value": 0.028916012688728846
    }, 
    "Ar37": {
        "error": 0.13704511116649432, 
        "fit": "linear", 
        "value": 1.384576043476051
    }, 
    "Ar38": {
        "error": 0.18978056860943204, 
        "fit": "linear", 
        "value": 7.1178668347124168
    }, 
    "Ar39": {
        "error": 0.2210689635413825, 
        "fit": "parabolic", 
        "value": 583.84627616455782
    }, 
    "Ar40": {
        "error": 0.64160329621552348, 
        "fit": "parabolic", 
        "value": 2390.6230843123194
    }, 
    "Ar41": {
        "error": 0.11837668443189273, 
        "fit": "average_SEM", 
        "value": -0.18760506427500515
    }
}