{
    "Ar36": {
        "error": 0.0021985448736300734, 
        "fit": "parabolic", 
        "value": 0.024645937197164111
    }, 
    "Ar37": {
        "error": 0.14737443927731567, 
        "fit": "linear", 
        "value": 0.71507202418047489
    }, 
    "Ar38": {
        "error": 0.16268868496512251, 
        "fit": "linear", 
        "value": 3.1500433641493855
    }, 
    "Ar39": {
        "error": 0.1450907469111998, 
        "fit": "parabolic", 
        "value": 260.66098447114018
    }, 
    "Ar40": {
        "error": 0.43493810598398391, 
        "fit": "parabolic", 
        "value": 1070.0683276127679
    }, 
    "Ar41": {
        "error": 0.13107454564680651, 
        "fit": "average_SEM", 
        "value": 0.048733470785868122
    }
}