{
    "Ar36": {
        "error": 0.0014680789805792429, 
        "fit": "parabolic", 
        "value": 0.011415800362567868
    }, 
    "Ar37": {
        "error": 0.14251541095731754, 
        "fit": "linear", 
        "value": 0.11072818858684738
    }, 
    "Ar38": {
        "error": 0.14481545548326313, 
        "fit": "linear", 
        "value": 0.81845544317592744
    }, 
    "Ar39": {
        "error": 0.091627162692264744, 
        "fit": "parabolic", 
        "value": 73.580541756761235
    }, 
    "Ar40": {
        "error": 0.23189679396516569, 
        "fit": "parabolic", 
        "value": 304.07543684329448
    }, 
    "Ar41": {
        "error": 0.11090171345989158, 
        "fit": "average_SEM", 
        "value": -0.23687859868258238
    }
}