{
    "Ar36": {
        "error": 0.0052553263111953467, 
        "fit": "parabolic", 
        "value": 0.16174735510175081
    }, 
    "Ar37": {
        "error": 0.14677192953863458, 
        "fit": "linear", 
        "value": 0.96149379152069203
    }, 
    "Ar38": {
        "error": 0.16155858325173589, 
        "fit": "linear", 
        "value": 5.8100884001774116
    }, 
    "Ar39": {
        "error": 0.18847165694284615, 
        "fit": "parabolic", 
        "value": 474.50652096320027
    }, 
    "Ar40": {
        "error": 0.59183677608393204, 
        "fit": "parabolic", 
        "value": 1982.6365770138159
    }, 
    "Ar41": {
        "error": 0.12771291531747755, 
        "fit": "average_SEM", 
        "value": 0.065541952299652623
    }
}