{
    "Ar36": {
        "error": 0.0043593648387104077, 
        "fit": "parabolic", 
        "value": 0.081670014856000228
    }, 
    "Ar37": {
        "error": 0.13204693343922874, 
        "fit": "linear", 
        "value": 0.77878874997206227
    }, 
    "Ar38": {
        "error": 0.13806300975405625, 
        "fit": "linear", 
        "value": 4.7320291880127279
    }, 
    "Ar39": {
        "error": 0.1919780089496384, 
        "fit": "parabolic", 
        "value": 387.63049292010481
    }, 
    "Ar40": {
        "error": 0.55781650830526219, 
        "fit": "parabolic", 
        "value": 1605.8302008099672
    }, 
    "Ar41": {
        "error": 0.12624339388908787, 
        "fit": "average_SEM", 
        "value": -0.20877150793870289
    }
}