{
    "Ar36": {
        "error": 0.0016011198620587191, 
        "fit": "parabolic", 
        "value": 0.012413560671352665
    }, 
    "Ar37": {
        "error": 0.13151367190628127, 
        "fit": "linear", 
        "value": -0.072581008389994789
    }, 
    "Ar38": {
        "error": 0.16336154656363383, 
        "fit": "linear", 
        "value": -0.12721723975830862
    }, 
    "Ar39": {
        "error": 0.057074194059004539, 
        "fit": "parabolic", 
        "value": -0.23054840206129329
    }, 
    "Ar40": {
        "error": 0.13505600985525204, 
        "fit": "parabolic", 
        "value": 3.7565988012470846
    }, 
    "Ar41": {
        "error": 0.12588993306032475, 
        "fit": "average_SEM", 
        "value": 0.010558122168062255
    }
}