{
    "Ar36": {
        "error": 0.0022967006870958416, 
        "fit": "parabolic", 
        "value": 0.021550485891001045
    }, 
    "Ar37": {
        "error": 0.13793449819336726, 
        "fit": "linear", 
        "value": 1.2970277189883341
    }, 
    "Ar38": {
        "error": 0.15227676344872901, 
        "fit": "linear", 
        "value": 8.0254205868809958
    }, 
    "Ar39": {
        "error": 0.25268364600909798, 
        "fit": "parabolic", 
        "value": 653.49939838475461
    }, 
    "Ar40": {
        "error": 0.67180609957120274, 
        "fit": "parabolic", 
        "value": 2674.806859781092
    }, 
    "Ar41": {
        "error": 0.13115487207734505, 
        "fit": "average_SEM", 
        "value": -0.18510226398520171
    }
}