{
    "Ar36": {
        "error": 0.0022647278115836837, 
        "fit": "parabolic", 
        "value": 0.024008851001743901
    }, 
    "Ar37": {
        "error": 0.12856830001795277, 
        "fit": "linear", 
        "value": 0.87083837471235093
    }, 
    "Ar38": {
        "error": 0.19279440804610998, 
        "fit": "linear", 
        "value": 4.3251998197281605
    }, 
    "Ar39": {
        "error": 0.18175420164736944, 
        "fit": "parabolic", 
        "value": 355.5600798166405
    }, 
    "Ar40": {
        "error": 0.47532709023245034, 
        "fit": "parabolic", 
        "value": 1454.9082879471994
    }, 
    "Ar41": {
        "error": 0.11380623056368246, 
        "fit": "average_SEM", 
        "value": -0.2129748736312613
    }
}