{
    "Ar36": {
        "error": 0.0022878260226927428, 
        "fit": "parabolic", 
        "value": 0.024621048233207203
    }, 
    "Ar37": {
        "error": 0.13631046264049515, 
        "fit": "linear", 
        "value": 0.73993561415503395
    }, 
    "Ar38": {
        "error": 0.1917730667636319, 
        "fit": "linear", 
        "value": 4.0257254222117265
    }, 
    "Ar39": {
        "error": 0.18294508516653354, 
        "fit": "parabolic", 
        "value": 335.16898528795514
    }, 
    "Ar40": {
        "error": 0.46930715725403638, 
        "fit": "parabolic", 
        "value": 1373.6339712266456
    }, 
    "Ar41": {
        "error": 0.11803019478396061, 
        "fit": "average_SEM", 
        "value": -0.19856715312693268
    }
}