{
    "Ar36": {
        "error": 0.002867901479570974, 
        "fit": "parabolic", 
        "value": 0.034179982285523172
    }, 
    "Ar37": {
        "error": 0.14033774898851034, 
        "fit": "linear", 
        "value": 1.2359804506610867
    }, 
    "Ar38": {
        "error": 0.19593373547663576, 
        "fit": "linear", 
        "value": 3.0348278100878439
    }, 
    "Ar39": {
        "error": 0.14878687841721197, 
        "fit": "parabolic", 
        "value": 251.191511407657
    }, 
    "Ar40": {
        "error": 0.4189984114552513, 
        "fit": "parabolic", 
        "value": 1032.0473865807733
    }, 
    "Ar41": {
        "error": 0.12379702389368975, 
        "fit": "average_SEM", 
        "value": -0.21914801242924295
    }
}