{
    "Ar36": {
        "error": 0.0033304867319689578, 
        "fit": "parabolic", 
        "value": 0.061831413720471122
    }, 
    "Ar37": {
        "error": 0.14605215681075953, 
        "fit": "linear", 
        "value": -0.034334971485927852
    }, 
    "Ar38": {
        "error": 0.15652005106318143, 
        "fit": "linear", 
        "value": -0.1007736168092099
    }, 
    "Ar39": {
        "error": 0.057348550349949859, 
        "fit": "parabolic", 
        "value": -0.20017317021597875
    }, 
    "Ar40": {
        "error": 0.12931518780466908, 
        "fit": "parabolic", 
        "value": 18.628994901064477
    }, 
    "Ar41": {
        "error": 0.11816715571110969, 
        "fit": "average_SEM", 
        "value": 0.014987378177931531
    }
}