{
    "Ar36": {
        "error": 0.0014465070863671737, 
        "fit": "parabolic", 
        "value": 0.01192830398210361
    }, 
    "Ar37": {
        "error": 0.14240668533346729, 
        "fit": "linear", 
        "value": 0.33333542885522494
    }, 
    "Ar38": {
        "error": 0.17849839834487102, 
        "fit": "linear", 
        "value": 1.6251731596743595
    }, 
    "Ar39": {
        "error": 0.13255364080612234, 
        "fit": "parabolic", 
        "value": 137.98578863957255
    }, 
    "Ar40": {
        "error": 0.32685238367483133, 
        "fit": "parabolic", 
        "value": 566.91996670338051
    }, 
    "Ar41": {
        "error": 0.13222285797347724, 
        "fit": "average_SEM", 
        "value": -0.23807753429363948
    }
}