{
    "Ar36": {
        "error": 0.0021856974195482823, 
        "fit": "parabolic", 
        "value": 0.032163770967415052
    }, 
    "Ar37": {
        "error": 0.1439743614663645, 
        "fit": "linear", 
        "value": 0.94224946942496224
    }, 
    "Ar38": {
        "error": 0.15203593240506635, 
        "fit": "linear", 
        "value": 5.8716321406936123
    }, 
    "Ar39": {
        "error": 0.22439788384300011, 
        "fit": "parabolic", 
        "value": 483.83705503763753
    }, 
    "Ar40": {
        "error": 0.58278560563786452, 
        "fit": "parabolic", 
        "value": 1979.3581586967466
    }, 
    "Ar41": {
        "error": 0.1245008407098471, 
        "fit": "average_SEM", 
        "value": -0.1959745985341724
    }
}