{
    "Ar36": {
        "error": 0.0019776756462475537, 
        "fit": "parabolic", 
        "value": 0.022277180994102051
    }, 
    "Ar37": {
        "error": 0.13109933084686146, 
        "fit": "linear", 
        "value": -0.043283095474822009
    }, 
    "Ar38": {
        "error": 0.16087762863891586, 
        "fit": "linear", 
        "value": -0.10545581923837855
    }, 
    "Ar39": {
        "error": 0.058805718127123742, 
        "fit": "parabolic", 
        "value": -0.2414594446337294
    }, 
    "Ar40": {
        "error": 0.13852921149259328, 
        "fit": "parabolic", 
        "value": 6.8488907069290077
    }, 
    "Ar41": {
        "error": 0.12102321239563682, 
        "fit": "average_SEM", 
        "value": -0.2444850781019777
    }
}