{
    "Ar36": {
        "error": 0.0018314616323789287, 
        "fit": "parabolic", 
        "value": 0.019232021011630636
    }, 
    "Ar37": {
        "error": 0.13374951761218723, 
        "fit": "linear", 
        "value": -0.025953450081951705
    }, 
    "Ar38": {
        "error": 0.16362473163973898, 
        "fit": "linear", 
        "value": -0.1179103041403492
    }, 
    "Ar39": {
        "error": 0.062768210356155665, 
        "fit": "parabolic", 
        "value": -0.20486163621577583
    }, 
    "Ar40": {
        "error": 0.1383812596936963, 
        "fit": "parabolic", 
        "value": 5.7449315161718344
    }, 
    "Ar41": {
        "error": 0.12572329231080928, 
        "fit": "average_SEM", 
        "value": -0.23973052853345872
    }
}