{
    "Ar36": {
        "error": 0.0022194985301999958, 
        "fit": "parabolic", 
        "value": 0.025798997765001622
    }, 
    "Ar37": {
        "error": 0.1426820337657202, 
        "fit": "linear", 
        "value": 1.2923735668116589
    }, 
    "Ar38": {
        "error": 0.1805367425820078, 
        "fit": "linear", 
        "value": 6.7901208196034766
    }, 
    "Ar39": {
        "error": 0.20558708625680561, 
        "fit": "parabolic", 
        "value": 552.65579661622201
    }, 
    "Ar40": {
        "error": 0.63189890096608381, 
        "fit": "parabolic", 
        "value": 2261.1957832328035
    }, 
    "Ar41": {
        "error": 0.12332501021249402, 
        "fit": "average_SEM", 
        "value": -0.20105837604333646
    }
}