{
    "Ar36": {
        "error": 0.0022363998332026297, 
        "fit": "parabolic", 
        "value": 0.025584914689586097
    }, 
    "Ar37": {
        "error": 0.13663908767043742, 
        "fit": "linear", 
        "value": 1.7018632228778654
    }, 
    "Ar38": {
        "error": 0.19190868234789621, 
        "fit": "linear", 
        "value": 9.6903462186986573
    }, 
    "Ar39": {
        "error": 0.24707011673680387, 
        "fit": "parabolic", 
        "value": 793.98743671333375
    }, 
    "Ar40": {
        "error": 0.74308418437703516, 
        "fit": "parabolic", 
        "value": 3250.7827879635033
    }, 
    "Ar41": {
        "error": 0.12513707013868611, 
        "fit": "average_SEM", 
        "value": -0.16679236773378217
    }
}