{
    "Ar36": {
        "error": 0.0023493891989888704, 
        "fit": "parabolic", 
        "value": 0.029276819773762754
    }, 
    "Ar37": {
        "error": 0.14160523691165841, 
        "fit": "linear", 
        "value": 1.8414050325691109
    }, 
    "Ar38": {
        "error": 0.18189748329913119, 
        "fit": "linear", 
        "value": 10.111787193815307
    }, 
    "Ar39": {
        "error": 0.30341290653228425, 
        "fit": "parabolic", 
        "value": 819.75398414763004
    }, 
    "Ar40": {
        "error": 0.84369556597457507, 
        "fit": "parabolic", 
        "value": 3357.4556295361754
    }, 
    "Ar41": {
        "error": 0.12211842067151718, 
        "fit": "average_SEM", 
        "value": -0.16164066481776534
    }
}