{
    "Ar36": {
        "error": 0.0022115530605674246, 
        "fit": "parabolic", 
        "value": 0.027494689983882117
    }, 
    "Ar37": {
        "error": 0.13713132740704109, 
        "fit": "linear", 
        "value": 1.4545061599903231
    }, 
    "Ar38": {
        "error": 0.1875323935426316, 
        "fit": "linear", 
        "value": 7.4795040950350504
    }, 
    "Ar39": {
        "error": 0.230344786328993, 
        "fit": "parabolic", 
        "value": 620.03987118419082
    }, 
    "Ar40": {
        "error": 0.70287590185566706, 
        "fit": "parabolic", 
        "value": 2538.0628273894736
    }, 
    "Ar41": {
        "error": 0.12616032023286147, 
        "fit": "average_SEM", 
        "value": -0.18335577256302349
    }
}