{
    "Ar36": {
        "error": 0.0029157910937715665, 
        "fit": "parabolic", 
        "value": 0.049059731831055955
    }, 
    "Ar37": {
        "error": 0.12970907208935503, 
        "fit": "linear", 
        "value": -0.010711341729041139
    }, 
    "Ar38": {
        "error": 0.16549434645598141, 
        "fit": "linear", 
        "value": -0.11741495712217079
    }, 
    "Ar39": {
        "error": 0.059117260726111044, 
        "fit": "parabolic", 
        "value": -0.22345899311974032
    }, 
    "Ar40": {
        "error": 0.14280356423724933, 
        "fit": "parabolic", 
        "value": 14.901708744768442
    }, 
    "Ar41": {
        "error": 0.11800895432060302, 
        "fit": "average_SEM", 
        "value": -0.23562096250429748
    }
}