{
    "Ar36": {
        "error": 0.002045618664498863, 
        "fit": "parabolic", 
        "value": 0.018612293538307647
    }, 
    "Ar37": {
        "error": 0.14385396682243659, 
        "fit": "linear", 
        "value": 1.1138366242365421
    }, 
    "Ar38": {
        "error": 0.16340591144575706, 
        "fit": "linear", 
        "value": 7.2599976622830944
    }, 
    "Ar39": {
        "error": 0.24138892374010992, 
        "fit": "parabolic", 
        "value": 593.68236270545594
    }, 
    "Ar40": {
        "error": 0.65541708506128482, 
        "fit": "parabolic", 
        "value": 2430.3183879849503
    }, 
    "Ar41": {
        "error": 0.12551636394341881, 
        "fit": "average_SEM", 
        "value": -0.17961849155649542
    }
}