{
    "Ar36": {
        "error": 0.0013904316970669455, 
        "fit": "parabolic", 
        "value": 0.012014615952986356
    }, 
    "Ar37": {
        "error": 0.1393256852531006, 
        "fit": "linear", 
        "value": -0.040109629659691268
    }, 
    "Ar38": {
        "error": 0.15585907834509058, 
        "fit": "linear", 
        "value": -0.08611009960390309
    }, 
    "Ar39": {
        "error": 0.056693967415023784, 
        "fit": "parabolic", 
        "value": -0.2092017502053552
    }, 
    "Ar40": {
        "error": 0.13794856242842751, 
        "fit": "parabolic", 
        "value": 3.5175241827565893
    }, 
    "Ar41": {
        "error": 0.12483469447459487, 
        "fit": "average_SEM", 
        "value": -0.24361679027648642
    }
}