{
    "Ar36": {
        "error": 0.0017234895483517548, 
        "fit": "parabolic", 
        "value": 0.012247054429895187
    }, 
    "Ar37": {
        "error": 0.13633248146991894, 
        "fit": "linear", 
        "value": 0.44174200330505303
    }, 
    "Ar38": {
        "error": 0.14575216761043355, 
        "fit": "linear", 
        "value": 2.9305488503206707
    }, 
    "Ar39": {
        "error": 0.1516897421914403, 
        "fit": "parabolic", 
        "value": 242.34650217258408
    }, 
    "Ar40": {
        "error": 0.37455575197312546, 
        "fit": "parabolic", 
        "value": 991.31189368234845
    }, 
    "Ar41": {
        "error": 0.12907866267115334, 
        "fit": "average_SEM", 
        "value": -0.23548988470388577
    }
}