{
    "Ar36": {
        "error": 0.0016849533760931006, 
        "fit": "parabolic", 
        "value": 0.013591999580997322
    }, 
    "Ar37": {
        "error": 0.1299840841997148, 
        "fit": "linear", 
        "value": 0.62399157241093728
    }, 
    "Ar38": {
        "error": 0.1579346250777281, 
        "fit": "linear", 
        "value": 3.9120844315393999
    }, 
    "Ar39": {
        "error": 0.16936997870690979, 
        "fit": "parabolic", 
        "value": 326.8413709013912
    }, 
    "Ar40": {
        "error": 0.50158020126808311, 
        "fit": "parabolic", 
        "value": 1338.3612061434337
    }, 
    "Ar41": {
        "error": 0.12358258493482543, 
        "fit": "average_SEM", 
        "value": -0.21005263111507519
    }
}