{
    "Ar36": {
        "error": 0.0020889122819132966, 
        "fit": "parabolic", 
        "value": 0.027071817653460509
    }, 
    "Ar37": {
        "error": 0.13439803917887458, 
        "fit": "linear", 
        "value": 0.9318823826971423
    }, 
    "Ar38": {
        "error": 0.18479781158642147, 
        "fit": "linear", 
        "value": 4.8566026826473507
    }, 
    "Ar39": {
        "error": 0.19597895185906514, 
        "fit": "parabolic", 
        "value": 395.28375214840196
    }, 
    "Ar40": {
        "error": 0.51700802288033243, 
        "fit": "parabolic", 
        "value": 1623.8982682789597
    }, 
    "Ar41": {
        "error": 0.11286696657769425, 
        "fit": "average_SEM", 
        "value": -0.1981787970783189
    }
}