{
    "Ar36": {
        "error": 0.0020346025546586744, 
        "fit": "parabolic", 
        "value": 0.022424594101988209
    }, 
    "Ar37": {
        "error": 0.13111851488879214, 
        "fit": "linear", 
        "value": 0.69859081024153014
    }, 
    "Ar38": {
        "error": 0.21402609201401923, 
        "fit": "linear", 
        "value": 3.381350623132132
    }, 
    "Ar39": {
        "error": 0.16483580915987658, 
        "fit": "parabolic", 
        "value": 277.09432293163422
    }, 
    "Ar40": {
        "error": 0.44227488228865808, 
        "fit": "parabolic", 
        "value": 1141.5576419171766
    }, 
    "Ar41": {
        "error": 0.12251936561210092, 
        "fit": "average_SEM", 
        "value": -0.20509722327464261
    }
}