{
    "Ar36": {
        "error": 0.0032618080011527729, 
        "fit": "parabolic", 
        "value": 0.060920372238890019
    }, 
    "Ar37": {
        "error": 0.12502378146355952, 
        "fit": "linear", 
        "value": 1.2577242027381101
    }, 
    "Ar38": {
        "error": 0.18623214210071154, 
        "fit": "linear", 
        "value": 6.2204980333410393
    }, 
    "Ar39": {
        "error": 0.21378253063877489, 
        "fit": "parabolic", 
        "value": 506.7009815841302
    }, 
    "Ar40": {
        "error": 0.62346798216959831, 
        "fit": "parabolic", 
        "value": 2089.7671508103713
    }, 
    "Ar41": {
        "error": 0.12570025647615807, 
        "fit": "average_SEM", 
        "value": -0.20136200812086463
    }
}