{
    "Ar36": {
        "error": 0.0024308788396954482, 
        "fit": "parabolic", 
        "value": 0.025994032410980208
    }, 
    "Ar37": {
        "error": 0.14456546514659288, 
        "fit": "linear", 
        "value": 1.5668228705225788
    }, 
    "Ar38": {
        "error": 0.19670189771036994, 
        "fit": "linear", 
        "value": 6.2103483278998031
    }, 
    "Ar39": {
        "error": 0.21739512314298809, 
        "fit": "parabolic", 
        "value": 507.18893815130195
    }, 
    "Ar40": {
        "error": 0.61422411784187914, 
        "fit": "parabolic", 
        "value": 2083.4855231763904
    }, 
    "Ar41": {
        "error": 0.12677970330011865, 
        "fit": "average_SEM", 
        "value": -0.2025776438624598
    }
}