{
    "Ar36": {
        "error": 0.0021736183397381794, 
        "fit": "parabolic", 
        "value": 0.023980599516398863
    }, 
    "Ar37": {
        "error": 0.14445172553913502, 
        "fit": "linear", 
        "value": 0.91634265142683313
    }, 
    "Ar38": {
        "error": 0.18916448896637747, 
        "fit": "linear", 
        "value": 4.906599214235948
    }, 
    "Ar39": {
        "error": 0.19864263068192228, 
        "fit": "parabolic", 
        "value": 400.69073292157651
    }, 
    "Ar40": {
        "error": 0.50022639134160884, 
        "fit": "parabolic", 
        "value": 1647.6892209811376
    }, 
    "Ar41": {
        "error": 0.11952551616618144, 
        "fit": "average_SEM", 
        "value": -0.18523733137920498
    }
}