{
    "Ar36": {
        "error": 0.0016840756917692816, 
        "fit": "parabolic", 
        "value": 0.015231518557709628
    }, 
    "Ar37": {
        "error": 0.14139478933590977, 
        "fit": "linear", 
        "value": 0.52582166440181688
    }, 
    "Ar38": {
        "error": 0.15352539527902168, 
        "fit": "linear", 
        "value": 3.2684990151064817
    }, 
    "Ar39": {
        "error": 0.17008744877537882, 
        "fit": "parabolic", 
        "value": 268.78177303694696
    }, 
    "Ar40": {
        "error": 0.45718764614590041, 
        "fit": "parabolic", 
        "value": 1104.3640225104407
    }, 
    "Ar41": {
        "error": 0.13053671280579271, 
        "fit": "average_SEM", 
        "value": -0.21456501150224358
    }
}