{
    "Ar36": {
        "error": 0.0033142219055908306, 
        "fit": "parabolic", 
        "value": 0.061955899995941865
    }, 
    "Ar37": {
        "error": 0.1299598195003753, 
        "fit": "linear", 
        "value": -0.033934612647055516
    }, 
    "Ar38": {
        "error": 0.16079590315662762, 
        "fit": "linear", 
        "value": -0.085474485731632854
    }, 
    "Ar39": {
        "error": 0.057416837945004399, 
        "fit": "parabolic", 
        "value": -0.22325239823678161
    }, 
    "Ar40": {
        "error": 0.1418552842586259, 
        "fit": "parabolic", 
        "value": 19.349119115303509
    }, 
    "Ar41": {
        "error": 0.11710847872922465, 
        "fit": "average_SEM", 
        "value": -0.23822571942582726
    }
}