{
    "Ar36": {
        "error": 0.0015764852464793748, 
        "fit": "parabolic", 
        "value": 0.011473278329141377
    }, 
    "Ar37": {
        "error": 0.15071148865391604, 
        "fit": "linear", 
        "value": 0.75732116000891392
    }, 
    "Ar38": {
        "error": 0.1460750140493165, 
        "fit": "linear", 
        "value": 4.7252226023553474
    }, 
    "Ar39": {
        "error": 0.17364430678281959, 
        "fit": "parabolic", 
        "value": 387.33629369824666
    }, 
    "Ar40": {
        "error": 0.54186861897201177, 
        "fit": "parabolic", 
        "value": 1585.9201840561889
    }, 
    "Ar41": {
        "error": 0.12246004790545613, 
        "fit": "average_SEM", 
        "value": -0.20695307115389733
    }
}