{
    "Ar36": {
        "error": 0.0017646359144104892, 
        "fit": "parabolic", 
        "value": 0.014231249669930585
    }, 
    "Ar37": {
        "error": 0.15140380349326907, 
        "fit": "linear", 
        "value": 0.7460052738938181
    }, 
    "Ar38": {
        "error": 0.16755679225685621, 
        "fit": "linear", 
        "value": 5.2680387481889532
    }, 
    "Ar39": {
        "error": 0.21396432303073848, 
        "fit": "parabolic", 
        "value": 431.18740039760735
    }, 
    "Ar40": {
        "error": 0.53529372023618293, 
        "fit": "parabolic", 
        "value": 1766.4654862473931
    }, 
    "Ar41": {
        "error": 0.13205054978435643, 
        "fit": "average_SEM", 
        "value": -0.19422620167350396
    }
}