{
    "Ar36": {
        "error": 0.0015818214227464296, 
        "fit": "parabolic", 
        "value": 0.012639969125378694
    }, 
    "Ar37": {
        "error": 0.1393334108303862, 
        "fit": "linear", 
        "value": 0.91842307849385918
    }, 
    "Ar38": {
        "error": 0.14753682983801381, 
        "fit": "linear", 
        "value": 5.7977505886094969
    }, 
    "Ar39": {
        "error": 0.2064581748023305, 
        "fit": "parabolic", 
        "value": 482.33554186614356
    }, 
    "Ar40": {
        "error": 0.560759452231675, 
        "fit": "parabolic", 
        "value": 1976.6593171248446
    }, 
    "Ar41": {
        "error": 0.11653790877030927, 
        "fit": "average_SEM", 
        "value": -0.19548445742903278
    }
}