{
    "Ar36": {
        "error": 0.0014417315843519593, 
        "fit": "parabolic", 
        "value": 0.011356228902572884
    }, 
    "Ar37": {
        "error": 0.13542032402400647, 
        "fit": "linear", 
        "value": -0.030251569421198263
    }, 
    "Ar38": {
        "error": 0.15401389896321671, 
        "fit": "linear", 
        "value": -0.13309684016599932
    }, 
    "Ar39": {
        "error": 0.058052965467970778, 
        "fit": "parabolic", 
        "value": -0.20317674084441667
    }, 
    "Ar40": {
        "error": 0.13521320707299861, 
        "fit": "parabolic", 
        "value": 3.4052898115806758
    }, 
    "Ar41": {
        "error": 0.13186938977518775, 
        "fit": "average_SEM", 
        "value": -0.23328256420930849
    }
}