{
    "Ar36": {
        "error": 0.0021464558093600163, 
        "fit": "parabolic", 
        "value": 0.023677986249585593
    }, 
    "Ar37": {
        "error": 0.14138243540141379, 
        "fit": "linear", 
        "value": 1.2335165316750198
    }, 
    "Ar38": {
        "error": 0.19307756167440088, 
        "fit": "linear", 
        "value": 6.3804026041318664
    }, 
    "Ar39": {
        "error": 0.19926025239665041, 
        "fit": "parabolic", 
        "value": 518.0912816401883
    }, 
    "Ar40": {
        "error": 0.5979736640686466, 
        "fit": "parabolic", 
        "value": 2128.9925427908961
    }, 
    "Ar41": {
        "error": 0.12017155857233304, 
        "fit": "average_SEM", 
        "value": -0.19279162301099859
    }
}