{
    "Ar36": {
        "error": 0.0023071819493121347, 
        "fit": "parabolic", 
        "value": 0.029594783249769774
    }, 
    "Ar37": {
        "error": 0.12836385113849491, 
        "fit": "linear", 
        "value": 1.0658246310999797
    }, 
    "Ar38": {
        "error": 0.1849658788972246, 
        "fit": "linear", 
        "value": 4.8962031870505491
    }, 
    "Ar39": {
        "error": 0.1790271107462558, 
        "fit": "parabolic", 
        "value": 398.30374015869211
    }, 
    "Ar40": {
        "error": 0.47800955086719155, 
        "fit": "parabolic", 
        "value": 1640.7818422530429
    }, 
    "Ar41": {
        "error": 0.12177942251105278, 
        "fit": "average_SEM", 
        "value": -0.19419821984181179
    }
}