{
    "Ar36": {
        "error": 0.0014323470155512697, 
        "fit": "parabolic", 
        "value": 0.011111664627947614
    }, 
    "Ar37": {
        "error": 0.12478697536042385, 
        "fit": "linear", 
        "value": -0.043580875809862155
    }, 
    "Ar38": {
        "error": 0.16026321094468421, 
        "fit": "linear", 
        "value": -0.091146944750596093
    }, 
    "Ar39": {
        "error": 0.061057646083064424, 
        "fit": "parabolic", 
        "value": -0.21672961687375697
    }, 
    "Ar40": {
        "error": 0.13199877540410052, 
        "fit": "parabolic", 
        "value": 3.3582310946403613
    }, 
    "Ar41": {
        "error": 0.12613918904462354, 
        "fit": "average_SEM", 
        "value": -0.24658036408061162
    }
}