{
    "Ar36": {
        "error": 0.0022110419691884291, 
        "fit": "parabolic", 
        "value": 0.021530266562986865
    }, 
    "Ar37": {
        "error": 0.13179476122567829, 
        "fit": "linear", 
        "value": 0.80224433730468303
    }, 
    "Ar38": {
        "error": 0.17201199469514761, 
        "fit": "linear", 
        "value": 3.7338089996289265
    }, 
    "Ar39": {
        "error": 0.18177687540376314, 
        "fit": "parabolic", 
        "value": 312.57439072091756
    }, 
    "Ar40": {
        "error": 0.46162188555710909, 
        "fit": "parabolic", 
        "value": 1287.7970318304533
    }, 
    "Ar41": {
        "error": 0.12554677404694603, 
        "fit": "average_SEM", 
        "value": -0.21083290002623106
    }
}