{
    "Ar36": {
        "error": 0.0070177517100807477, 
        "fit": "parabolic", 
        "value": 0.3176441476405395
    }, 
    "Ar37": {
        "error": 0.1354199882415211, 
        "fit": "linear", 
        "value": 1.3551681730803931
    }, 
    "Ar38": {
        "error": 0.15998547602859248, 
        "fit": "linear", 
        "value": 8.7534457695363308
    }, 
    "Ar39": {
        "error": 0.25686415242218619, 
        "fit": "parabolic", 
        "value": 707.19956097802424
    }, 
    "Ar40": {
        "error": 0.67554670890785917, 
        "fit": "parabolic", 
        "value": 2994.5839449017408
    }, 
    "Ar41": {
        "error": 0.12579049441620913, 
        "fit": "average_SEM", 
        "value": 0.094218925505178047
    }
}