{
    "Ar36": {
        "error": 0.0019789117071394857, 
        "fit": "parabolic", 
        "value": 0.019770680713480822
    }, 
    "Ar37": {
        "error": 0.15092035003237619, 
        "fit": "linear", 
        "value": 0.75055268941581188
    }, 
    "Ar38": {
        "error": 0.16490985628602808, 
        "fit": "linear", 
        "value": 4.9568071905050184
    }, 
    "Ar39": {
        "error": 0.17641208204302847, 
        "fit": "parabolic", 
        "value": 406.18099288495284
    }, 
    "Ar40": {
        "error": 0.54154977558073614, 
        "fit": "parabolic", 
        "value": 1671.7164381659918
    }, 
    "Ar41": {
        "error": 0.12561166531338466, 
        "fit": "average_SEM", 
        "value": 0.055872045593336223
    }
}