{
    "Ar36": {
        "error": 0.0014323219618257259, 
        "fit": "parabolic", 
        "value": 0.011096588171231228
    }, 
    "Ar37": {
        "error": 0.14208783572782538, 
        "fit": "linear", 
        "value": 0.01060513189141625
    }, 
    "Ar38": {
        "error": 0.15184663721990685, 
        "fit": "linear", 
        "value": -0.17613099596419535
    }, 
    "Ar39": {
        "error": 0.061981753118368642, 
        "fit": "parabolic", 
        "value": -0.22304772745011431
    }, 
    "Ar40": {
        "error": 0.13442741055649576, 
        "fit": "parabolic", 
        "value": 3.3185424532972725
    }, 
    "Ar41": {
        "error": 0.11667181187145194, 
        "fit": "average_SEM", 
        "value": -0.25091910933796319
    }
}