{
    "Ar36": {
        "error": 0.0014563365953648977, 
        "fit": "parabolic", 
        "value": 0.011460781444673888
    }, 
    "Ar37": {
        "error": 0.14012634851202233, 
        "fit": "linear", 
        "value": -0.052656685483246299
    }, 
    "Ar38": {
        "error": 0.15946743559344947, 
        "fit": "linear", 
        "value": -0.10021607531311032
    }, 
    "Ar39": {
        "error": 0.062108660726635637, 
        "fit": "parabolic", 
        "value": -0.22663930025988746
    }, 
    "Ar40": {
        "error": 0.13398966828962305, 
        "fit": "parabolic", 
        "value": 3.2396152506384244
    }, 
    "Ar41": {
        "error": 0.11483608703753109, 
        "fit": "average_SEM", 
        "value": -0.26178134179487822
    }
}