{
    "Ar36": {
        "error": 0.0022980978366943642, 
        "fit": "parabolic", 
        "value": 0.026021129032219398
    }, 
    "Ar37": {
        "error": 0.14797006334673118, 
        "fit": "linear", 
        "value": 0.92560586309763448
    }, 
    "Ar38": {
        "error": 0.1901023427215178, 
        "fit": "linear", 
        "value": 4.4067219531984696
    }, 
    "Ar39": {
        "error": 0.18887809621492338, 
        "fit": "parabolic", 
        "value": 360.16809438493914
    }, 
    "Ar40": {
        "error": 0.50605703115193035, 
        "fit": "parabolic", 
        "value": 1483.4856870159915
    }, 
    "Ar41": {
        "error": 0.12317369801515199, 
        "fit": "average_SEM", 
        "value": -0.19229251368157566
    }
}