{
    "Ar36": {
        "error": 0.0013081146245373478, 
        "fit": "parabolic", 
        "value": 0.01151768191086067
    }, 
    "Ar37": {
        "error": 0.13572940298743497, 
        "fit": "linear", 
        "value": -0.037098898979477518
    }, 
    "Ar38": {
        "error": 0.152731181878932, 
        "fit": "linear", 
        "value": -0.11711103019401436
    }, 
    "Ar39": {
        "error": 0.055493718077612816, 
        "fit": "parabolic", 
        "value": -0.22738053255724416
    }, 
    "Ar40": {
        "error": 0.13704282444375313, 
        "fit": "parabolic", 
        "value": 3.2201782859729642
    }, 
    "Ar41": {
        "error": 0.12269607933602202, 
        "fit": "average_SEM", 
        "value": -0.23699149896204472
    }
}