{
    "Ar36": {
        "error": 0.0014706458071852618, 
        "fit": "parabolic", 
        "value": 0.011511425485891192
    }, 
    "Ar37": {
        "error": 0.13454875010952214, 
        "fit": "linear", 
        "value": -0.026644942165926562
    }, 
    "Ar38": {
        "error": 0.15003283216002503, 
        "fit": "linear", 
        "value": -0.13119065893137283
    }, 
    "Ar39": {
        "error": 0.057097303890188633, 
        "fit": "parabolic", 
        "value": -0.21413531472063857
    }, 
    "Ar40": {
        "error": 0.13292575473118184, 
        "fit": "parabolic", 
        "value": 3.2040567997035971
    }, 
    "Ar41": {
        "error": 0.12626157675316338, 
        "fit": "average_SEM", 
        "value": -0.25490087505429981
    }
}