{
    "Ar36": {
        "error": 0.0022971590694900114, 
        "fit": "parabolic", 
        "value": 0.024842666085967496
    }, 
    "Ar37": {
        "error": 0.14098491463657031, 
        "fit": "linear", 
        "value": 1.6270939095505863
    }, 
    "Ar38": {
        "error": 0.19285081085303207, 
        "fit": "linear", 
        "value": 8.1941952269422291
    }, 
    "Ar39": {
        "error": 0.22732010182873935, 
        "fit": "parabolic", 
        "value": 663.68162372822712
    }, 
    "Ar40": {
        "error": 0.67566011348801613, 
        "fit": "parabolic", 
        "value": 2728.9845504678688
    }, 
    "Ar41": {
        "error": 0.12228533983061696, 
        "fit": "average_SEM", 
        "value": -0.17667011100519447
    }
}