{
    "Ar36": {
        "error": 0.0022394144416761266, 
        "fit": "parabolic", 
        "value": 0.027601157956155739
    }, 
    "Ar37": {
        "error": 0.1242848299015334, 
        "fit": "linear", 
        "value": 0.70485676252692198
    }, 
    "Ar38": {
        "error": 0.2233580016779223, 
        "fit": "linear", 
        "value": 3.5740024298720305
    }, 
    "Ar39": {
        "error": 0.16364816813839453, 
        "fit": "parabolic", 
        "value": 293.79957512196574
    }, 
    "Ar40": {
        "error": 0.40531906209867979, 
        "fit": "parabolic", 
        "value": 1213.2122221809159
    }, 
    "Ar41": {
        "error": 0.12725613130238805, 
        "fit": "average_SEM", 
        "value": -0.20465266882069408
    }
}