{
    "Ar36": {
        "error": 0.0027375067532323253, 
        "fit": "parabolic", 
        "value": 0.048011379176431689
    }, 
    "Ar37": {
        "error": 0.14199993447499257, 
        "fit": "linear", 
        "value": 1.1736948776023577
    }, 
    "Ar38": {
        "error": 0.20711858865334046, 
        "fit": "linear", 
        "value": 3.489107882639563
    }, 
    "Ar39": {
        "error": 0.16610679741789786, 
        "fit": "parabolic", 
        "value": 288.96415687587444
    }, 
    "Ar40": {
        "error": 0.45691282139498651, 
        "fit": "parabolic", 
        "value": 1199.1153813051033
    }, 
    "Ar41": {
        "error": 0.11811155732825848, 
        "fit": "average_SEM", 
        "value": -0.20736644593346865
    }
}