{
    "Ar36": {
        "error": 0.0020957819230063334, 
        "fit": "parabolic", 
        "value": 0.02159882445843439
    }, 
    "Ar37": {
        "error": 0.14191379658629841, 
        "fit": "linear", 
        "value": 0.74873640781098305
    }, 
    "Ar38": {
        "error": 0.20304254304776212, 
        "fit": "linear", 
        "value": 3.6484340342561352
    }, 
    "Ar39": {
        "error": 0.15911207036670194, 
        "fit": "parabolic", 
        "value": 303.22926501043889
    }, 
    "Ar40": {
        "error": 0.49785289941275213, 
        "fit": "parabolic", 
        "value": 1250.3539311235218
    }, 
    "Ar41": {
        "error": 0.11729170937661751, 
        "fit": "average_SEM", 
        "value": -0.20731626315321774
    }
}