{
    "Ar36": {
        "error": 0.0014572627419306237, 
        "fit": "parabolic", 
        "value": 0.011249935314442912
    }, 
    "Ar37": {
        "error": 0.12524152225837468, 
        "fit": "linear", 
        "value": -0.048409074371344618
    }, 
    "Ar38": {
        "error": 0.14902727500980445, 
        "fit": "linear", 
        "value": -0.1352835141610014
    }, 
    "Ar39": {
        "error": 0.064526685146435767, 
        "fit": "parabolic", 
        "value": -0.22406398684638712
    }, 
    "Ar40": {
        "error": 0.12770951172046127, 
        "fit": "parabolic", 
        "value": 3.2643552461922281
    }, 
    "Ar41": {
        "error": 0.12655783979326338, 
        "fit": "average_SEM", 
        "value": -0.23739628503285348
    }
}