{
    "Ar36": {
        "error": 0.0017814521363623212, 
        "fit": "parabolic", 
        "value": 0.01218060152468973
    }, 
    "Ar37": {
        "error": 0.12693949081575176, 
        "fit": "linear", 
        "value": 1.3091437191046185
    }, 
    "Ar38": {
        "error": 0.15844576141631281, 
        "fit": "linear", 
        "value": 8.0291782687878701
    }, 
    "Ar39": {
        "error": 0.2560641316049691, 
        "fit": "parabolic", 
        "value": 652.21452574160764
    }, 
    "Ar40": {
        "error": 0.65762422233299633, 
        "fit": "parabolic", 
        "value": 2678.9121310238215
    }, 
    "Ar41": {
        "error": 0.12033324582435387, 
        "fit": "average_SEM", 
        "value": -0.17814990179939197
    }
}