{
    "Ar36": {
        "error": 0.0024283353726530367, 
        "fit": "parabolic", 
        "value": 0.027468201888784211
    }, 
    "Ar37": {
        "error": 0.13624329991424233, 
        "fit": "linear", 
        "value": 1.1124041590504485
    }, 
    "Ar38": {
        "error": 0.14472171024359126, 
        "fit": "linear", 
        "value": 6.5909714307372678
    }, 
    "Ar39": {
        "error": 0.24606581278709413, 
        "fit": "parabolic", 
        "value": 533.12374423137237
    }, 
    "Ar40": {
        "error": 0.56389625883423788, 
        "fit": "parabolic", 
        "value": 2192.6496001573692
    }, 
    "Ar41": {
        "error": 0.12026495024737235, 
        "fit": "average_SEM", 
        "value": 0.071209292841202115
    }
}