{
    "Ar36": {
        "error": 0.0013928373031032704, 
        "fit": "parabolic", 
        "value": 0.011095248408539399
    }, 
    "Ar37": {
        "error": 0.12804671756889116, 
        "fit": "linear", 
        "value": -0.042405028944001208
    }, 
    "Ar38": {
        "error": 0.15528003244612071, 
        "fit": "linear", 
        "value": -0.11992028448094685
    }, 
    "Ar39": {
        "error": 0.056893437801445033, 
        "fit": "parabolic", 
        "value": -0.24273680913141443
    }, 
    "Ar40": {
        "error": 0.13786109790056733, 
        "fit": "parabolic", 
        "value": 3.2527252148167505
    }, 
    "Ar41": {
        "error": 0.11736304119309847, 
        "fit": "average_SEM", 
        "value": -0.24146404798328877
    }
}