{
    "Ar36": {
        "error": 0.0019510591709380534, 
        "fit": "parabolic", 
        "value": 0.021637079882706096
    }, 
    "Ar37": {
        "error": 0.13334096303092768, 
        "fit": "linear", 
        "value": 0.77688445861767774
    }, 
    "Ar38": {
        "error": 0.18803397534278668, 
        "fit": "linear", 
        "value": 3.6611630775791926
    }, 
    "Ar39": {
        "error": 0.16913110414444296, 
        "fit": "parabolic", 
        "value": 304.43690253404412
    }, 
    "Ar40": {
        "error": 0.46956185124617805, 
        "fit": "parabolic", 
        "value": 1252.7745672654742
    }, 
    "Ar41": {
        "error": 0.11086603938930684, 
        "fit": "average_SEM", 
        "value": -0.20623012917721645
    }
}