{
    "Ar36": {
        "error": 0.0021154501278014674, 
        "fit": "parabolic", 
        "value": 0.029019084263336763
    }, 
    "Ar37": {
        "error": 0.13075630194457705, 
        "fit": "linear", 
        "value": 1.2839329021100971
    }, 
    "Ar38": {
        "error": 0.20797223680281249, 
        "fit": "linear", 
        "value": 3.6264987170364247
    }, 
    "Ar39": {
        "error": 0.17076415165291225, 
        "fit": "parabolic", 
        "value": 300.43871366031146
    }, 
    "Ar40": {
        "error": 0.43825716438046225, 
        "fit": "parabolic", 
        "value": 1239.5840785489713
    }, 
    "Ar41": {
        "error": 0.12009701349252686, 
        "fit": "average_SEM", 
        "value": -0.19720772672072054
    }
}