{
    "Ar36": {
        "error": 0.0023722668035033563, 
        "fit": "parabolic", 
        "value": 0.023246866008079261
    }, 
    "Ar37": {
        "error": 0.13123983374604098, 
        "fit": "linear", 
        "value": 1.4461537027940068
    }, 
    "Ar38": {
        "error": 0.20150655898424308, 
        "fit": "linear", 
        "value": 7.4561510687308132
    }, 
    "Ar39": {
        "error": 0.23203871610546636, 
        "fit": "parabolic", 
        "value": 613.90614150233284
    }, 
    "Ar40": {
        "error": 0.67419863775317257, 
        "fit": "parabolic", 
        "value": 2525.3551392319337
    }, 
    "Ar41": {
        "error": 0.12937678332530012, 
        "fit": "average_SEM", 
        "value": -0.18016634738072754
    }
}