{
    "Ar36": {
        "error": 0.0024117763503804252, 
        "fit": "parabolic", 
        "value": 0.025577679274088241
    }, 
    "Ar37": {
        "error": 0.14579425457510789, 
        "fit": "linear", 
        "value": 1.0175752240371463
    }, 
    "Ar38": {
        "error": 0.17679311243989287, 
        "fit": "linear", 
        "value": 4.77530966500687
    }, 
    "Ar39": {
        "error": 0.17928972696736642, 
        "fit": "parabolic", 
        "value": 391.50945256560385
    }, 
    "Ar40": {
        "error": 0.50311677625533113, 
        "fit": "parabolic", 
        "value": 1607.6364167381362
    }, 
    "Ar41": {
        "error": 0.12293961820676072, 
        "fit": "average_SEM", 
        "value": -0.20015935228578746
    }
}