{
    "Ar36": {
        "error": 0.0022430833565159187, 
        "fit": "parabolic", 
        "value": 0.027563309693300449
    }, 
    "Ar37": {
        "error": 0.13581158556605791, 
        "fit": "linear", 
        "value": 1.8787116056141175
    }, 
    "Ar38": {
        "error": 0.21459811759798281, 
        "fit": "linear", 
        "value": 9.1824504818627197
    }, 
    "Ar39": {
        "error": 0.251762464711834, 
        "fit": "parabolic", 
        "value": 747.90555823259615
    }, 
    "Ar40": {
        "error": 0.79423627173201383, 
        "fit": "parabolic", 
        "value": 3067.2171589455875
    }, 
    "Ar41": {
        "error": 0.12364999048666769, 
        "fit": "average_SEM", 
        "value": -0.15069975541339956
    }
}