{
    "Ar36": {
        "error": 0.0024004505829270167, 
        "fit": "parabolic", 
        "value": 0.025543735397163321
    }, 
    "Ar37": {
        "error": 0.14369096921493832, 
        "fit": "linear", 
        "value": 0.95064896163475787
    }, 
    "Ar38": {
        "error": 0.19163674793271568, 
        "fit": "linear", 
        "value": 4.7751754609151877
    }, 
    "Ar39": {
        "error": 0.1763452683301063, 
        "fit": "parabolic", 
        "value": 388.92167411433144
    }, 
    "Ar40": {
        "error": 0.5128047388964293, 
        "fit": "parabolic", 
        "value": 1599.4910772799344
    }, 
    "Ar41": {
        "error": 0.10915249984177305, 
        "fit": "average_SEM", 
        "value": -0.20519412012863905
    }
}