{
    "Ar36": {
        "error": 0.0017375062999156901, 
        "fit": "parabolic", 
        "value": 0.013365353345714212
    }, 
    "Ar37": {
        "error": 0.1452618384105831, 
        "fit": "linear", 
        "value": 0.86587845708277755
    }, 
    "Ar38": {
        "error": 0.17320735143809199, 
        "fit": "linear", 
        "value": 5.5136921719360616
    }, 
    "Ar39": {
        "error": 0.20409044163678761, 
        "fit": "parabolic", 
        "value": 452.38985569537385
    }, 
    "Ar40": {
        "error": 0.58280571507454382, 
        "fit": "parabolic", 
        "value": 1859.6364220944906
    }, 
    "Ar41": {
        "error": 0.1152298872698205, 
        "fit": "average_SEM", 
        "value": 0.073231284920824688
    }
}