{
    "Ar36": {
        "error": 0.0016653665090462133, 
        "fit": "parabolic", 
        "value": 0.013201612039408162
    }, 
    "Ar37": {
        "error": 0.14122164485377589, 
        "fit": "linear", 
        "value": 0.77036364169017502
    }, 
    "Ar38": {
        "error": 0.15209850955190199, 
        "fit": "linear", 
        "value": 4.621290278353154
    }, 
    "Ar39": {
        "error": 0.21606284559563785, 
        "fit": "parabolic", 
        "value": 379.49683057479297
    }, 
    "Ar40": {
        "error": 0.54406492197629974, 
        "fit": "parabolic", 
        "value": 1560.8036156284245
    }, 
    "Ar41": {
        "error": 0.12603162477446866, 
        "fit": "average_SEM", 
        "value": 0.07254731730278581
    }
}