{
    "Ar36": {
        "error": 0.0014910934235436121, 
        "fit": "parabolic", 
        "value": 0.011485521209626662
    }, 
    "Ar37": {
        "error": 0.1428511954104007, 
        "fit": "linear", 
        "value": -0.019679736531809204
    }, 
    "Ar38": {
        "error": 0.14738422625773701, 
        "fit": "linear", 
        "value": -0.10002324457893622
    }, 
    "Ar39": {
        "error": 0.058642837066919355, 
        "fit": "parabolic", 
        "value": 0.20389724524031463
    }, 
    "Ar40": {
        "error": 0.1406565411687575, 
        "fit": "parabolic", 
        "value": 5.5536188117534522
    }, 
    "Ar41": {
        "error": 0.12819522900982652, 
        "fit": "average_SEM", 
        "value": 0.023079852945636959
    }
}