{
    "Ar36": {
        "error": 0.00073458981258748039, 
        "fit": "parabolic", 
        "value": 0.00058828424095656927
    }, 
    "Ar37": {
        "error": 0.13208874738884155, 
        "fit": "linear", 
        "value": -0.014471701611675937
    }, 
    "Ar38": {
        "error": 0.15367787924030038, 
        "fit": "linear", 
        "value": -0.16036905686685313
    }, 
    "Ar39": {
        "error": 0.05850281785825813, 
        "fit": "parabolic", 
        "value": 0.017836824030170461
    }, 
    "Ar40": {
        "error": 0.12607791929074655, 
        "fit": "parabolic", 
        "value": 0.045298320538613338
    }, 
    "Ar41": {
        "error": 0.11981452477579239, 
        "fit": "average_SEM", 
        "value": 0.21201286972529487
    }
}