{
    "Ar36": {
        "error": 0.00096672393095060443, 
        "fit": "parabolic", 
        "value": 0.00074571732090242065
    }, 
    "Ar37": {
        "error": 0.13775473151202386, 
        "fit": "linear", 
        "value": -0.0051241924216677854
    }, 
    "Ar38": {
        "error": 0.14954787396350408, 
        "fit": "linear", 
        "value": -0.16835305042899223
    }, 
    "Ar39": {
        "error": 0.058387366705921012, 
        "fit": "parabolic", 
        "value": 0.034504275945169534
    }, 
    "Ar40": {
        "error": 0.13954902200510527, 
        "fit": "parabolic", 
        "value": 0.37090326981940513
    }, 
    "Ar41": {
        "error": 0.12112555125986496, 
        "fit": "average_SEM", 
        "value": -0.28837782042479376
    }
}