{
    "Ar36": {
        "error": 0.00084161199812034693, 
        "fit": "parabolic", 
        "value": 0.00050012343776391821
    }, 
    "Ar37": {
        "error": 0.13270552694676685, 
        "fit": "linear", 
        "value": 0.0041637450595558454
    }, 
    "Ar38": {
        "error": 0.15069924001772117, 
        "fit": "linear", 
        "value": -0.15978354129197744
    }, 
    "Ar39": {
        "error": 0.059862274348880549, 
        "fit": "parabolic", 
        "value": 0.014159848777855885
    }, 
    "Ar40": {
        "error": 0.13295991671618221, 
        "fit": "parabolic", 
        "value": 0.15620511583489832
    }, 
    "Ar41": {
        "error": 0.11648800256973678, 
        "fit": "average_SEM", 
        "value": -0.030531556351537197
    }
}