{
    "Ar36": {
        "error": 0.00081534428995532718, 
        "fit": "parabolic", 
        "value": 0.00069049990737880948
    }, 
    "Ar37": {
        "error": 0.13767538403416552, 
        "fit": "linear", 
        "value": 0.013904935088174641
    }, 
    "Ar38": {
        "error": 0.14191979007200572, 
        "fit": "linear", 
        "value": -0.1336970580786789
    }, 
    "Ar39": {
        "error": 0.057743472130227978, 
        "fit": "parabolic", 
        "value": 0.036205154235397288
    }, 
    "Ar40": {
        "error": 0.14052350319778381, 
        "fit": "parabolic", 
        "value": 0.10309008135327735
    }, 
    "Ar41": {
        "error": 0.12437854390977407, 
        "fit": "average_SEM", 
        "value": 0.22501357848930639
    }
}