{
    "Ar36": {
        "error": 0.00084668551407352573, 
        "fit": "parabolic", 
        "value": 0.0006263925819957356
    }, 
    "Ar37": {
        "error": 0.13454418155704617, 
        "fit": "linear", 
        "value": 0.045813247532554363
    }, 
    "Ar38": {
        "error": 0.18954009713164088, 
        "fit": "linear", 
        "value": -0.13188929078763656
    }, 
    "Ar39": {
        "error": 0.058892449687718805, 
        "fit": "parabolic", 
        "value": 0.024009916679040341
    }, 
    "Ar40": {
        "error": 0.13976776404337743, 
        "fit": "parabolic", 
        "value": 0.1389707711224048
    }, 
    "Ar41": {
        "error": 0.12071735036187096, 
        "fit": "average_SEM", 
        "value": -0.021254495040096421
    }
}