{
    "Ar36": {
        "error": 0.00093747794932208322, 
        "fit": "parabolic", 
        "value": 0.00065886643668819854
    }, 
    "Ar37": {
        "error": 0.13172264674418058, 
        "fit": "linear", 
        "value": 0.0025092113255729838
    }, 
    "Ar38": {
        "error": 0.15196675253628186, 
        "fit": "linear", 
        "value": -0.16092037214630711
    }, 
    "Ar39": {
        "error": 0.058245373752081199, 
        "fit": "parabolic", 
        "value": 0.028610096770674935
    }, 
    "Ar40": {
        "error": 0.14767859805990302, 
        "fit": "parabolic", 
        "value": 0.30839382544929234
    }, 
    "Ar41": {
        "error": 0.11997562293930018, 
        "fit": "average_SEM", 
        "value": -0.29507120667122461
    }
}