{
    "Ar36": {
        "error": 0.00099607040131101019, 
        "fit": "parabolic", 
        "value": 0.00059052219637316969
    }, 
    "Ar37": {
        "error": 0.12914265754891413, 
        "fit": "linear", 
        "value": 0.015441319701254515
    }, 
    "Ar38": {
        "error": 0.15721419825949734, 
        "fit": "linear", 
        "value": -0.17475831898243976
    }, 
    "Ar39": {
        "error": 0.056493103047848311, 
        "fit": "parabolic", 
        "value": 0.024933147640406494
    }, 
    "Ar40": {
        "error": 0.13693388655430741, 
        "fit": "parabolic", 
        "value": 0.28003513982254807
    }, 
    "Ar41": {
        "error": 0.11410166514602983, 
        "fit": "average_SEM", 
        "value": -0.28549160188296807
    }
}