{
    "Ar36": {
        "error": 0.00096238088230002328, 
        "fit": "parabolic", 
        "value": 0.00070115747330074777
    }, 
    "Ar37": {
        "error": 0.13760266366822518, 
        "fit": "linear", 
        "value": -0.045975496293736026
    }, 
    "Ar38": {
        "error": 0.18497939253090534, 
        "fit": "linear", 
        "value": -0.16297699397768639
    }, 
    "Ar39": {
        "error": 0.063418116682455603, 
        "fit": "parabolic", 
        "value": -0.11945331220106092
    }, 
    "Ar40": {
        "error": 0.13982995763516826, 
        "fit": "parabolic", 
        "value": 0.3005738270932542
    }, 
    "Ar41": {
        "error": 0.12281659197810808, 
        "fit": "average_SEM", 
        "value": -0.24507888188197588
    }
}