{
    "Ar36": {
        "error": 0.00097556053594728437, 
        "fit": "parabolic", 
        "value": 0.000750969687207777
    }, 
    "Ar37": {
        "error": 0.13762112126885742, 
        "fit": "linear", 
        "value": -0.0036276791131374369
    }, 
    "Ar38": {
        "error": 0.18509905922693679, 
        "fit": "linear", 
        "value": -0.11888747542204144
    }, 
    "Ar39": {
        "error": 0.061936676471935417, 
        "fit": "parabolic", 
        "value": -0.14171842568596657
    }, 
    "Ar40": {
        "error": 0.13573238696932807, 
        "fit": "parabolic", 
        "value": 0.3593301912118283
    }, 
    "Ar41": {
        "error": 0.12236925415896649, 
        "fit": "average_SEM", 
        "value": -0.24434071597720808
    }
}