{
    "Ar36": {
        "error": 0.00071989798955224889, 
        "fit": "parabolic", 
        "value": 0.0015506007188458258
    }, 
    "Ar37": {
        "error": 0.12628300919777344, 
        "fit": "linear", 
        "value": -0.00035383063438447493
    }, 
    "Ar38": {
        "error": 0.17211517406477894, 
        "fit": "linear", 
        "value": -0.037990095309289346
    }, 
    "Ar39": {
        "error": 0.082007831239213416, 
        "fit": "parabolic", 
        "value": -0.14619365750835306
    }, 
    "Ar40": {
        "error": 0.19676433978476032, 
        "fit": "parabolic", 
        "value": 0.15343478679367153
    }, 
    "Ar41": {
        "error": 0.11707284114691867, 
        "fit": "average_SEM", 
        "value": -0.24914843463166444
    }
}