{
    "Ar36": {
        "error": 0.00059145926008541991, 
        "fit": "parabolic", 
        "value": 0.001516312535675758
    }, 
    "Ar37": {
        "error": 0.1315402450174542, 
        "fit": "linear", 
        "value": 0.025597838721336537
    }, 
    "Ar38": {
        "error": 0.16998327377869032, 
        "fit": "linear", 
        "value": -0.094348728625263056
    }, 
    "Ar39": {
        "error": 0.072193633474303215, 
        "fit": "parabolic", 
        "value": -0.22414208771170707
    }, 
    "Ar40": {
        "error": 0.1726445212447873, 
        "fit": "parabolic", 
        "value": 0.18551436328974649
    }, 
    "Ar41": {
        "error": 0.11758969771295623, 
        "fit": "average_SEM", 
        "value": -0.010375937114952615
    }
}