{
    "Ar36": {
        "error": 0.00091733958359021585, 
        "fit": "parabolic", 
        "value": 0.00055745371910927318
    }, 
    "Ar37": {
        "error": 0.1297358169200204, 
        "fit": "linear", 
        "value": -0.006339671243979301
    }, 
    "Ar38": {
        "error": 0.18870895704285967, 
        "fit": "linear", 
        "value": -0.13510028111733319
    }, 
    "Ar39": {
        "error": 0.060970071229645359, 
        "fit": "parabolic", 
        "value": -0.15600054819267312
    }, 
    "Ar40": {
        "error": 0.13210287232163978, 
        "fit": "parabolic", 
        "value": 0.15306411375635087
    }, 
    "Ar41": {
        "error": 0.123253541304851, 
        "fit": "average_SEM", 
        "value": -0.23627473439575017
    }
}