{
    "Ar36": {
        "error": 0.00058953378266815061, 
        "fit": "parabolic", 
        "value": 0.00080710532961708907
    }, 
    "Ar37": {
        "error": 0.15545357699088083, 
        "fit": "linear", 
        "value": -0.056976926189473295
    }, 
    "Ar38": {
        "error": 0.13481048751869479, 
        "fit": "linear", 
        "value": -0.11317296497431686
    }, 
    "Ar39": {
        "error": 0.083808650609231899, 
        "fit": "parabolic", 
        "value": -0.18555388666994893
    }, 
    "Ar40": {
        "error": 0.17913470151344621, 
        "fit": "parabolic", 
        "value": 0.025384648070067808
    }, 
    "Ar41": {
        "error": 0.12715964419940129, 
        "fit": "average_SEM", 
        "value": -0.21822589349553542
    }
}