{
    "Ar36": {
        "error": 0.00065999691197486448, 
        "fit": "parabolic", 
        "value": 0.0017307371371191407
    }, 
    "Ar37": {
        "error": 0.14611546119629959, 
        "fit": "linear", 
        "value": -0.025956578073645445
    }, 
    "Ar38": {
        "error": 0.15029292453916981, 
        "fit": "linear", 
        "value": -0.13597544926030394
    }, 
    "Ar39": {
        "error": 0.07000635386919718, 
        "fit": "parabolic", 
        "value": -0.14844484327203822
    }, 
    "Ar40": {
        "error": 0.17063034986801642, 
        "fit": "parabolic", 
        "value": -0.0078179381987932561
    }, 
    "Ar41": {
        "error": 0.12161301557061401, 
        "fit": "average_SEM", 
        "value": 0.054477931560810516
    }
}