{
    "Ar36": {
        "error": 0.00095023821398492749, 
        "fit": "parabolic", 
        "value": 0.00058522938284090572
    }, 
    "Ar37": {
        "error": 0.13392917782986649, 
        "fit": "linear", 
        "value": -0.0047692174865307056
    }, 
    "Ar38": {
        "error": 0.21021988432062919, 
        "fit": "linear", 
        "value": -0.1474355928524459
    }, 
    "Ar39": {
        "error": 0.058635156313375757, 
        "fit": "parabolic", 
        "value": -0.09808039165527857
    }, 
    "Ar40": {
        "error": 0.13605147560100528, 
        "fit": "parabolic", 
        "value": 0.11073985523436396
    }, 
    "Ar41": {
        "error": 0.12024216818715612, 
        "fit": "average_SEM", 
        "value": -0.22161774410924409
    }
}