{
    "Ar36": {
        "error": 0.00057876651218471335, 
        "fit": "parabolic", 
        "value": 0.0011689640255638381
    }, 
    "Ar37": {
        "error": 0.15619662135384119, 
        "fit": "linear", 
        "value": 0.027514784760465733
    }, 
    "Ar38": {
        "error": 0.16770421255784063, 
        "fit": "linear", 
        "value": -0.092365762793887488
    }, 
    "Ar39": {
        "error": 0.072652099607326201, 
        "fit": "parabolic", 
        "value": -0.19293595020045487
    }, 
    "Ar40": {
        "error": 0.17948062329093686, 
        "fit": "parabolic", 
        "value": -0.062739282886239658
    }, 
    "Ar41": {
        "error": 0.11889754076128278, 
        "fit": "average_SEM", 
        "value": -0.26356862776878254
    }
}