{
    "Ar36": {
        "error": 0.00054096358027886174, 
        "fit": "parabolic", 
        "value": 0.0014986433554711256
    }, 
    "Ar37": {
        "error": 0.1418005501792387, 
        "fit": "linear", 
        "value": -0.018310205612076719
    }, 
    "Ar38": {
        "error": 0.15951541660673874, 
        "fit": "linear", 
        "value": -0.13099547981313131
    }, 
    "Ar39": {
        "error": 0.078930865905979961, 
        "fit": "parabolic", 
        "value": -0.15600431031513839
    }, 
    "Ar40": {
        "error": 0.17109132626743803, 
        "fit": "parabolic", 
        "value": -0.083263009392247886
    }, 
    "Ar41": {
        "error": 0.11376614443269296, 
        "fit": "average_SEM", 
        "value": -0.25152506258476665
    }
}