{
    "Ar36": {
        "error": 0.30075741683059393, 
        "fit": "parabolic", 
        "value": 0.51795373180535387
    }, 
    "Ar37": {
        "error": 0.29342668295897639, 
        "fit": "linear", 
        "value": 0.53429865656049969
    }, 
    "Ar38": {
        "error": 0.28972634830630201, 
        "fit": "linear", 
        "value": 0.49629398213361442
    }, 
    "Ar39": {
        "error": 0.27944790108504691, 
        "fit": "parabolic", 
        "value": 3.4615419583540947
    }, 
    "Ar40": {
        "error": 0.29392715067718872, 
        "fit": "parabolic", 
        "value": 100.61040659305814
    }, 
    "Ar41": {
        "error": 0.2932547688473835, 
        "fit": "average_SEM", 
        "value": 1.5367693290114404
    }
}