{
    "Ar36": {
        "error": 0.00072449807064563329, 
        "fit": "parabolic", 
        "value": 0.0021270971521931297
    }, 
    "Ar37": {
        "error": 0.14223792059841381, 
        "fit": "linear", 
        "value": -0.015737070973907124
    }, 
    "Ar38": {
        "error": 0.17980330134723316, 
        "fit": "linear", 
        "value": -0.11777121592878734
    }, 
    "Ar39": {
        "error": 0.074439102819840092, 
        "fit": "parabolic", 
        "value": -0.18724879404795772
    }, 
    "Ar40": {
        "error": 0.17918654810202631, 
        "fit": "parabolic", 
        "value": 0.035353637230402524
    }, 
    "Ar41": {
        "error": 0.11854078641437385, 
        "fit": "average_SEM", 
        "value": 0.02111857888262926
    }
}