{
    "Ar36": {
        "error": 0.00078847858744085465, 
        "fit": "parabolic", 
        "value": 0.00088382148388174687
    }, 
    "Ar37": {
        "error": 0.14270223005722368, 
        "fit": "linear", 
        "value": -0.0050908672467481668
    }, 
    "Ar38": {
        "error": 0.13447841916122902, 
        "fit": "linear", 
        "value": -0.13475471924255211
    }, 
    "Ar39": {
        "error": 0.062473854583931843, 
        "fit": "parabolic", 
        "value": 0.016090117863962913
    }, 
    "Ar40": {
        "error": 0.13693504866687481, 
        "fit": "parabolic", 
        "value": 0.099846826878332975
    }, 
    "Ar41": {
        "error": 0.11442838414945454, 
        "fit": "average_SEM", 
        "value": 0.22869531789096073
    }
}