{
    "Ar36": {
        "error": 0.00079328467671048984, 
        "fit": "parabolic", 
        "value": 0.00091982146819004373
    }, 
    "Ar37": {
        "error": 0.1358108490942013, 
        "fit": "linear", 
        "value": -0.0088526118061679135
    }, 
    "Ar38": {
        "error": 0.14747698294954448, 
        "fit": "linear", 
        "value": -0.15291023280163041
    }, 
    "Ar39": {
        "error": 0.060256127449371678, 
        "fit": "parabolic", 
        "value": 0.001559956204181737
    }, 
    "Ar40": {
        "error": 0.13266095190262739, 
        "fit": "parabolic", 
        "value": 0.10251569448625317
    }, 
    "Ar41": {
        "error": 0.12718686103047563, 
        "fit": "average_SEM", 
        "value": -0.29045135354972446
    }
}