{
    "Ar36": {
        "error": 0.00051832394393568429, 
        "fit": "parabolic", 
        "value": 0.0011259274468237424
    }, 
    "Ar37": {
        "error": 0.16813452383998348, 
        "fit": "linear", 
        "value": -0.10401896718026049
    }, 
    "Ar38": {
        "error": 0.15114454160305155, 
        "fit": "linear", 
        "value": -0.089439928162150226
    }, 
    "Ar39": {
        "error": 0.0692096001059994, 
        "fit": "parabolic", 
        "value": -0.25530697543976438
    }, 
    "Ar40": {
        "error": 0.18335742992499457, 
        "fit": "parabolic", 
        "value": 0.23825094418024692
    }, 
    "Ar41": {
        "error": 0.10984628115699886, 
        "fit": "average_SEM", 
        "value": -0.25576121394556983
    }
}