{
    "Ar36": {
        "error": 0.00078473640762337317, 
        "fit": "parabolic", 
        "value": 0.00075773525671949846
    }, 
    "Ar37": {
        "error": 0.12752708054964926, 
        "fit": "linear", 
        "value": 0.0066417792296628378
    }, 
    "Ar38": {
        "error": 0.14884725799019369, 
        "fit": "linear", 
        "value": -0.14563003356084114
    }, 
    "Ar39": {
        "error": 0.061694460531136211, 
        "fit": "parabolic", 
        "value": 0.013072869504263521
    }, 
    "Ar40": {
        "error": 0.13585032094524113, 
        "fit": "parabolic", 
        "value": 0.12381520556455325
    }, 
    "Ar41": {
        "error": 0.12430903017535945, 
        "fit": "average_SEM", 
        "value": -0.28077507343259639
    }
}