{
    "Ar36": {
        "error": 0.00081515721529344556, 
        "fit": "parabolic", 
        "value": 0.00087941865763907067
    }, 
    "Ar37": {
        "error": 0.13443433453577813, 
        "fit": "linear", 
        "value": -0.041722264285607977
    }, 
    "Ar38": {
        "error": 0.14730562306882317, 
        "fit": "linear", 
        "value": -0.1264647139490824
    }, 
    "Ar39": {
        "error": 0.061861623112345047, 
        "fit": "parabolic", 
        "value": -0.20334318835573245
    }, 
    "Ar40": {
        "error": 0.13537192553952843, 
        "fit": "parabolic", 
        "value": 0.095490232145251763
    }, 
    "Ar41": {
        "error": 0.1271370404445186, 
        "fit": "average_SEM", 
        "value": 0.027546361911045095
    }
}