{
    "Ar36": {
        "error": 0.00070621447393076728, 
        "fit": "parabolic", 
        "value": 0.0016627181516750303
    }, 
    "Ar37": {
        "error": 0.13705661230902502, 
        "fit": "linear", 
        "value": -0.059165538069977416
    }, 
    "Ar38": {
        "error": 0.15848102205919753, 
        "fit": "linear", 
        "value": -0.16962470429332765
    }, 
    "Ar39": {
        "error": 0.07538720076046948, 
        "fit": "parabolic", 
        "value": -0.19402770188708079
    }, 
    "Ar40": {
        "error": 0.14350806715230399, 
        "fit": "parabolic", 
        "value": -0.078411351770168058
    }, 
    "Ar41": {
        "error": 0.11895700892742707, 
        "fit": "average_SEM", 
        "value": 0.021429545155519411
    }
}