{
    "Ar36": {
        "error": 0.00071264813898013347, 
        "fit": "parabolic", 
        "value": 0.0008477541247652714
    }, 
    "Ar37": {
        "error": 0.13617336708453026, 
        "fit": "linear", 
        "value": -0.0026843911023619656
    }, 
    "Ar38": {
        "error": 0.18096674439143232, 
        "fit": "linear", 
        "value": -0.11714565304356431
    }, 
    "Ar39": {
        "error": 0.058933771193262173, 
        "fit": "parabolic", 
        "value": -0.17959188700656609
    }, 
    "Ar40": {
        "error": 0.12712800080648848, 
        "fit": "parabolic", 
        "value": 0.075225946902943874
    }, 
    "Ar41": {
        "error": 0.12433510943408814, 
        "fit": "average_SEM", 
        "value": -0.23344635913599632
    }
}