{
    "Ar36": {
        "error": 0.0007435216655646053, 
        "fit": "parabolic", 
        "value": 0.00074813486372079672
    }, 
    "Ar37": {
        "error": 0.1414751125297711, 
        "fit": "linear", 
        "value": -0.044706058864983217
    }, 
    "Ar38": {
        "error": 0.18095712795549715, 
        "fit": "linear", 
        "value": -0.11196988896213206
    }, 
    "Ar39": {
        "error": 0.059640655675835881, 
        "fit": "parabolic", 
        "value": -0.15911536844102331
    }, 
    "Ar40": {
        "error": 0.12988126113464449, 
        "fit": "parabolic", 
        "value": 0.068551192090636454
    }, 
    "Ar41": {
        "error": 0.11413745874273974, 
        "fit": "average_SEM", 
        "value": -0.24329089318751357
    }
}