{
    "Ar36": {
        "error": 0.00091365459752197652, 
        "fit": "parabolic", 
        "value": 0.0010525813161606765
    }, 
    "Ar37": {
        "error": 0.13326382636471382, 
        "fit": "linear", 
        "value": 0.015560539201631559
    }, 
    "Ar38": {
        "error": 0.21312714853383125, 
        "fit": "linear", 
        "value": -0.084409382016049667
    }, 
    "Ar39": {
        "error": 0.0088752792809065721, 
        "fit": "parabolic", 
        "value": 0.020730161046438385
    }, 
    "Ar40": {
        "error": 0.13725609940851105, 
        "fit": "parabolic", 
        "value": 0.21131386750926096
    }, 
    "Ar41": {
        "error": 0.11542543587157711, 
        "fit": "average_SEM", 
        "value": -0.21476231885866987
    }
}