{
    "Ar36": {
        "error": 0.00086678813825962582, 
        "fit": "parabolic", 
        "value": 0.0006625691453662774
    }, 
    "Ar37": {
        "error": 0.14897334489206313, 
        "fit": "linear", 
        "value": -0.062281571916020739
    }, 
    "Ar38": {
        "error": 0.17720539659077672, 
        "fit": "linear", 
        "value": -0.12369523181937986
    }, 
    "Ar39": {
        "error": 0.061494569784513634, 
        "fit": "parabolic", 
        "value": -0.15499592171108548
    }, 
    "Ar40": {
        "error": 0.12793626722818516, 
        "fit": "parabolic", 
        "value": 0.088855945486341611
    }, 
    "Ar41": {
        "error": 0.12589555485692042, 
        "fit": "average_SEM", 
        "value": -0.26675982888322325
    }
}