{
    "AX": {
        "error": 0.0599588540853676, 
        "fit": "average_SEM", 
        "value": -0.23570263791415427
    }, 
    "CDD": {
        "error": 2.8063952995889992e-05, 
        "fit": "average_SEM", 
        "value": 5.182312452234328e-06
    }, 
    "H1": {
        "error": 0.11823111406352677, 
        "fit": "average_SEM", 
        "value": -0.08167371602895501
    }, 
    "H2": {
        "error": 0.11667185290064352, 
        "fit": "average_SEM", 
        "value": -0.260087121805797
    }, 
    "L1": {
        "error": 0.1562431372112795, 
        "fit": "average_SEM", 
        "value": -0.10887148807830979
    }, 
    "L2": {
        "error": 0.13272275867872216, 
        "fit": "average_SEM", 
        "value": -0.043193768784921205
    }
}