{
    "AX": {
        "error": 0.05880740196753694, 
        "fit": "average_SEM", 
        "value": -0.22819122978382642
    }, 
    "CDD": {
        "error": 2.8063952995889995e-05, 
        "fit": "average_SEM", 
        "value": 5.182312452234328e-06
    }, 
    "H1": {
        "error": 0.1265222300644831, 
        "fit": "average_SEM", 
        "value": -0.09643949530436657
    }, 
    "H2": {
        "error": 0.12682239669158615, 
        "fit": "average_SEM", 
        "value": -0.24513083389546308
    }, 
    "L1": {
        "error": 0.15937953640730168, 
        "fit": "average_SEM", 
        "value": -0.11656663037914163
    }, 
    "L2": {
        "error": 0.1354815764921166, 
        "fit": "average_SEM", 
        "value": -0.05297931244988124
    }
}