{
    "AX": {
        "error": 0.06304104490948258, 
        "fit": "average_SEM", 
        "value": -0.23919764326678383
    }, 
    "CDD": {
        "error": 2.3045435761650017e-05, 
        "fit": "average_SEM", 
        "value": 3.4548749681562187e-06
    }, 
    "H1": {
        "error": 0.11737404677948209, 
        "fit": "average_SEM", 
        "value": -0.0970080212276015
    }, 
    "H2": {
        "error": 0.12565667033912464, 
        "fit": "average_SEM", 
        "value": -0.2555737257003784
    }, 
    "L1": {
        "error": 0.15498227919015556, 
        "fit": "average_SEM", 
        "value": -0.10966882076067527
    }, 
    "L2": {
        "error": 0.13555503726657137, 
        "fit": "average_SEM", 
        "value": -0.01850944487636702
    }
}