{
    "AX": {
        "error": 0.06255554262294435, 
        "fit": "average_SEM", 
        "value": -0.24772200360894203
    }, 
    "CDD": {
        "error": 0.0001906162373150247, 
        "fit": "average_SEM", 
        "value": 0.000184835815970372
    }, 
    "H1": {
        "error": 0.12752619276226498, 
        "fit": "average_SEM", 
        "value": -0.07701853679350784
    }, 
    "H2": {
        "error": 0.1442068783070186, 
        "fit": "average_SEM", 
        "value": -0.2325737946721751
    }, 
    "L1": {
        "error": 0.16821455326068857, 
        "fit": "average_SEM", 
        "value": -0.11817679698061612
    }, 
    "L2": {
        "error": 0.1378323184185082, 
        "fit": "average_SEM", 
        "value": -0.03842183138347334
    }
}