{
    "AX": {
        "error": 0.061000468170650225, 
        "fit": "average_SEM", 
        "value": -0.22262368036641014
    }, 
    "CDD": {
        "error": 0.0001689651476989125, 
        "fit": "average_SEM", 
        "value": 0.00017792606441718008
    }, 
    "H1": {
        "error": 0.1365872152100766, 
        "fit": "average_SEM", 
        "value": -0.07272147020945946
    }, 
    "H2": {
        "error": 0.12126020417390658, 
        "fit": "average_SEM", 
        "value": 0.025798424792527738
    }, 
    "L1": {
        "error": 0.15119432846392508, 
        "fit": "average_SEM", 
        "value": -0.10758821565347414
    }, 
    "L2": {
        "error": 0.1294089281473116, 
        "fit": "average_SEM", 
        "value": -0.013068732839181191
    }
}