{
    "AX": {
        "error": 0.048852843219029024, 
        "fit": "average_SEM", 
        "value": -0.23499211304717593
    }, 
    "CDD": {
        "error": 2.806395299588999e-05, 
        "fit": "average_SEM", 
        "value": 5.182312452234328e-06
    }, 
    "H1": {
        "error": 0.12419511964294566, 
        "fit": "average_SEM", 
        "value": -0.08692214190507204
    }, 
    "H2": {
        "error": 0.09680872452431082, 
        "fit": "average_SEM", 
        "value": -0.2568756949570444
    }, 
    "L1": {
        "error": 0.16558820627534848, 
        "fit": "average_SEM", 
        "value": -0.13389847594856594
    }, 
    "L2": {
        "error": 0.13410990349079427, 
        "fit": "average_SEM", 
        "value": -0.0523367622647331
    }
}