{
    "AX": {
        "error": 0.051377899710409736, 
        "fit": "average_SEM", 
        "value": -0.23824320567978752
    }, 
    "CDD": {
        "error": 3.899813684068955e-05, 
        "fit": "average_SEM", 
        "value": 1.0364624904468655e-05
    }, 
    "H1": {
        "error": 0.13844980802318582, 
        "fit": "average_SEM", 
        "value": -0.07947508136534856
    }, 
    "H2": {
        "error": 0.11987814706150496, 
        "fit": "average_SEM", 
        "value": -0.24023815349986155
    }, 
    "L1": {
        "error": 0.15712747378001676, 
        "fit": "average_SEM", 
        "value": -0.12765106916841534
    }, 
    "L2": {
        "error": 0.13894872967429892, 
        "fit": "average_SEM", 
        "value": -0.061691182186930545
    }
}