{
    "AX": {
        "error": 0.05364748999370165, 
        "fit": "average_SEM", 
        "value": -0.22967692530817455
    }, 
    "CDD": {
        "error": 0.00018417517537119976, 
        "fit": "average_SEM", 
        "value": 0.00020211019178128077
    }, 
    "H1": {
        "error": 0.11596023889238827, 
        "fit": "average_SEM", 
        "value": -0.07602628699452099
    }, 
    "H2": {
        "error": 0.1274376809544411, 
        "fit": "average_SEM", 
        "value": 0.022626888764918678
    }, 
    "L1": {
        "error": 0.15558741136398013, 
        "fit": "average_SEM", 
        "value": -0.11119106772562695
    }, 
    "L2": {
        "error": 0.14528963492786787, 
        "fit": "average_SEM", 
        "value": -0.051918178589807615
    }
}