{
    "AX": {
        "error": 0.056259362025289014, 
        "fit": "average_SEM", 
        "value": -0.2381389196548197
    }, 
    "CDD": {
        "error": 0.00023186421133676482, 
        "fit": "average_SEM", 
        "value": 0.00024529613179361654
    }, 
    "H1": {
        "error": 0.12398340752638419, 
        "fit": "average_SEM", 
        "value": -0.06688310113062876
    }, 
    "H2": {
        "error": 0.14296272168567417, 
        "fit": "average_SEM", 
        "value": 0.029200388733604792
    }, 
    "L1": {
        "error": 0.14231632250328663, 
        "fit": "average_SEM", 
        "value": -0.1287248893439634
    }, 
    "L2": {
        "error": 0.1320079482114981, 
        "fit": "average_SEM", 
        "value": -0.044093683341311085
    }
}