{
    "AX": {
        "error": 0.059192738755435396, 
        "fit": "average_SEM", 
        "value": -0.23193305830160776
    }, 
    "CDD": {
        "error": 0.00014842934721420799, 
        "fit": "average_SEM", 
        "value": 0.00013301268756751798
    }, 
    "H1": {
        "error": 0.13716638427327071, 
        "fit": "average_SEM", 
        "value": -0.07271503470450019
    }, 
    "H2": {
        "error": 0.13140052561068094, 
        "fit": "average_SEM", 
        "value": 0.02879776389907218
    }, 
    "L1": {
        "error": 0.14524222482127291, 
        "fit": "average_SEM", 
        "value": -0.09869654695745946
    }, 
    "L2": {
        "error": 0.1301368646734643, 
        "fit": "average_SEM", 
        "value": -0.02537247034229545
    }
}