{
    "AX": {
        "error": 0.055386321811799116, 
        "fit": "average_SEM", 
        "value": -0.2250140997270743
    }, 
    "CDD": {
        "error": 0.0, 
        "fit": "average_SEM", 
        "value": 0.0
    }, 
    "H1": {
        "error": 0.12734465922531535, 
        "fit": "average_SEM", 
        "value": -0.07871684596304679
    }, 
    "H2": {
        "error": 0.11671179803294467, 
        "fit": "average_SEM", 
        "value": -0.24531877397870025
    }, 
    "L1": {
        "error": 0.15799424736419526, 
        "fit": "average_SEM", 
        "value": -0.1280667956168246
    }, 
    "L2": {
        "error": 0.12608129861926762, 
        "fit": "average_SEM", 
        "value": -0.0335398821069652
    }
}