{
    "AX": {
        "error": 0.05333361850935299, 
        "fit": "average_SEM", 
        "value": -0.23237655262152354
    }, 
    "CDD": {
        "error": 3.5811544808286734e-05, 
        "fit": "average_SEM", 
        "value": 8.637187420390546e-06
    }, 
    "H1": {
        "error": 0.12989347373096144, 
        "fit": "average_SEM", 
        "value": -0.08022217021013299
    }, 
    "H2": {
        "error": 0.1283433747373354, 
        "fit": "average_SEM", 
        "value": -0.23864110994877086
    }, 
    "L1": {
        "error": 0.1444719012651355, 
        "fit": "average_SEM", 
        "value": -0.11954762053274963
    }, 
    "L2": {
        "error": 0.13234482606047035, 
        "fit": "average_SEM", 
        "value": -0.0282754750818842
    }
}