{
    "AX": {
        "error": 0.06657827328148322, 
        "fit": "average_SEM", 
        "value": -0.22990067087941699
    }, 
    "CDD": {
        "error": 0.00010212109496212232, 
        "fit": "average_SEM", 
        "value": 8.291699955912514e-05
    }, 
    "H1": {
        "error": 0.1483907909025551, 
        "fit": "average_SEM", 
        "value": -0.10222979014635913
    }, 
    "H2": {
        "error": 0.11327049227026219, 
        "fit": "average_SEM", 
        "value": 0.019127584264303246
    }, 
    "L1": {
        "error": 0.15702301366660718, 
        "fit": "average_SEM", 
        "value": -0.12054485165539922
    }, 
    "L2": {
        "error": 0.13470563250626524, 
        "fit": "average_SEM", 
        "value": 0.0034439389878470035
    }
}