{
    "AX": {
        "error": 0.06440283851929832, 
        "fit": "average_SEM", 
        "value": -0.2323525194492605
    }, 
    "CDD": {
        "error": 0.0, 
        "fit": "average_SEM", 
        "value": 0.0
    }, 
    "H1": {
        "error": 0.1242944900108853, 
        "fit": "average_SEM", 
        "value": -0.1025795712808354
    }, 
    "H2": {
        "error": 0.11882291865022933, 
        "fit": "average_SEM", 
        "value": -0.2554239311798786
    }, 
    "L1": {
        "error": 0.15572979441583004, 
        "fit": "average_SEM", 
        "value": -0.11343235733220354
    }, 
    "L2": {
        "error": 0.13811643943453009, 
        "fit": "average_SEM", 
        "value": -0.046563990249867654
    }
}