{
    "AX": {
        "error": 0.049490593671520325, 
        "fit": "average_SEM", 
        "value": -0.22262959960434173
    }, 
    "CDD": {
        "error": 8.587746011700337e-05, 
        "fit": "average_SEM", 
        "value": 5.8732874458655714e-05
    }, 
    "H1": {
        "error": 0.1429498365402598, 
        "fit": "average_SEM", 
        "value": -0.06885184577743833
    }, 
    "H2": {
        "error": 0.11926920962625918, 
        "fit": "average_SEM", 
        "value": 0.03232592228386137
    }, 
    "L1": {
        "error": 0.16154084244246916, 
        "fit": "average_SEM", 
        "value": -0.13853711714424813
    }, 
    "L2": {
        "error": 0.1242146064813113, 
        "fit": "average_SEM", 
        "value": -0.02392223130134678
    }
}