{
    "AX": {
        "error": 0.05755723872448231, 
        "fit": "average_SEM", 
        "value": -0.23506808512740665
    }, 
    "CDD": {
        "error": 0.00013518283107815426, 
        "fit": "average_SEM", 
        "value": 0.00010710112530634634
    }, 
    "H1": {
        "error": 0.11856548431931282, 
        "fit": "average_SEM", 
        "value": -0.09490059295720939
    }, 
    "H2": {
        "error": 0.1188051224861171, 
        "fit": "average_SEM", 
        "value": 0.007004753698775959
    }, 
    "L1": {
        "error": 0.13882875466395306, 
        "fit": "average_SEM", 
        "value": -0.1009682839943303
    }, 
    "L2": {
        "error": 0.13559011894642797, 
        "fit": "average_SEM", 
        "value": -0.07282020902623319
    }
}