{
    "AX": {
        "error": 0.05630317129476768, 
        "fit": "average_SEM", 
        "value": -0.22374934901793797
    }, 
    "CDD": {
        "error": 0.00010692786689646553, 
        "fit": "average_SEM", 
        "value": 6.737006252579804e-05
    }, 
    "H1": {
        "error": 0.12768488692100283, 
        "fit": "average_SEM", 
        "value": -0.09606510385250051
    }, 
    "H2": {
        "error": 0.14914085975069727, 
        "fit": "average_SEM", 
        "value": -0.005364446462934009
    }, 
    "L1": {
        "error": 0.1607798369515349, 
        "fit": "average_SEM", 
        "value": -0.1331735688727349
    }, 
    "L2": {
        "error": 0.1372590937652442, 
        "fit": "average_SEM", 
        "value": -0.050840303105845426
    }
}