{
    "AX": {
        "error": 0.0660713339450481, 
        "fit": "average_SEM", 
        "value": -0.23860289330283802
    }, 
    "CDD": {
        "error": 0.00010742059095224323, 
        "fit": "average_SEM", 
        "value": 7.60072496228127e-05
    }, 
    "H1": {
        "error": 0.125219309371494, 
        "fit": "average_SEM", 
        "value": -0.0841058394858717
    }, 
    "H2": {
        "error": 0.12830297562640255, 
        "fit": "average_SEM", 
        "value": 0.02349678257920055
    }, 
    "L1": {
        "error": 0.14379924415001166, 
        "fit": "average_SEM", 
        "value": -0.13272687341345268
    }, 
    "L2": {
        "error": 0.11415490087272569, 
        "fit": "average_SEM", 
        "value": -0.060598825235825236
    }
}