{
    "AX": {
        "error": 0.058499957724492936, 
        "fit": "average_SEM", 
        "value": -0.2454681287209193
    }, 
    "CDD": {
        "error": 0.00018673786346203353, 
        "fit": "average_SEM", 
        "value": 0.0001865632534544501
    }, 
    "H1": {
        "error": 0.12565720176521533, 
        "fit": "average_SEM", 
        "value": -0.028772789074314964
    }, 
    "H2": {
        "error": 0.1252156761412877, 
        "fit": "average_SEM", 
        "value": 0.025299212443981863
    }, 
    "L1": {
        "error": 0.14095755302728094, 
        "fit": "average_SEM", 
        "value": -0.11730489289346022
    }, 
    "L2": {
        "error": 0.15236526408906378, 
        "fit": "average_SEM", 
        "value": -0.05694410444961654
    }
}