{
    "AX": {
        "error": 0.0577462956127612, 
        "fit": "average_SEM", 
        "value": -0.23300749378071892
    }, 
    "CDD": {
        "error": 0.00014219961294423988, 
        "fit": "average_SEM", 
        "value": 0.00016756143821920785
    }, 
    "H1": {
        "error": 0.12248976164976205, 
        "fit": "average_SEM", 
        "value": -0.09938990693254811
    }, 
    "H2": {
        "error": 0.12280316777127982, 
        "fit": "average_SEM", 
        "value": 0.03049718573068579
    }, 
    "L1": {
        "error": 0.17050523904537826, 
        "fit": "average_SEM", 
        "value": -0.11434694619901065
    }, 
    "L2": {
        "error": 0.13327358594775848, 
        "fit": "average_SEM", 
        "value": -0.04781589160362879
    }
}