{
    "AX": {
        "error": 0.05836736299295442, 
        "fit": "average_SEM", 
        "value": -0.24294903402527174
    }, 
    "CDD": {
        "error": 0.00016446728895232136, 
        "fit": "average_SEM", 
        "value": 0.00016583400138188155
    }, 
    "H1": {
        "error": 0.13151218427881045, 
        "fit": "average_SEM", 
        "value": -0.05753888616648813
    }, 
    "H2": {
        "error": 0.142633365006259, 
        "fit": "average_SEM", 
        "value": 0.03608553438421546
    }, 
    "L1": {
        "error": 0.16017959940181659, 
        "fit": "average_SEM", 
        "value": -0.12079661179644366
    }, 
    "L2": {
        "error": 0.12602136585208457, 
        "fit": "average_SEM", 
        "value": -0.06263775835129005
    }
}