{
    "AX": {
        "error": 0.06259901960737042, 
        "fit": "average_SEM", 
        "value": -0.23109007875124613
    }, 
    "CDD": {
        "error": 0.00014185967765566936, 
        "fit": "average_SEM", 
        "value": 0.0001191931886650208
    }, 
    "H1": {
        "error": 0.11552531704778683, 
        "fit": "average_SEM", 
        "value": -0.08826791880548829
    }, 
    "H2": {
        "error": 0.1281384824733673, 
        "fit": "average_SEM", 
        "value": 0.027433608366279966
    }, 
    "L1": {
        "error": 0.1579999571928565, 
        "fit": "average_SEM", 
        "value": -0.1189554090042495
    }, 
    "L2": {
        "error": 0.13857725088759051, 
        "fit": "average_SEM", 
        "value": -0.044344455566412457
    }
}