{
    "AX": {
        "error": 0.056342757636966126, 
        "fit": "average_SEM", 
        "value": -0.232691766652796
    }, 
    "CDD": {
        "error": 0.0001448799858103647, 
        "fit": "average_SEM", 
        "value": 0.0001416498759580362
    }, 
    "H1": {
        "error": 0.1334370377590186, 
        "fit": "average_SEM", 
        "value": -0.06927893360835798
    }, 
    "H2": {
        "error": 0.12161995389590533, 
        "fit": "average_SEM", 
        "value": 0.017469813395291568
    }, 
    "L1": {
        "error": 0.13645094078737666, 
        "fit": "average_SEM", 
        "value": -0.13509762488069504
    }, 
    "L2": {
        "error": 0.1395381683609969, 
        "fit": "average_SEM", 
        "value": -0.03887562187479084
    }
}