{
    "AX": {
        "error": 0.06195456307331055, 
        "fit": "average_SEM", 
        "value": -0.22976358926130666
    }, 
    "CDD": {
        "error": 0.00016561004194071214, 
        "fit": "average_SEM", 
        "value": 0.0001882906906151523
    }, 
    "H1": {
        "error": 0.14736460527309647, 
        "fit": "average_SEM", 
        "value": -0.09550811874473261
    }, 
    "H2": {
        "error": 0.11389602316294344, 
        "fit": "average_SEM", 
        "value": 0.008209482156154182
    }, 
    "L1": {
        "error": 0.15599324403705042, 
        "fit": "average_SEM", 
        "value": -0.12164072238633203
    }, 
    "L2": {
        "error": 0.140165516803362, 
        "fit": "average_SEM", 
        "value": -0.043149035254545096
    }
}