{
    "AX": {
        "error": 0.0692771763352265, 
        "fit": "average_SEM", 
        "value": -0.22724533417365617
    }, 
    "CDD": {
        "error": 0.0001526686065712372, 
        "fit": "average_SEM", 
        "value": 0.0001623791264137253
    }, 
    "H1": {
        "error": 0.1322449325587912, 
        "fit": "average_SEM", 
        "value": -0.08085264592114577
    }, 
    "H2": {
        "error": 0.10758065296453241, 
        "fit": "average_SEM", 
        "value": 0.02652224290650338
    }, 
    "L1": {
        "error": 0.16061124211652442, 
        "fit": "average_SEM", 
        "value": -0.12400990549940616
    }, 
    "L2": {
        "error": 0.1397439009604868, 
        "fit": "average_SEM", 
        "value": -0.06264968768745247
    }
}