{
    "AX": {
        "error": 0.06171045672485265, 
        "fit": "average_SEM", 
        "value": -0.23119812305602763
    }, 
    "CDD": {
        "error": 0.00014069560277407857, 
        "fit": "average_SEM", 
        "value": 0.0001381950006665041
    }, 
    "H1": {
        "error": 0.12421894196439871, 
        "fit": "average_SEM", 
        "value": -0.08979835147814204
    }, 
    "H2": {
        "error": 0.13621732890241958, 
        "fit": "average_SEM", 
        "value": 0.020117051330291562
    }, 
    "L1": {
        "error": 0.14570681582223974, 
        "fit": "average_SEM", 
        "value": -0.10369271925236616
    }, 
    "L2": {
        "error": 0.15882717845859706, 
        "fit": "average_SEM", 
        "value": -0.0790403030295339
    }
}