{
    "AX": {
        "error": 0.06606506115056206, 
        "fit": "average_SEM", 
        "value": -0.23432860713866022
    }, 
    "CDD": {
        "error": 0.0001445150363592085, 
        "fit": "average_SEM", 
        "value": 0.00010882856376055214
    }, 
    "H1": {
        "error": 0.12336320735299885, 
        "fit": "average_SEM", 
        "value": -0.10224710793182668
    }, 
    "H2": {
        "error": 0.13734414096661474, 
        "fit": "average_SEM", 
        "value": 0.007394232623887042
    }, 
    "L1": {
        "error": 0.16987293429418354, 
        "fit": "average_SEM", 
        "value": -0.14389734769809162
    }, 
    "L2": {
        "error": 0.12681024273471364, 
        "fit": "average_SEM", 
        "value": -0.0633405525088569
    }
}