{
    "AX": {
        "error": 0.054403458581914234, 
        "fit": "average_SEM", 
        "value": -0.23723193547791904
    }, 
    "CDD": {
        "error": 0.00011709753582764042, 
        "fit": "average_SEM", 
        "value": 7.946212459096892e-05
    }, 
    "H1": {
        "error": 0.14354093334934684, 
        "fit": "average_SEM", 
        "value": -0.09399378878167934
    }, 
    "H2": {
        "error": 0.14372897373982926, 
        "fit": "average_SEM", 
        "value": 0.02431214593557848
    }, 
    "L1": {
        "error": 0.14927184426800988, 
        "fit": "average_SEM", 
        "value": -0.12228134427633551
    }, 
    "L2": {
        "error": 0.12297858158384732, 
        "fit": "average_SEM", 
        "value": -0.05576645858689315
    }
}