{
    "AX": {
        "error": 0.06277954576835193, 
        "fit": "average_SEM", 
        "value": -0.24089936920338206
    }, 
    "CDD": {
        "error": 0.00016222274903912102, 
        "fit": "average_SEM", 
        "value": 0.00021247481474549407
    }, 
    "H1": {
        "error": 0.12549281003707471, 
        "fit": "average_SEM", 
        "value": -0.1009423709285329
    }, 
    "H2": {
        "error": 0.12971779459771496, 
        "fit": "average_SEM", 
        "value": 0.04394904364081514
    }, 
    "L1": {
        "error": 0.14164167820607906, 
        "fit": "average_SEM", 
        "value": -0.12849949667385469
    }, 
    "L2": {
        "error": 0.13785905763977482, 
        "fit": "average_SEM", 
        "value": -0.06691513072776918
    }
}