{
    "AX": {
        "error": 0.06333587257813411, 
        "fit": "average_SEM", 
        "value": -0.23700756935609713
    }, 
    "CDD": {
        "error": 0.00014459853203395437, 
        "fit": "average_SEM", 
        "value": 0.00015374193769983118
    }, 
    "H1": {
        "error": 0.11237144171936117, 
        "fit": "average_SEM", 
        "value": -0.08525165668559365
    }, 
    "H2": {
        "error": 0.11735909415556452, 
        "fit": "average_SEM", 
        "value": 0.020078933445943727
    }, 
    "L1": {
        "error": 0.15486588213499605, 
        "fit": "average_SEM", 
        "value": -0.11067926016589304
    }, 
    "L2": {
        "error": 0.13383874574971943, 
        "fit": "average_SEM", 
        "value": -0.0391703853441868
    }
}