{
    "AX": {
        "error": 0.066442432742192, 
        "fit": "average_SEM", 
        "value": -0.23670854344964026
    }, 
    "CDD": {
        "error": 0.00017134156007510629, 
        "fit": "average_SEM", 
        "value": 0.0002228394409434663
    }, 
    "H1": {
        "error": 0.13536335840873928, 
        "fit": "average_SEM", 
        "value": -0.06331265839334163
    }, 
    "H2": {
        "error": 0.12025764783964375, 
        "fit": "average_SEM", 
        "value": 0.023130022294612394
    }, 
    "L1": {
        "error": 0.1327575245688848, 
        "fit": "average_SEM", 
        "value": -0.10662761415636245
    }, 
    "L2": {
        "error": 0.14724345094863925, 
        "fit": "average_SEM", 
        "value": -0.06629164475792398
    }
}