{
    "AX": {
        "error": 0.053951063702129494, 
        "fit": "average_SEM", 
        "value": -0.24690788586934406
    }, 
    "CDD": {
        "error": 0.00018186691855982397, 
        "fit": "average_SEM", 
        "value": 0.00021938456726881364
    }, 
    "H1": {
        "error": 0.14298650368884086, 
        "fit": "average_SEM", 
        "value": -0.07100128163066176
    }, 
    "H2": {
        "error": 0.12029360158616524, 
        "fit": "average_SEM", 
        "value": 0.0059857884163243905
    }, 
    "L1": {
        "error": 0.1627107178379467, 
        "fit": "average_SEM", 
        "value": -0.09131783251391931
    }, 
    "L2": {
        "error": 0.13672778243817282, 
        "fit": "average_SEM", 
        "value": -0.05104549877546055
    }
}