{
    "AX": {
        "error": 0.05416449950478765, 
        "fit": "average_SEM", 
        "value": -0.2298133315311538
    }, 
    "CDD": {
        "error": 0.00012065136800005153, 
        "fit": "average_SEM", 
        "value": 0.0001140108749192829
    }, 
    "H1": {
        "error": 0.144966922499068, 
        "fit": "average_SEM", 
        "value": -0.1006121729914513
    }, 
    "H2": {
        "error": 0.14148111638667565, 
        "fit": "average_SEM", 
        "value": 0.022430493014528312
    }, 
    "L1": {
        "error": 0.16531564969887735, 
        "fit": "average_SEM", 
        "value": -0.11239788406787234
    }, 
    "L2": {
        "error": 0.14345030896499045, 
        "fit": "average_SEM", 
        "value": -0.046278828930937585
    }
}