{
    "AX": {
        "error": 0.052150787099051646, 
        "fit": "average_SEM", 
        "value": -0.17861775687585274
    }, 
    "CDD": {
        "error": 9.55954911106627e-05, 
        "fit": "average_SEM", 
        "value": 6.348332753987051e-05
    }, 
    "H1": {
        "error": 0.11525320800955915, 
        "fit": "average_SEM", 
        "value": -0.050343797637712365
    }, 
    "H2": {
        "error": 0.12932004249712206, 
        "fit": "average_SEM", 
        "value": -0.2627469782756331
    }, 
    "L1": {
        "error": 0.1676141010972968, 
        "fit": "average_SEM", 
        "value": -0.11416738539701328
    }, 
    "L2": {
        "error": 0.13459116806363752, 
        "fit": "average_SEM", 
        "value": -0.1042089006533691
    }
}