{
    "AX": {
        "error": 0.05579241881824841, 
        "fit": "average_SEM", 
        "value": -0.17774831199397642
    }, 
    "CDD": {
        "error": 0.00014589890220070826, 
        "fit": "average_SEM", 
        "value": 0.0001710163131065201
    }, 
    "H1": {
        "error": 0.14666903066016118, 
        "fit": "average_SEM", 
        "value": -0.029324072947201785
    }, 
    "H2": {
        "error": 0.12994037661375335, 
        "fit": "average_SEM", 
        "value": -0.2433354998162637
    }, 
    "L1": {
        "error": 0.17846715395415472, 
        "fit": "average_SEM", 
        "value": -0.1587451932990613
    }, 
    "L2": {
        "error": 0.1276636532316565, 
        "fit": "average_SEM", 
        "value": -0.06868627120663101
    }
}