{
    "AX": {
        "error": 0.061937469592648856, 
        "fit": "average_SEM", 
        "value": -0.18346063836167256
    }, 
    "CDD": {
        "error": 0.00013244771099024956, 
        "fit": "average_SEM", 
        "value": 0.0001373312811968693
    }, 
    "H1": {
        "error": 0.13052779701487077, 
        "fit": "average_SEM", 
        "value": -0.04712994440245287
    }, 
    "H2": {
        "error": 0.11817907568302095, 
        "fit": "average_SEM", 
        "value": -0.24979690330413482
    }, 
    "L1": {
        "error": 0.17334802029180435, 
        "fit": "average_SEM", 
        "value": -0.1415165732789319
    }, 
    "L2": {
        "error": 0.16269288102018128, 
        "fit": "average_SEM", 
        "value": -0.0805743126378123
    }
}