{
    "AX": {
        "error": 0.06001359718209556, 
        "fit": "average_SEM", 
        "value": -0.173516277870826
    }, 
    "CDD": {
        "error": 5.602387336300789e-05, 
        "fit": "average_SEM", 
        "value": 1.943367169587873e-05
    }, 
    "H1": {
        "error": 0.11721532374587737, 
        "fit": "average_SEM", 
        "value": -0.056086224772465915
    }, 
    "H2": {
        "error": 0.12357746669763561, 
        "fit": "average_SEM", 
        "value": -0.26108329058983004
    }, 
    "L1": {
        "error": 0.1708795003080984, 
        "fit": "average_SEM", 
        "value": -0.13804695954492602
    }, 
    "L2": {
        "error": 0.13658167874094365, 
        "fit": "average_SEM", 
        "value": -0.07771301945943448
    }
}