{
    "AX": {
        "error": 0.05858497664716888, 
        "fit": "average_SEM", 
        "value": -0.17458594314133127
    }, 
    "CDD": {
        "error": 6.785239739221722e-05, 
        "fit": "average_SEM", 
        "value": 2.591156226117164e-05
    }, 
    "H1": {
        "error": 0.135025834168312, 
        "fit": "average_SEM", 
        "value": -0.0454813930792928
    }, 
    "H2": {
        "error": 0.11955807355172748, 
        "fit": "average_SEM", 
        "value": -0.24966016293171076
    }, 
    "L1": {
        "error": 0.17784777277899558, 
        "fit": "average_SEM", 
        "value": -0.12168508205213584
    }, 
    "L2": {
        "error": 0.13416206514370346, 
        "fit": "average_SEM", 
        "value": -0.06228664272154371
    }
}