{
    "AX": {
        "error": 0.06139907399870904, 
        "fit": "average_SEM", 
        "value": -0.2502744370036655
    }, 
    "CDD": {
        "error": 0.00019449485291983323, 
        "fit": "average_SEM", 
        "value": 0.00026257050695777356
    }, 
    "H1": {
        "error": 0.13968697168261582, 
        "fit": "average_SEM", 
        "value": -0.08357339380308985
    }, 
    "H2": {
        "error": 0.11799800077268568, 
        "fit": "average_SEM", 
        "value": 0.008034273196567989
    }, 
    "L1": {
        "error": 0.17472293310579165, 
        "fit": "average_SEM", 
        "value": -0.11920678110295234
    }, 
    "L2": {
        "error": 0.13897088659320853, 
        "fit": "average_SEM", 
        "value": -0.016974604823109175
    }
}