{
    "AX": {
        "error": 0.06278229569915184, 
        "fit": "average_SEM", 
        "value": -0.1743212430117031
    }, 
    "CDD": {
        "error": 0.00017179249945246383, 
        "fit": "average_SEM", 
        "value": 0.00017878978348259504
    }, 
    "H1": {
        "error": 0.13426186291967215, 
        "fit": "average_SEM", 
        "value": -0.046439215458425075
    }, 
    "H2": {
        "error": 0.10278445515766137, 
        "fit": "average_SEM", 
        "value": -0.26947467665498454
    }, 
    "L1": {
        "error": 0.17141786418682228, 
        "fit": "average_SEM", 
        "value": -0.13326658408574682
    }, 
    "L2": {
        "error": 0.14449055351728407, 
        "fit": "average_SEM", 
        "value": -0.06602978596735436
    }
}