{
    "AX": {
        "error": 0.05859087165669619, 
        "fit": "average_SEM", 
        "value": -0.17968785629297296
    }, 
    "CDD": {
        "error": 0.0001526956154492529, 
        "fit": "average_SEM", 
        "value": 0.00016194726704270578
    }, 
    "H1": {
        "error": 0.13032695893193313, 
        "fit": "average_SEM", 
        "value": -0.03999956085535814
    }, 
    "H2": {
        "error": 0.13602891575242532, 
        "fit": "average_SEM", 
        "value": -0.24422385210345965
    }, 
    "L1": {
        "error": 0.16050612499958142, 
        "fit": "average_SEM", 
        "value": -0.12801432646083413
    }, 
    "L2": {
        "error": 0.13532205988806356, 
        "fit": "average_SEM", 
        "value": -0.07673734989699975
    }
}