{
    "AX": {
        "error": 0.06774142155135555, 
        "fit": "average_SEM", 
        "value": -0.2339821173912949
    }, 
    "CDD": {
        "error": 0.00019988905342130796, 
        "fit": "average_SEM", 
        "value": 0.00019520044249172013
    }, 
    "H1": {
        "error": 0.1410387620225605, 
        "fit": "average_SEM", 
        "value": -0.0826128642540425
    }, 
    "H2": {
        "error": 0.11826263659887096, 
        "fit": "average_SEM", 
        "value": 0.008831860770523134
    }, 
    "L1": {
        "error": 0.15709480237409457, 
        "fit": "average_SEM", 
        "value": -0.14197364281280897
    }, 
    "L2": {
        "error": 0.12555155312487765, 
        "fit": "average_SEM", 
        "value": -0.06097631251614075
    }
}