{
    "AX": {
        "error": 0.06371298522303744, 
        "fit": "average_SEM", 
        "value": -0.24244826063513755
    }, 
    "CDD": {
        "error": 0.00016322413423750597, 
        "fit": "average_SEM", 
        "value": 0.0002435686910757795
    }, 
    "H1": {
        "error": 0.11036020040807892, 
        "fit": "average_SEM", 
        "value": -0.08616067145744132
    }, 
    "H2": {
        "error": 0.1309428718749825, 
        "fit": "average_SEM", 
        "value": 0.013487360029507222
    }, 
    "L1": {
        "error": 0.14379672015489958, 
        "fit": "average_SEM", 
        "value": -0.11392673191407489
    }, 
    "L2": {
        "error": 0.13547095758638195, 
        "fit": "average_SEM", 
        "value": -0.0714746263757762
    }
}