{
    "AX": {
        "error": 0.06199138423091638, 
        "fit": "average_SEM", 
        "value": -0.18410421619191766
    }, 
    "CDD": {
        "error": 0.00012478853053069883, 
        "fit": "average_SEM", 
        "value": 0.00010364625001481423
    }, 
    "H1": {
        "error": 0.1185332178718407, 
        "fit": "average_SEM", 
        "value": -0.03655556132240842
    }, 
    "H2": {
        "error": 0.11138167850257434, 
        "fit": "average_SEM", 
        "value": -0.2493772324892537
    }, 
    "L1": {
        "error": 0.19594615914053165, 
        "fit": "average_SEM", 
        "value": -0.16356141810150196
    }, 
    "L2": {
        "error": 0.14315294979567586, 
        "fit": "average_SEM", 
        "value": -0.05464661342945571
    }
}