{
    "AX": {
        "error": 0.055559756139357444, 
        "fit": "average_SEM", 
        "value": -0.2318403070171674
    }, 
    "CDD": {
        "error": 0.00016322413271128744, 
        "fit": "average_SEM", 
        "value": 0.00017101631448086766
    }, 
    "H1": {
        "error": 0.1304917125134985, 
        "fit": "average_SEM", 
        "value": -0.0659086813399982
    }, 
    "H2": {
        "error": 0.1170940225242483, 
        "fit": "average_SEM", 
        "value": 0.014746446051220927
    }, 
    "L1": {
        "error": 0.16902478501667015, 
        "fit": "average_SEM", 
        "value": -0.1112242880380816
    }, 
    "L2": {
        "error": 0.13236976489616487, 
        "fit": "average_SEM", 
        "value": -0.05325731415198081
    }
}