{
    "AX": {
        "error": 0.06125242310516573, 
        "fit": "average_SEM", 
        "value": -0.22938278714815777
    }, 
    "CDD": {
        "error": 0.00013302264722042217, 
        "fit": "average_SEM", 
        "value": 9.67365007252536e-05
    }, 
    "H1": {
        "error": 0.13274471617048544, 
        "fit": "average_SEM", 
        "value": -0.09359245638899867
    }, 
    "H2": {
        "error": 0.1467269324650557, 
        "fit": "average_SEM", 
        "value": 0.014664017141330987
    }, 
    "L1": {
        "error": 0.15148966128184074, 
        "fit": "average_SEM", 
        "value": -0.1267788180531675
    }, 
    "L2": {
        "error": 0.14368732828880865, 
        "fit": "average_SEM", 
        "value": -0.04825484895352727
    }
}