{
    "AX": {
        "error": 0.04871978701376202, 
        "fit": "average_SEM", 
        "value": -0.23383715516991085
    }, 
    "CDD": {
        "error": 1.6387910895713025e-05, 
        "fit": "average_SEM", 
        "value": 1.7274374840781093e-06
    }, 
    "H1": {
        "error": 0.1369606517046431, 
        "fit": "average_SEM", 
        "value": -0.09950785904758151
    }, 
    "H2": {
        "error": 0.12797947012113092, 
        "fit": "average_SEM", 
        "value": -0.011094319344394737
    }, 
    "L1": {
        "error": 0.14356873255539845, 
        "fit": "average_SEM", 
        "value": -0.12709339530103736
    }, 
    "L2": {
        "error": 0.13111512813191992, 
        "fit": "average_SEM", 
        "value": -0.042329700885642925
    }
}