{
    "AX": {
        "error": 0.05014670013146998, 
        "fit": "average_SEM", 
        "value": -0.2375155608687136
    }, 
    "CDD": {
        "error": 0.00017956259813663788, 
        "fit": "average_SEM", 
        "value": 0.0001641065658380588
    }, 
    "H1": {
        "error": 0.1466511832023079, 
        "fit": "average_SEM", 
        "value": -0.0974476823841946
    }, 
    "H2": {
        "error": 0.14229738483584442, 
        "fit": "average_SEM", 
        "value": 0.012856142645210235
    }, 
    "L1": {
        "error": 0.15227359884977132, 
        "fit": "average_SEM", 
        "value": -0.12622498866791526
    }, 
    "L2": {
        "error": 0.14166240630961785, 
        "fit": "average_SEM", 
        "value": -0.07587707852556681
    }
}