{
    "AX": {
        "error": 0.05313174348177541, 
        "fit": "average_SEM", 
        "value": -0.2682465226092237
    }, 
    "CDD": {
        "error": 0.00015285870019152763, 
        "fit": "average_SEM", 
        "value": 0.00013893008098362925
    }, 
    "H1": {
        "error": 0.12331206958766652, 
        "fit": "average_SEM", 
        "value": -0.0984885898280017
    }, 
    "H2": {
        "error": 0.08993106241172424, 
        "fit": "average_SEM", 
        "value": -0.23820204588961094
    }, 
    "L1": {
        "error": 0.13501108215769728, 
        "fit": "average_SEM", 
        "value": -0.14294024736699748
    }, 
    "L2": {
        "error": 0.12228753254559578, 
        "fit": "average_SEM", 
        "value": -0.020744942554688835
    }
}