{
    "AX": {
        "error": 0.060702982201718866, 
        "fit": "average_SEM", 
        "value": -0.25262253251340655
    }, 
    "CDD": {
        "error": 0.00019898122037187495, 
        "fit": "average_SEM", 
        "value": 0.00024702356960107054
    }, 
    "H1": {
        "error": 0.13144437021884223, 
        "fit": "average_SEM", 
        "value": -0.06088539184937771
    }, 
    "H2": {
        "error": 0.11893994474002502, 
        "fit": "average_SEM", 
        "value": -0.2542873426573351
    }, 
    "L1": {
        "error": 0.15068220574630306, 
        "fit": "average_SEM", 
        "value": -0.123013356936604
    }, 
    "L2": {
        "error": 0.11971559818437638, 
        "fit": "average_SEM", 
        "value": -0.04448764167415599
    }
}