{
    "AX": {
        "error": 0.058070386858547915, 
        "fit": "average_SEM", 
        "value": -0.23082459568977357
    }, 
    "CDD": {
        "error": 4.1871320434481716e-05, 
        "fit": "average_SEM", 
        "value": 1.2092062388546764e-05
    }, 
    "H1": {
        "error": 0.12189203656257307, 
        "fit": "average_SEM", 
        "value": -0.11924323654837078
    }, 
    "H2": {
        "error": 0.1281993665927536, 
        "fit": "average_SEM", 
        "value": -0.2696382681890908
    }, 
    "L1": {
        "error": 0.14008312268934267, 
        "fit": "average_SEM", 
        "value": -0.09457204420533445
    }, 
    "L2": {
        "error": 0.1246856436787198, 
        "fit": "average_SEM", 
        "value": -0.04608841799846333
    }
}