{
    "AX": {
        "error": 0.060545739281249296, 
        "fit": "average_SEM", 
        "value": -0.18450906385357183
    }, 
    "CDD": {
        "error": 0.00016373617748229385, 
        "fit": "average_SEM", 
        "value": 0.00014121801771883232
    }, 
    "H1": {
        "error": 0.13213010387344656, 
        "fit": "average_SEM", 
        "value": -0.03528875966828006
    }, 
    "H2": {
        "error": 0.12133048957269409, 
        "fit": "average_SEM", 
        "value": -0.2596995213612293
    }, 
    "L1": {
        "error": 0.1905862137492595, 
        "fit": "average_SEM", 
        "value": -0.15217009375919588
    }, 
    "L2": {
        "error": 0.14242378192742278, 
        "fit": "average_SEM", 
        "value": -0.07671896754181944
    }
}