{
    "AX": {
        "error": 0.059848506580859745, 
        "fit": "average_SEM", 
        "value": -0.18080702554240513
    }, 
    "CDD": {
        "error": 0.00019644395410892723, 
        "fit": "average_SEM", 
        "value": 0.00023190848830078418
    }, 
    "H1": {
        "error": 0.13288775848461698, 
        "fit": "average_SEM", 
        "value": -0.01903349172983629
    }, 
    "H2": {
        "error": 0.12669650886913592, 
        "fit": "average_SEM", 
        "value": -0.24746274463789936
    }, 
    "L1": {
        "error": 0.17860624162306604, 
        "fit": "average_SEM", 
        "value": -0.11382435887741546
    }, 
    "L2": {
        "error": 0.13251565883012886, 
        "fit": "average_SEM", 
        "value": -0.05703772639972158
    }
}