{
    "AX": {
        "error": 0.050956512491044874, 
        "fit": "average_SEM", 
        "value": -0.23264477087391747
    }, 
    "CDD": {
        "error": 3.899813684068955e-05, 
        "fit": "average_SEM", 
        "value": 1.0364624904468655e-05
    }, 
    "H1": {
        "error": 0.14925588855504615, 
        "fit": "average_SEM", 
        "value": -0.09215628210351699
    }, 
    "H2": {
        "error": 0.11081980404915527, 
        "fit": "average_SEM", 
        "value": 0.00806552671128884
    }, 
    "L1": {
        "error": 0.1541869210375825, 
        "fit": "average_SEM", 
        "value": -0.09520967313567073
    }, 
    "L2": {
        "error": 0.11628027580988806, 
        "fit": "average_SEM", 
        "value": -0.056926865412646695
    }
}