{
    "AX": {
        "error": 0.0578402732914858, 
        "fit": "average_SEM", 
        "value": -0.18148987662668029
    }, 
    "CDD": {
        "error": 0.0001510461294634708, 
        "fit": "average_SEM", 
        "value": 0.00014380917321735371
    }, 
    "H1": {
        "error": 0.12934518741043488, 
        "fit": "average_SEM", 
        "value": -0.02875752150466724
    }, 
    "H2": {
        "error": 0.11086535418143632, 
        "fit": "average_SEM", 
        "value": -0.2512132918694988
    }, 
    "L1": {
        "error": 0.17995964839747297, 
        "fit": "average_SEM", 
        "value": -0.1430261568146913
    }, 
    "L2": {
        "error": 0.14968978498219512, 
        "fit": "average_SEM", 
        "value": -0.06172864092077361
    }
}