{
    "AX": {
        "error": 0.06887270506055851, 
        "fit": "average_SEM", 
        "value": -0.185552955729266
    }, 
    "CDD": {
        "error": 0.0002073102065086267, 
        "fit": "average_SEM", 
        "value": 0.0002940962454886176
    }, 
    "H1": {
        "error": 0.1241788820334823, 
        "fit": "average_SEM", 
        "value": -0.0068676946626510475
    }, 
    "H2": {
        "error": 0.1267260370159087, 
        "fit": "average_SEM", 
        "value": -0.2515836894512177
    }, 
    "L1": {
        "error": 0.16610774506965328, 
        "fit": "average_SEM", 
        "value": -0.13057346701292166
    }, 
    "L2": {
        "error": 0.1279079874673313, 
        "fit": "average_SEM", 
        "value": -0.050366602296708154
    }
}