{
    "AX": {
        "error": 0.06970082322004584, 
        "fit": "average_SEM", 
        "value": -0.1906328346269826
    }, 
    "CDD": {
        "error": 0.00018762988101989143, 
        "fit": "average_SEM", 
        "value": 0.0002448642711290934
    }, 
    "H1": {
        "error": 0.1144508522334761, 
        "fit": "average_SEM", 
        "value": -0.02772418699244857
    }, 
    "H2": {
        "error": 0.13450144523272223, 
        "fit": "average_SEM", 
        "value": -0.23290013965840142
    }, 
    "L1": {
        "error": 0.14834235916110491, 
        "fit": "average_SEM", 
        "value": -0.14703963565795372
    }, 
    "L2": {
        "error": 0.13151635419603472, 
        "fit": "average_SEM", 
        "value": -0.04390774056470643
    }
}