{
    "AX": {
        "error": 0.05232786531229872, 
        "fit": "average_SEM", 
        "value": -0.1873829369743665
    }, 
    "CDD": {
        "error": 0.0001302050761634695, 
        "fit": "average_SEM", 
        "value": 0.00011919318785658106
    }, 
    "H1": {
        "error": 0.14426831787779834, 
        "fit": "average_SEM", 
        "value": -0.03320381477242336
    }, 
    "H2": {
        "error": 0.11810738135056748, 
        "fit": "average_SEM", 
        "value": -0.23907522415393032
    }, 
    "L1": {
        "error": 0.16260169431016508, 
        "fit": "average_SEM", 
        "value": -0.1256725153536536
    }, 
    "L2": {
        "error": 0.13136028095381935, 
        "fit": "average_SEM", 
        "value": -0.04409647650512246
    }
}