{
    "AX": {
        "error": 0.0582412636846401, 
        "fit": "average_SEM", 
        "value": -0.2277566869225767
    }, 
    "CDD": {
        "error": 2.806395299588999e-05, 
        "fit": "average_SEM", 
        "value": 5.182312452234328e-06
    }, 
    "H1": {
        "error": 0.12799066878357895, 
        "fit": "average_SEM", 
        "value": -0.10298185259582371
    }, 
    "H2": {
        "error": 0.13364811055036474, 
        "fit": "average_SEM", 
        "value": -0.24607914863154293
    }, 
    "L1": {
        "error": 0.15812077020445534, 
        "fit": "average_SEM", 
        "value": -0.09645457363351145
    }, 
    "L2": {
        "error": 0.13832433697608185, 
        "fit": "average_SEM", 
        "value": -0.04048535543519797
    }
}