{
    "AX": {
        "error": 0.06834553183136935, 
        "fit": "average_SEM", 
        "value": -0.23939387972156206
    }, 
    "CDD": {
        "error": 0.0001483073181904881, 
        "fit": "average_SEM", 
        "value": 0.0001571968133147392
    }, 
    "H1": {
        "error": 0.1294531769709261, 
        "fit": "average_SEM", 
        "value": -0.09656528188950486
    }, 
    "H2": {
        "error": 0.12081099671936256, 
        "fit": "average_SEM", 
        "value": -0.2560838947072625
    }, 
    "L1": {
        "error": 0.13285006120566986, 
        "fit": "average_SEM", 
        "value": -0.11654452473546068
    }, 
    "L2": {
        "error": 0.154714234223054, 
        "fit": "average_SEM", 
        "value": -0.04068408138951377
    }
}