{
    "AX": {
        "error": 0.05784824350906591, 
        "fit": "average_SEM", 
        "value": -0.23064713478088378
    }, 
    "CDD": {
        "error": 3.2218685082718496e-05, 
        "fit": "average_SEM", 
        "value": 6.909749936312437e-06
    }, 
    "H1": {
        "error": 0.12429073153238876, 
        "fit": "average_SEM", 
        "value": -0.09709626789618697
    }, 
    "H2": {
        "error": 0.11685116487375831, 
        "fit": "average_SEM", 
        "value": -0.23467779571397437
    }, 
    "L1": {
        "error": 0.14488656052467716, 
        "fit": "average_SEM", 
        "value": -0.11008812212385237
    }, 
    "L2": {
        "error": 0.13480015825095187, 
        "fit": "average_SEM", 
        "value": -0.05066831737446288
    }
}