{
    "AX": {
        "error": 0.05446279173688146, 
        "fit": "average_SEM", 
        "value": -0.24096380232108963
    }, 
    "CDD": {
        "error": 0.00011935637013356825, 
        "fit": "average_SEM", 
        "value": 7.427981278548637e-05
    }, 
    "H1": {
        "error": 0.11784024653901051, 
        "fit": "average_SEM", 
        "value": -0.10176188049760336
    }, 
    "H2": {
        "error": 0.11555341631062363, 
        "fit": "average_SEM", 
        "value": -0.2499266655059829
    }, 
    "L1": {
        "error": 0.15153545533767276, 
        "fit": "average_SEM", 
        "value": -0.11601110333059397
    }, 
    "L2": {
        "error": 0.14281652656666233, 
        "fit": "average_SEM", 
        "value": -0.043234828538778754
    }
}