{
    "AX": {
        "error": 0.055364118923352156, 
        "fit": "average_SEM", 
        "value": -0.2404213338262505
    }, 
    "CDD": {
        "error": 2.8063952995889995e-05, 
        "fit": "average_SEM", 
        "value": 5.182312452234328e-06
    }, 
    "H1": {
        "error": 0.128875671344051, 
        "fit": "average_SEM", 
        "value": -0.08148209261966663
    }, 
    "H2": {
        "error": 0.11583600595054952, 
        "fit": "average_SEM", 
        "value": -0.2550577697344124
    }, 
    "L1": {
        "error": 0.16207395432747265, 
        "fit": "average_SEM", 
        "value": -0.10216649862187398
    }, 
    "L2": {
        "error": 0.12980948154798846, 
        "fit": "average_SEM", 
        "value": -0.05488769763873683
    }
}