{
    "AX": {
        "error": 0.06024952868650356, 
        "fit": "average_SEM", 
        "value": -0.1964046592824161
    }, 
    "CDD": {
        "error": 0.00020154747096015984, 
        "fit": "average_SEM", 
        "value": 0.0002863227743849469
    }, 
    "H1": {
        "error": 0.12549521825211152, 
        "fit": "average_SEM", 
        "value": -0.018568870871968103
    }, 
    "H2": {
        "error": 0.11635484277679642, 
        "fit": "average_SEM", 
        "value": -0.2385056126668739
    }, 
    "L1": {
        "error": 0.18233550996552816, 
        "fit": "average_SEM", 
        "value": -0.13895317577407695
    }, 
    "L2": {
        "error": 0.13168057189341403, 
        "fit": "average_SEM", 
        "value": -0.044657459721687096
    }
}