{
    "AX": {
        "error": 0.06360782215713208, 
        "fit": "average_SEM", 
        "value": -0.18260800937811533
    }, 
    "CDD": {
        "error": 0.00016472559131666304, 
        "fit": "average_SEM", 
        "value": 0.00020340576835830386
    }, 
    "H1": {
        "error": 0.1333637593474896, 
        "fit": "average_SEM", 
        "value": -0.02376269863404256
    }, 
    "H2": {
        "error": 0.13516231855479835, 
        "fit": "average_SEM", 
        "value": -0.2409137579437811
    }, 
    "L1": {
        "error": 0.17178860403592147, 
        "fit": "average_SEM", 
        "value": -0.10838025955599732
    }, 
    "L2": {
        "error": 0.13816995176809488, 
        "fit": "average_SEM", 
        "value": -0.05578060286352411
    }
}