{
    "AX": {
        "error": 0.05802470222744196, 
        "fit": "average_SEM", 
        "value": -0.24070410595999825
    }, 
    "CDD": {
        "error": 2.3045435761650017e-05, 
        "fit": "average_SEM", 
        "value": 3.4548749681562187e-06
    }, 
    "H1": {
        "error": 0.13946024114023103, 
        "fit": "average_SEM", 
        "value": -0.11386434764353907
    }, 
    "H2": {
        "error": 0.12549410162259528, 
        "fit": "average_SEM", 
        "value": -0.24818385147696567
    }, 
    "L1": {
        "error": 0.14509232290446733, 
        "fit": "average_SEM", 
        "value": -0.13138892403286365
    }, 
    "L2": {
        "error": 0.1369695166299895, 
        "fit": "average_SEM", 
        "value": -0.06450847213078911
    }
}