{
    "AX": {
        "error": 0.06155920839498498, 
        "fit": "average_SEM", 
        "value": -0.18652402450485775
    }, 
    "CDD": {
        "error": 0.00024214177336936909, 
        "fit": "average_SEM", 
        "value": 0.00025911563279805704
    }, 
    "H1": {
        "error": 0.1364785151184163, 
        "fit": "average_SEM", 
        "value": -0.04279862310456035
    }, 
    "H2": {
        "error": 0.12532881464153353, 
        "fit": "average_SEM", 
        "value": -0.23763135138821478
    }, 
    "L1": {
        "error": 0.1700959390607071, 
        "fit": "average_SEM", 
        "value": -0.1349364791608726
    }, 
    "L2": {
        "error": 0.11919970976741509, 
        "fit": "average_SEM", 
        "value": -0.05813162406763392
    }
}