{
    "AX": {
        "error": 0.05747500489788781, 
        "fit": "average_SEM", 
        "value": -0.24299800081385506
    }, 
    "CDD": {
        "error": 0.000189687888973393, 
        "fit": "average_SEM", 
        "value": 0.00023147663127423988
    }, 
    "H1": {
        "error": 0.1148997943343919, 
        "fit": "average_SEM", 
        "value": -0.07279466343784911
    }, 
    "H2": {
        "error": 0.11858572270407047, 
        "fit": "average_SEM", 
        "value": -0.23980499213664896
    }, 
    "L1": {
        "error": 0.15860165059203052, 
        "fit": "average_SEM", 
        "value": -0.11906304526815398
    }, 
    "L2": {
        "error": 0.11322609917088339, 
        "fit": "average_SEM", 
        "value": -0.07011253175442107
    }
}