{
    "AX": {
        "error": 0.05783992373902792, 
        "fit": "average_SEM", 
        "value": -0.2324683054453797
    }, 
    "CDD": {
        "error": 3.221868508271849e-05, 
        "fit": "average_SEM", 
        "value": 6.909749936312437e-06
    }, 
    "H1": {
        "error": 0.1369860656226236, 
        "fit": "average_SEM", 
        "value": -0.09776495420891378
    }, 
    "H2": {
        "error": 0.13166366561841855, 
        "fit": "average_SEM", 
        "value": -0.27195132600350513
    }, 
    "L1": {
        "error": 0.16503225226033857, 
        "fit": "average_SEM", 
        "value": -0.12822037900720412
    }, 
    "L2": {
        "error": 0.14706195428727262, 
        "fit": "average_SEM", 
        "value": -0.06307670676243207
    }
}