{
    "AX": {
        "error": 0.06904664891898668, 
        "fit": "average_SEM", 
        "value": -0.18579202545806767
    }, 
    "CDD": {
        "error": 0.00017030320477061047, 
        "fit": "average_SEM", 
        "value": 0.00016194726777030155
    }, 
    "H1": {
        "error": 0.13336473862289813, 
        "fit": "average_SEM", 
        "value": -0.04021161131192154
    }, 
    "H2": {
        "error": 0.1330000818216897, 
        "fit": "average_SEM", 
        "value": -0.2488380556150029
    }, 
    "L1": {
        "error": 0.19083705511071722, 
        "fit": "average_SEM", 
        "value": -0.1126062895290185
    }, 
    "L2": {
        "error": 0.11980280413268524, 
        "fit": "average_SEM", 
        "value": -0.051818830847817784
    }
}