{
    "AX": {
        "error": 0.06194303021746798, 
        "fit": "average_SEM", 
        "value": -0.22959474308623207
    }, 
    "CDD": {
        "error": 2.8063952995889992e-05, 
        "fit": "average_SEM", 
        "value": 5.182312452234328e-06
    }, 
    "H1": {
        "error": 0.13495066003821782, 
        "fit": "average_SEM", 
        "value": -0.09085771054443385
    }, 
    "H2": {
        "error": 0.12824956133277454, 
        "fit": "average_SEM", 
        "value": -0.24127910427956117
    }, 
    "L1": {
        "error": 0.13495524790831515, 
        "fit": "average_SEM", 
        "value": -0.13992279674340452
    }, 
    "L2": {
        "error": 0.15519441909789225, 
        "fit": "average_SEM", 
        "value": -0.043744514709235065
    }
}