{
    "AX": {
        "error": 0.059292130709872465, 
        "fit": "average_SEM", 
        "value": -0.17938053075534602
    }, 
    "CDD": {
        "error": 0.00013654412260819294, 
        "fit": "average_SEM", 
        "value": 0.00012307992243828874
    }, 
    "H1": {
        "error": 0.12165505650751339, 
        "fit": "average_SEM", 
        "value": -0.03987532452350327
    }, 
    "H2": {
        "error": 0.12985042628474933, 
        "fit": "average_SEM", 
        "value": -0.23368794087242956
    }, 
    "L1": {
        "error": 0.1768853098765482, 
        "fit": "average_SEM", 
        "value": -0.12999168572811565
    }, 
    "L2": {
        "error": 0.13696872566680285, 
        "fit": "average_SEM", 
        "value": -0.034852680393184225
    }
}