{
    "AX": {
        "error": 0.06123927111269808, 
        "fit": "average_SEM", 
        "value": -0.22775694131851196
    }, 
    "CDD": {
        "error": 5.438030367318473e-05, 
        "fit": "average_SEM", 
        "value": 1.7274374840781093e-05
    }, 
    "H1": {
        "error": 0.12994638059672978, 
        "fit": "average_SEM", 
        "value": -0.09568115673545334
    }, 
    "H2": {
        "error": 0.11870322164580378, 
        "fit": "average_SEM", 
        "value": -0.2436335096342696
    }, 
    "L1": {
        "error": 0.16573541794654548, 
        "fit": "average_SEM", 
        "value": -0.12444360831222083
    }, 
    "L2": {
        "error": 0.1252203997548353, 
        "fit": "average_SEM", 
        "value": -0.04721518280501995
    }
}