{
    "AX": {
        "error": 0.052617234484228795, 
        "fit": "average_SEM", 
        "value": -0.1831901672606667
    }, 
    "CDD": {
        "error": 0.00011809849463786006, 
        "fit": "average_SEM", 
        "value": 0.00010364625001481423
    }, 
    "H1": {
        "error": 0.12169096528480024, 
        "fit": "average_SEM", 
        "value": -0.019128910171518024
    }, 
    "H2": {
        "error": 0.13265713348949837, 
        "fit": "average_SEM", 
        "value": -0.23468426941350723
    }, 
    "L1": {
        "error": 0.1793652886591304, 
        "fit": "average_SEM", 
        "value": -0.12290112472789284
    }, 
    "L2": {
        "error": 0.14122398659707094, 
        "fit": "average_SEM", 
        "value": -0.03807776146956409
    }
}