{
    "AX": {
        "error": 0.056658366947866266, 
        "fit": "average_SEM", 
        "value": -0.2353186180194219
    }, 
    "CDD": {
        "error": 0.00018337881659172232, 
        "fit": "average_SEM", 
        "value": 0.00017965350319476176
    }, 
    "H1": {
        "error": 0.14092080589834488, 
        "fit": "average_SEM", 
        "value": -0.03172409168780885
    }, 
    "H2": {
        "error": 0.11909150150707004, 
        "fit": "average_SEM", 
        "value": -0.25575107571979366
    }, 
    "L1": {
        "error": 0.14959114351292496, 
        "fit": "average_SEM", 
        "value": -0.1041259674484738
    }, 
    "L2": {
        "error": 0.1539085662115824, 
        "fit": "average_SEM", 
        "value": -0.051704980557163556
    }
}