{
    "AX": {
        "error": 0.05953543857515064, 
        "fit": "average_SEM", 
        "value": -0.2338646016187138
    }, 
    "CDD": {
        "error": 0.0001636580076055872, 
        "fit": "average_SEM", 
        "value": 0.00019347300209725897
    }, 
    "H1": {
        "error": 0.13120928969879825, 
        "fit": "average_SEM", 
        "value": -0.03649793601491385
    }, 
    "H2": {
        "error": 0.12650403247052655, 
        "fit": "average_SEM", 
        "value": -0.23794872609562137
    }, 
    "L1": {
        "error": 0.1530793522375738, 
        "fit": "average_SEM", 
        "value": -0.11183419391098949
    }, 
    "L2": {
        "error": 0.1212826785019108, 
        "fit": "average_SEM", 
        "value": -0.04256063116093477
    }
}