{
    "AX": {
        "error": 0.059084947944832523, 
        "fit": "average_SEM", 
        "value": -0.23530797109835677
    }, 
    "CDD": {
        "error": 0.00011236328638655762, 
        "fit": "average_SEM", 
        "value": 7.946212459096892e-05
    }, 
    "H1": {
        "error": 0.12910355267247342, 
        "fit": "average_SEM", 
        "value": -0.0689973135634015
    }, 
    "H2": {
        "error": 0.10974777743685014, 
        "fit": "average_SEM", 
        "value": -0.27120651587223016
    }, 
    "L1": {
        "error": 0.14466077701690008, 
        "fit": "average_SEM", 
        "value": -0.12757809217113794
    }, 
    "L2": {
        "error": 0.1474395990594517, 
        "fit": "average_SEM", 
        "value": -0.056259694965168215
    }
}