{
    "AX": {
        "error": 0.058516600506545294, 
        "fit": "average_SEM", 
        "value": -0.23298317251933945
    }, 
    "CDD": {
        "error": 0.00015144815034723148, 
        "fit": "average_SEM", 
        "value": 0.00016756143854258375
    }, 
    "H1": {
        "error": 0.1453274818222996, 
        "fit": "average_SEM", 
        "value": -0.055506254113020584
    }, 
    "H2": {
        "error": 0.10717171807313328, 
        "fit": "average_SEM", 
        "value": -0.2595761265191767
    }, 
    "L1": {
        "error": 0.15140664796801978, 
        "fit": "average_SEM", 
        "value": -0.10197059562067605
    }, 
    "L2": {
        "error": 0.1406459372158965, 
        "fit": "average_SEM", 
        "value": -0.05605550725142368
    }
}