{
    "AX": {
        "error": 0.05866664290967638, 
        "fit": "average_SEM", 
        "value": -0.19056686001519363
    }, 
    "CDD": {
        "error": 0.00017131891639986886, 
        "fit": "average_SEM", 
        "value": 0.00019433672229448955
    }, 
    "H1": {
        "error": 0.1218240774817323, 
        "fit": "average_SEM", 
        "value": -0.03873372837527616
    }, 
    "H2": {
        "error": 0.11311293610431994, 
        "fit": "average_SEM", 
        "value": -0.24313747437505906
    }, 
    "L1": {
        "error": 0.193348558948682, 
        "fit": "average_SEM", 
        "value": -0.13236471572114775
    }, 
    "L2": {
        "error": 0.13060323651807393, 
        "fit": "average_SEM", 
        "value": -0.03961350749401996
    }
}