{
    "AX": {
        "error": 0.056802513452441264, 
        "fit": "average_SEM", 
        "value": -0.19230761906752983
    }, 
    "CDD": {
        "error": 0.00015256253920617336, 
        "fit": "average_SEM", 
        "value": 0.00013344454831288506
    }, 
    "H1": {
        "error": 0.13920709316007956, 
        "fit": "average_SEM", 
        "value": -0.018676092579213825
    }, 
    "H2": {
        "error": 0.10778097818365126, 
        "fit": "average_SEM", 
        "value": -0.21018507528157596
    }, 
    "L1": {
        "error": 0.1744845400165263, 
        "fit": "average_SEM", 
        "value": -0.12587618807156103
    }, 
    "L2": {
        "error": 0.1317452131675651, 
        "fit": "average_SEM", 
        "value": -0.039122081053210425
    }
}