{
    "AX": {
        "error": 0.058056466489512154, 
        "fit": "average_SEM", 
        "value": -0.18937108892326554
    }, 
    "CDD": {
        "error": 0.00011398513918204217, 
        "fit": "average_SEM", 
        "value": 0.00010623740575586756
    }, 
    "H1": {
        "error": 0.13867003596065403, 
        "fit": "average_SEM", 
        "value": -0.02796309202676639
    }, 
    "H2": {
        "error": 0.12061061040157763, 
        "fit": "average_SEM", 
        "value": -0.260285483704259
    }, 
    "L1": {
        "error": 0.17553102378208052, 
        "fit": "average_SEM", 
        "value": -0.10324164618020101
    }, 
    "L2": {
        "error": 0.1416373295837144, 
        "fit": "average_SEM", 
        "value": -0.03520077505818335
    }
}