{
    "AX": {
        "error": 0.06702204036298506, 
        "fit": "average_SEM", 
        "value": -0.19429556811228393
    }, 
    "CDD": {
        "error": 0.00020053715940057865, 
        "fit": "average_SEM", 
        "value": 0.00023449964816488016
    }, 
    "H1": {
        "error": 0.141527950734202, 
        "fit": "average_SEM", 
        "value": -0.027095577421520526
    }, 
    "H2": {
        "error": 0.12988163101776115, 
        "fit": "average_SEM", 
        "value": -0.22995944814756514
    }, 
    "L1": {
        "error": 0.18416628399165857, 
        "fit": "average_SEM", 
        "value": -0.12708196377304073
    }, 
    "L2": {
        "error": 0.161890121912987, 
        "fit": "average_SEM", 
        "value": -0.04662754883217227
    }
}