{
    "AX": {
        "error": 0.05528785068090459, 
        "fit": "average_SEM", 
        "value": -0.18551830522095164
    }, 
    "CDD": {
        "error": 0.000168986176736647, 
        "fit": "average_SEM", 
        "value": 0.00018526767380535602
    }, 
    "H1": {
        "error": 0.12129383681639111, 
        "fit": "average_SEM", 
        "value": -0.029915540961762115
    }, 
    "H2": {
        "error": 0.13042452336394567, 
        "fit": "average_SEM", 
        "value": -0.23592739928280934
    }, 
    "L1": {
        "error": 0.199855716096395, 
        "fit": "average_SEM", 
        "value": -0.13678454081527888
    }, 
    "L2": {
        "error": 0.14087612317971387, 
        "fit": "average_SEM", 
        "value": -0.020980213086780473
    }
}