{
    "AX": {
        "error": 0.06458898930220819, 
        "fit": "average_SEM", 
        "value": -0.2297796231177118
    }, 
    "CDD": {
        "error": 4.792045345764194e-05, 
        "fit": "average_SEM", 
        "value": 1.2092062388546764e-05
    }, 
    "H1": {
        "error": 0.1262570008449259, 
        "fit": "average_SEM", 
        "value": -0.0800321516322179
    }, 
    "H2": {
        "error": 0.12684578921345044, 
        "fit": "average_SEM", 
        "value": -0.2504437072823445
    }, 
    "L1": {
        "error": 0.12089372060388164, 
        "fit": "average_SEM", 
        "value": -0.11879668626222863
    }, 
    "L2": {
        "error": 0.11799681246459781, 
        "fit": "average_SEM", 
        "value": -0.03913400531746447
    }
}