{
    "AX": {
        "error": 0.06622668978374745, 
        "fit": "average_SEM", 
        "value": -0.2274403160230981
    }, 
    "CDD": {
        "error": 0.00013451150020658294, 
        "fit": "average_SEM", 
        "value": 0.0001174657505341909
    }, 
    "H1": {
        "error": 0.10947842300622841, 
        "fit": "average_SEM", 
        "value": -0.06438774752314202
    }, 
    "H2": {
        "error": 0.12334054776329895, 
        "fit": "average_SEM", 
        "value": -0.0031847103705836665
    }, 
    "L1": {
        "error": 0.1414039196489046, 
        "fit": "average_SEM", 
        "value": -0.10366264398520192
    }, 
    "L2": {
        "error": 0.13242296351215208, 
        "fit": "average_SEM", 
        "value": -0.03360200363830598
    }
}