{
    "AX": {
        "error": 0.05865624625997084, 
        "fit": "average_SEM", 
        "value": -0.22348242418633568
    }, 
    "CDD": {
        "error": 3.221868508271849e-05, 
        "fit": "average_SEM", 
        "value": 6.909749936312437e-06
    }, 
    "H1": {
        "error": 0.12412181947650353, 
        "fit": "average_SEM", 
        "value": -0.07336052619438205
    }, 
    "H2": {
        "error": 0.1458029275138965, 
        "fit": "average_SEM", 
        "value": -0.22610994961319697
    }, 
    "L1": {
        "error": 0.174721218258007, 
        "fit": "average_SEM", 
        "value": -0.12460461867061288
    }, 
    "L2": {
        "error": 0.1344081825739471, 
        "fit": "average_SEM", 
        "value": -0.06642602149707576
    }
}