{
    "AX": {
        "error": 0.05982302859435853, 
        "fit": "average_SEM", 
        "value": -0.23635616675019264
    }, 
    "CDD": {
        "error": 0.00018416698148722018, 
        "fit": "average_SEM", 
        "value": 0.00017274375261169754
    }, 
    "H1": {
        "error": 0.12673859624660383, 
        "fit": "average_SEM", 
        "value": -0.05870795951017903
    }, 
    "H2": {
        "error": 0.10988177579104401, 
        "fit": "average_SEM", 
        "value": 0.009334012472795115
    }, 
    "L1": {
        "error": 0.15234496982359222, 
        "fit": "average_SEM", 
        "value": -0.12957570957724884
    }, 
    "L2": {
        "error": 0.13176072042661793, 
        "fit": "average_SEM", 
        "value": -0.03169711895441449
    }
}