{
    "AX": {
        "error": 0.0614184449996038, 
        "fit": "average_SEM", 
        "value": -0.24562987863189645
    }, 
    "CDD": {
        "error": 0.0001895685398215029, 
        "fit": "average_SEM", 
        "value": 0.0002262943165583743
    }, 
    "H1": {
        "error": 0.12739847456314704, 
        "fit": "average_SEM", 
        "value": -0.0681825590433113
    }, 
    "H2": {
        "error": 0.11183325034310926, 
        "fit": "average_SEM", 
        "value": 0.028758269279367393
    }, 
    "L1": {
        "error": 0.1490328054029361, 
        "fit": "average_SEM", 
        "value": -0.10939830948546943
    }, 
    "L2": {
        "error": 0.13633531255101228, 
        "fit": "average_SEM", 
        "value": -0.05613539349546449
    }
}