{
    "AX": {
        "error": 0.052813074629565526, 
        "fit": "average_SEM", 
        "value": -0.23173316568136215
    }, 
    "CDD": {
        "error": 1.638791089571303e-05, 
        "fit": "average_SEM", 
        "value": 1.7274374840781093e-06
    }, 
    "H1": {
        "error": 0.11538088104795227, 
        "fit": "average_SEM", 
        "value": -0.07844527986728483
    }, 
    "H2": {
        "error": 0.10503933528992393, 
        "fit": "average_SEM", 
        "value": -0.2507678046201666
    }, 
    "L1": {
        "error": 0.15145620573509092, 
        "fit": "average_SEM", 
        "value": -0.13140213618236077
    }, 
    "L2": {
        "error": 0.1582835059234155, 
        "fit": "average_SEM", 
        "value": -0.04308080595607559
    }
}