{
    "AX": {
        "error": 0.0631609384375048, 
        "fit": "average_SEM", 
        "value": -0.2446489705807633
    }, 
    "CDD": {
        "error": 0.0001998890575048906, 
        "fit": "average_SEM", 
        "value": 0.00027120769599504353
    }, 
    "H1": {
        "error": 0.10591154732741875, 
        "fit": "average_SEM", 
        "value": -0.07921110646695727
    }, 
    "H2": {
        "error": 0.1306994507497114, 
        "fit": "average_SEM", 
        "value": 0.01664140712495686
    }, 
    "L1": {
        "error": 0.14540103746435948, 
        "fit": "average_SEM", 
        "value": -0.10797905133157555
    }, 
    "L2": {
        "error": 0.12269027183702444, 
        "fit": "average_SEM", 
        "value": -0.034284221458720926
    }
}