{
    "AX": {
        "error": 0.0591228543288023, 
        "fit": "average_SEM", 
        "value": -0.19399410073334972
    }, 
    "CDD": {
        "error": 0.00017357156226064304, 
        "fit": "average_SEM", 
        "value": 0.00014380917491507716
    }, 
    "H1": {
        "error": 0.14534628839872127, 
        "fit": "average_SEM", 
        "value": -0.008839997074877223
    }, 
    "H2": {
        "error": 0.11752550446277406, 
        "fit": "average_SEM", 
        "value": -0.22608186076783265
    }, 
    "L1": {
        "error": 0.17872165779651433, 
        "fit": "average_SEM", 
        "value": -0.09969776142776633
    }, 
    "L2": {
        "error": 0.12730852777565752, 
        "fit": "average_SEM", 
        "value": -0.059091671686231466
    }
}