{
    "AX": {
        "error": 0.06042529592229831, 
        "fit": "average_SEM", 
        "value": -0.23447281445066134
    }, 
    "CDD": {
        "error": 3.899813684068955e-05, 
        "fit": "average_SEM", 
        "value": 1.0364624904468655e-05
    }, 
    "H1": {
        "error": 0.13427909427516693, 
        "fit": "average_SEM", 
        "value": -0.09975494482657976
    }, 
    "H2": {
        "error": 0.13232072726363317, 
        "fit": "average_SEM", 
        "value": -0.2472623698413372
    }, 
    "L1": {
        "error": 0.15831246608058722, 
        "fit": "average_SEM", 
        "value": -0.09359248137593063
    }, 
    "L2": {
        "error": 0.1475307035093015, 
        "fit": "average_SEM", 
        "value": -0.06116625628848043
    }
}