{
    "AX": {
        "error": 0.0560055911509573, 
        "fit": "average_SEM", 
        "value": -0.19782966387768586
    }, 
    "CDD": {
        "error": 0.00013429427167400027, 
        "fit": "average_SEM", 
        "value": 0.00011012414106517098
    }, 
    "H1": {
        "error": 0.136356478188564, 
        "fit": "average_SEM", 
        "value": -0.02578783265198581
    }, 
    "H2": {
        "error": 0.11890966950477672, 
        "fit": "average_SEM", 
        "value": -0.24503619286309306
    }, 
    "L1": {
        "error": 0.18401442810970928, 
        "fit": "average_SEM", 
        "value": -0.1490161414030202
    }, 
    "L2": {
        "error": 0.13359486742779947, 
        "fit": "average_SEM", 
        "value": -0.0255361142176298
    }
}