{
    "AX": {
        "error": 0.06141489906592815, 
        "fit": "average_SEM", 
        "value": -0.19268977579971155
    }, 
    "CDD": {
        "error": 8.799870765012667e-05, 
        "fit": "average_SEM", 
        "value": 5.830101508763619e-05
    }, 
    "H1": {
        "error": 0.12028211871086443, 
        "fit": "average_SEM", 
        "value": -0.03450643596200583
    }, 
    "H2": {
        "error": 0.11205491721078216, 
        "fit": "average_SEM", 
        "value": -0.2305878357971475
    }, 
    "L1": {
        "error": 0.17940766197502903, 
        "fit": "average_SEM", 
        "value": -0.13393144469009713
    }, 
    "L2": {
        "error": 0.14250046426020743, 
        "fit": "average_SEM", 
        "value": -0.04179143139432805
    }
}