{
    "AX": {
        "error": 0.058128897311763045, 
        "fit": "average_SEM", 
        "value": -0.19224449017395576
    }, 
    "CDD": {
        "error": 0.00013090517758622503, 
        "fit": "average_SEM", 
        "value": 0.00011141971893569765
    }, 
    "H1": {
        "error": 0.14040234493208845, 
        "fit": "average_SEM", 
        "value": -0.034841166948899625
    }, 
    "H2": {
        "error": 0.12393074254650122, 
        "fit": "average_SEM", 
        "value": -0.230528177251108
    }, 
    "L1": {
        "error": 0.19429886233857188, 
        "fit": "average_SEM", 
        "value": -0.12849493192334194
    }, 
    "L2": {
        "error": 0.15155031032772145, 
        "fit": "average_SEM", 
        "value": -0.039090669981669636
    }
}