{
    "AX": {
        "error": 0.055589217586897686, 
        "fit": "average_SEM", 
        "value": -0.23710937483443154
    }, 
    "CDD": {
        "error": 3.221868508271849e-05, 
        "fit": "average_SEM", 
        "value": 6.909749936312437e-06
    }, 
    "H1": {
        "error": 0.1275321357643154, 
        "fit": "average_SEM", 
        "value": -0.09113767416630354
    }, 
    "H2": {
        "error": 0.1220716157354097, 
        "fit": "average_SEM", 
        "value": -0.24469304417466953
    }, 
    "L1": {
        "error": 0.14202927934795645, 
        "fit": "average_SEM", 
        "value": -0.1160159709242483
    }, 
    "L2": {
        "error": 0.11299267355448725, 
        "fit": "average_SEM", 
        "value": -0.04913792877095047
    }
}