{
    "AX": {
        "error": 0.07038442428868262, 
        "fit": "average_SEM", 
        "value": -0.2419866958633065
    }, 
    "CDD": {
        "error": 0.00019475068360199605, 
        "fit": "average_SEM", 
        "value": 0.000260843070767199
    }, 
    "H1": {
        "error": 0.12478300470704928, 
        "fit": "average_SEM", 
        "value": -0.08253002550789258
    }, 
    "H2": {
        "error": 0.11072718131881551, 
        "fit": "average_SEM", 
        "value": -0.24384810395745768
    }, 
    "L1": {
        "error": 0.1501326007370309, 
        "fit": "average_SEM", 
        "value": -0.11078384164720774
    }, 
    "L2": {
        "error": 0.15341740771857237, 
        "fit": "average_SEM", 
        "value": -0.04587262824320027
    }
}