{
    "AX": {
        "error": 0.052915123256011706, 
        "fit": "average_SEM", 
        "value": -0.22871813509199354
    }, 
    "CDD": {
        "error": 1.6387910895713022e-05, 
        "fit": "average_SEM", 
        "value": 1.7274374840781093e-06
    }, 
    "H1": {
        "error": 0.11801585571283545, 
        "fit": "average_SEM", 
        "value": -0.07506136296950798
    }, 
    "H2": {
        "error": 0.13003576165248276, 
        "fit": "average_SEM", 
        "value": -0.25469236810588175
    }, 
    "L1": {
        "error": 0.12946791304001795, 
        "fit": "average_SEM", 
        "value": -0.1053226400380178
    }, 
    "L2": {
        "error": 0.13953717713176883, 
        "fit": "average_SEM", 
        "value": -0.04358262198899562
    }
}