{
    "AX": {
        "error": 0.05620371938502669, 
        "fit": "average_SEM", 
        "value": -0.23383966791960928
    }, 
    "CDD": {
        "error": 0.0001436668794257024, 
        "fit": "average_SEM", 
        "value": 0.00010364625098494193
    }, 
    "H1": {
        "error": 0.11854188430843578, 
        "fit": "average_SEM", 
        "value": -0.0719881206479234
    }, 
    "H2": {
        "error": 0.1199496112083879, 
        "fit": "average_SEM", 
        "value": 0.019507969512293735
    }, 
    "L1": {
        "error": 0.14022538503925705, 
        "fit": "average_SEM", 
        "value": -0.12309279813845124
    }, 
    "L2": {
        "error": 0.14484894642774046, 
        "fit": "average_SEM", 
        "value": -0.03487762607013186
    }
}