{
    "AX": {
        "error": 0.05155932823994793, 
        "fit": "average_SEM", 
        "value": -0.23056755943430796
    }, 
    "CDD": {
        "error": 0.00010481874005190993, 
        "fit": "average_SEM", 
        "value": 8.118956207504703e-05
    }, 
    "H1": {
        "error": 0.12769084650989387, 
        "fit": "average_SEM", 
        "value": -0.09776595418677769
    }, 
    "H2": {
        "error": 0.1380546734414798, 
        "fit": "average_SEM", 
        "value": -0.2451432694732729
    }, 
    "L1": {
        "error": 0.15285591967515244, 
        "fit": "average_SEM", 
        "value": -0.11801251733817884
    }, 
    "L2": {
        "error": 0.1510075443981316, 
        "fit": "average_SEM", 
        "value": -0.02863670904189348
    }
}