{
    "AX": {
        "error": 0.05990838629005141, 
        "fit": "average_SEM", 
        "value": -0.24156962657968203
    }, 
    "CDD": {
        "error": 0.00010653204339807366, 
        "fit": "average_SEM", 
        "value": 9.155418665613979e-05
    }, 
    "H1": {
        "error": 0.13379691342731698, 
        "fit": "average_SEM", 
        "value": -0.0768174830565436
    }, 
    "H2": {
        "error": 0.11484037050287249, 
        "fit": "average_SEM", 
        "value": -0.25238685418541235
    }, 
    "L1": {
        "error": 0.15562284649439073, 
        "fit": "average_SEM", 
        "value": -0.09988031591832017
    }, 
    "L2": {
        "error": 0.12903398321299914, 
        "fit": "average_SEM", 
        "value": -0.03783492085575643
    }
}