{
    "AX": {
        "error": 0.05542518240886324, 
        "fit": "average_SEM", 
        "value": -0.24144706593619453
    }, 
    "CDD": {
        "error": 0.00018937742771801456, 
        "fit": "average_SEM", 
        "value": 0.00019865531745987634
    }, 
    "H1": {
        "error": 0.11814606476701549, 
        "fit": "average_SEM", 
        "value": -0.07551709701203638
    }, 
    "H2": {
        "error": 0.12101062523649421, 
        "fit": "average_SEM", 
        "value": 0.013693709902387734
    }, 
    "L1": {
        "error": 0.15642870338424694, 
        "fit": "average_SEM", 
        "value": -0.11321739640229175
    }, 
    "L2": {
        "error": 0.1372859769712596, 
        "fit": "average_SEM", 
        "value": -0.03832891201083031
    }
}