{
    "AX": {
        "error": 0.06510779338236526, 
        "fit": "average_SEM", 
        "value": -0.19211207684129478
    }, 
    "CDD": {
        "error": 0.00021132510391782725, 
        "fit": "average_SEM", 
        "value": 0.0002383863812913963
    }, 
    "H1": {
        "error": 0.13512153591130183, 
        "fit": "average_SEM", 
        "value": -0.007138422937714495
    }, 
    "H2": {
        "error": 0.13695365938305842, 
        "fit": "average_SEM", 
        "value": -0.24841709991451352
    }, 
    "L1": {
        "error": 0.18657824800779393, 
        "fit": "average_SEM", 
        "value": -0.13201634851720884
    }, 
    "L2": {
        "error": 0.15349862459311767, 
        "fit": "average_SEM", 
        "value": -0.0200696947479931
    }
}