{
    "AX": {
        "error": 0.06610682288741832, 
        "fit": "average_SEM", 
        "value": -0.18981453723584613
    }, 
    "CDD": {
        "error": 0.00020038939297700175, 
        "fit": "average_SEM", 
        "value": 0.00024097753703244962
    }, 
    "H1": {
        "error": 0.1382375492147955, 
        "fit": "average_SEM", 
        "value": -0.015631465239372724
    }, 
    "H2": {
        "error": 0.1363845013925372, 
        "fit": "average_SEM", 
        "value": -0.23037024008420606
    }, 
    "L1": {
        "error": 0.1868644297300729, 
        "fit": "average_SEM", 
        "value": -0.1283566548100983
    }, 
    "L2": {
        "error": 0.14981724676529054, 
        "fit": "average_SEM", 
        "value": -0.026244685310909215
    }
}