{
    "AX": {
        "error": 0.06168696485819673, 
        "fit": "average_SEM", 
        "value": -0.18517240229994059
    }, 
    "CDD": {
        "error": 0.00021192896946475298, 
        "fit": "average_SEM", 
        "value": 0.00029150508756477694
    }, 
    "H1": {
        "error": 0.11843334083332632, 
        "fit": "average_SEM", 
        "value": -0.022263923533804093
    }, 
    "H2": {
        "error": 0.1151064177251766, 
        "fit": "average_SEM", 
        "value": -0.2277394031247847
    }, 
    "L1": {
        "error": 0.19639101626955677, 
        "fit": "average_SEM", 
        "value": -0.14614774956329105
    }, 
    "L2": {
        "error": 0.1341176308383901, 
        "fit": "average_SEM", 
        "value": -0.012686566394010394
    }
}