{
    "AX": {
        "error": 0.05789527846201767, 
        "fit": "average_SEM", 
        "value": -0.19148956507754822
    }, 
    "CDD": {
        "error": 0.00014070173182987423, 
        "fit": "average_SEM", 
        "value": 0.0001191931883416449
    }, 
    "H1": {
        "error": 0.12850579187789907, 
        "fit": "average_SEM", 
        "value": -0.03409462949299875
    }, 
    "H2": {
        "error": 0.13213582814602828, 
        "fit": "average_SEM", 
        "value": -0.23822306336078328
    }, 
    "L1": {
        "error": 0.18977927232506628, 
        "fit": "average_SEM", 
        "value": -0.1204570678062737
    }, 
    "L2": {
        "error": 0.13614141610066158, 
        "fit": "average_SEM", 
        "value": -0.007656418958989283
    }
}