{
    "AX": {
        "error": 0.05738262801658796, 
        "fit": "average_SEM", 
        "value": -0.18280704594993344
    }, 
    "CDD": {
        "error": 0.00018015588556568143, 
        "fit": "average_SEM", 
        "value": 0.00018785883075906896
    }, 
    "H1": {
        "error": 0.11318970292131296, 
        "fit": "average_SEM", 
        "value": -0.014682987367753716
    }, 
    "H2": {
        "error": 0.1200666690018843, 
        "fit": "average_SEM", 
        "value": -0.21521882443145537
    }, 
    "L1": {
        "error": 0.19833234056842056, 
        "fit": "average_SEM", 
        "value": -0.12939322459036096
    }, 
    "L2": {
        "error": 0.13100809121907844, 
        "fit": "average_SEM", 
        "value": -0.040855506160126724
    }
}