{
    "AX": {
        "error": 0.06586701832129276, 
        "fit": "average_SEM", 
        "value": -0.19413919299840926
    }, 
    "CDD": {
        "error": 0.00019651287376259044, 
        "fit": "average_SEM", 
        "value": 0.00021377039447543212
    }, 
    "H1": {
        "error": 0.1455890526128718, 
        "fit": "average_SEM", 
        "value": -0.024654711051941072
    }, 
    "H2": {
        "error": 0.12096700971184017, 
        "fit": "average_SEM", 
        "value": -0.2382313937220412
    }, 
    "L1": {
        "error": 0.1880487747548502, 
        "fit": "average_SEM", 
        "value": -0.11404258037994926
    }, 
    "L2": {
        "error": 0.14069455737944786, 
        "fit": "average_SEM", 
        "value": -0.04178552246345741
    }
}