{
    "AX": {
        "error": 0.06713103927727046, 
        "fit": "average_SEM", 
        "value": -0.19768275340708594
    }, 
    "CDD": {
        "error": 0.0001750137099422705, 
        "fit": "average_SEM", 
        "value": 0.0002487510049832053
    }, 
    "H1": {
        "error": 0.1170682069729166, 
        "fit": "average_SEM", 
        "value": -0.022965992159637003
    }, 
    "H2": {
        "error": 0.13485715722903927, 
        "fit": "average_SEM", 
        "value": -0.24141519745850626
    }, 
    "L1": {
        "error": 0.1969009424320255, 
        "fit": "average_SEM", 
        "value": -0.13914912867961296
    }, 
    "L2": {
        "error": 0.14503956442374516, 
        "fit": "average_SEM", 
        "value": -0.046963361993645474
    }
}