{
    "AX": {
        "error": 0.05956296452035442, 
        "fit": "average_SEM", 
        "value": -0.19056803742423653
    }, 
    "CDD": {
        "error": 0.00016464850584929785, 
        "fit": "average_SEM", 
        "value": 0.00016583400186694539
    }, 
    "H1": {
        "error": 0.1297545400244339, 
        "fit": "average_SEM", 
        "value": -0.025656386103946716
    }, 
    "H2": {
        "error": 0.1179028502813119, 
        "fit": "average_SEM", 
        "value": -0.22438462956730898
    }, 
    "L1": {
        "error": 0.18372135868345718, 
        "fit": "average_SEM", 
        "value": -0.13904952505642237
    }, 
    "L2": {
        "error": 0.14691641829337324, 
        "fit": "average_SEM", 
        "value": -0.014771045133238658
    }
}