{
    "AX": {
        "error": 0.06028231239786754, 
        "fit": "average_SEM", 
        "value": -0.2297378355430232
    }, 
    "CDD": {
        "error": 7.483720798903999e-05, 
        "fit": "average_SEM", 
        "value": 3.8003624649718407e-05
    }, 
    "H1": {
        "error": 0.14011711521819378, 
        "fit": "average_SEM", 
        "value": -0.091567218333431
    }, 
    "H2": {
        "error": 0.11411417519459592, 
        "fit": "average_SEM", 
        "value": -0.26491481374121373
    }, 
    "L1": {
        "error": 0.1622380531270019, 
        "fit": "average_SEM", 
        "value": -0.11183723042615586
    }, 
    "L2": {
        "error": 0.151661769694943, 
        "fit": "average_SEM", 
        "value": -0.0037061426911451337
    }
}