{
    "AX": {
        "error": 0.06222894257316951, 
        "fit": "average_SEM", 
        "value": -0.19545648253212372
    }, 
    "CDD": {
        "error": 0.0001567218081744701, 
        "fit": "average_SEM", 
        "value": 0.00015158264213823713
    }, 
    "H1": {
        "error": 0.12475753947259327, 
        "fit": "average_SEM", 
        "value": 0.08971743611618876
    }, 
    "H2": {
        "error": 0.1209177165345669, 
        "fit": "average_SEM", 
        "value": -0.2413438525904591
    }, 
    "L1": {
        "error": 0.1888028449021383, 
        "fit": "average_SEM", 
        "value": -0.12514585581375287
    }, 
    "L2": {
        "error": 0.13396904942927593, 
        "fit": "average_SEM", 
        "value": -0.03568281735836839
    }
}