{
    "AX": {
        "error": 0.06759713570159172, 
        "fit": "average_SEM", 
        "value": -0.19702240151818842
    }, 
    "CDD": {
        "error": 0.00014334749288559507, 
        "fit": "average_SEM", 
        "value": 0.00014251359413416746
    }, 
    "H1": {
        "error": 0.1234665888945785, 
        "fit": "average_SEM", 
        "value": 0.08663274596838164
    }, 
    "H2": {
        "error": 0.12669392801116527, 
        "fit": "average_SEM", 
        "value": 0.019876397448630692
    }, 
    "L1": {
        "error": 0.1968270198813662, 
        "fit": "average_SEM", 
        "value": -0.1337216921786118
    }, 
    "L2": {
        "error": 0.1645292537466059, 
        "fit": "average_SEM", 
        "value": -0.025776818594507252
    }
}