{
    "AX": {
        "error": 0.07484240177818437, 
        "fit": "average_SEM", 
        "value": -0.24197812088661724
    }, 
    "CDD": {
        "error": 0.00020571434714471056, 
        "fit": "average_SEM", 
        "value": 0.0003351228887266997
    }, 
    "H1": {
        "error": 0.13176219755343077, 
        "fit": "average_SEM", 
        "value": -0.06177226343813042
    }, 
    "H2": {
        "error": 0.11388648727859167, 
        "fit": "average_SEM", 
        "value": 0.028913753903988336
    }, 
    "L1": {
        "error": 0.1484106957155277, 
        "fit": "average_SEM", 
        "value": -0.12511933107291245
    }, 
    "L2": {
        "error": 0.1302754400594508, 
        "fit": "average_SEM", 
        "value": -0.04659645097898546
    }
}