{
    "AX": {
        "error": 0.06103498497437971, 
        "fit": "average_SEM", 
        "value": -0.24089052081108092
    }, 
    "CDD": {
        "error": 0.00015183618525000864, 
        "fit": "average_SEM", 
        "value": 0.0001381950006665041
    }, 
    "H1": {
        "error": 0.1258554698253641, 
        "fit": "average_SEM", 
        "value": -0.09111722900440024
    }, 
    "H2": {
        "error": 0.12168845905966313, 
        "fit": "average_SEM", 
        "value": 0.019832937949750988
    }, 
    "L1": {
        "error": 0.12075680082307158, 
        "fit": "average_SEM", 
        "value": -0.10502324709151355
    }, 
    "L2": {
        "error": 0.1295608315742987, 
        "fit": "average_SEM", 
        "value": -0.047347302422470726
    }
}