{
    "AX": {
        "error": 0.059030430488746746, 
        "fit": "average_SEM", 
        "value": -0.2354190313981639
    }, 
    "CDD": {
        "error": 0.00015455444628480235, 
        "fit": "average_SEM", 
        "value": 0.0001589242514455691
    }, 
    "H1": {
        "error": 0.11180926392385536, 
        "fit": "average_SEM", 
        "value": -0.08312788258925947
    }, 
    "H2": {
        "error": 0.12634792369804793, 
        "fit": "average_SEM", 
        "value": 0.018667826424643864
    }, 
    "L1": {
        "error": 0.13976929910489314, 
        "fit": "average_SEM", 
        "value": -0.11295235856927724
    }, 
    "L2": {
        "error": 0.1534514498827, 
        "fit": "average_SEM", 
        "value": -0.03249963239456217
    }
}