{
    "AX": {
        "error": 0.0637559886246302, 
        "fit": "average_SEM", 
        "value": -0.23072336812814076
    }, 
    "CDD": {
        "error": 5.2373371502394767e-05, 
        "fit": "average_SEM", 
        "value": 1.5546937356702982e-05
    }, 
    "H1": {
        "error": 0.13051291116362482, 
        "fit": "average_SEM", 
        "value": -0.08392564026742345
    }, 
    "H2": {
        "error": 0.12090876780713765, 
        "fit": "average_SEM", 
        "value": 0.009953278130463634
    }, 
    "L1": {
        "error": 0.1347978567908811, 
        "fit": "average_SEM", 
        "value": -0.12411657914959101
    }, 
    "L2": {
        "error": 0.11726975830967667, 
        "fit": "average_SEM", 
        "value": -0.06146136745293107
    }
}