{
    "AX": {
        "error": 0.06338523119052282, 
        "fit": "average_SEM", 
        "value": 0.006817028980973797
    }, 
    "CDD": {
        "error": 3.397828315556675e-05, 
        "fit": "average_SEM", 
        "value": 7.773469405947253e-06
    }, 
    "H1": {
        "error": 0.13220233123809552, 
        "fit": "average_SEM", 
        "value": -0.04904822540605285
    }, 
    "H2": {
        "error": 0.12730472801408502, 
        "fit": "average_SEM", 
        "value": -0.04033716017976177
    }, 
    "L1": {
        "error": 0.15177474601616003, 
        "fit": "average_SEM", 
        "value": -0.12494893016959799
    }, 
    "L2": {
        "error": 0.1324723533262178, 
        "fit": "average_SEM", 
        "value": -0.022083441762273046
    }
}