{
    "AX": {
        "error": 0.05626713943521995, 
        "fit": "average_SEM", 
        "value": 0.00507682660132155
    }, 
    "CDD": {
        "error": 4.7786414441421075e-05, 
        "fit": "average_SEM", 
        "value": 1.2092063520362393e-05
    }, 
    "H1": {
        "error": 0.11870982256334785, 
        "fit": "average_SEM", 
        "value": -0.03365028913055236
    }, 
    "H2": {
        "error": 0.12480858715525622, 
        "fit": "average_SEM", 
        "value": 0.22015027704183013
    }, 
    "L1": {
        "error": 0.15542036119320246, 
        "fit": "average_SEM", 
        "value": -0.15755713215201264
    }, 
    "L2": {
        "error": 0.13360972727365178, 
        "fit": "average_SEM", 
        "value": -0.013153565073702743
    }
}