{
    "AX": {
        "error": 0.059737020951934734, 
        "fit": "average_SEM", 
        "value": 0.0027622067020274697
    }, 
    "CDD": {
        "error": 4.559323249614565e-05, 
        "fit": "average_SEM", 
        "value": 1.4683219989011479e-05
    }, 
    "H1": {
        "error": 0.12570415731918932, 
        "fit": "average_SEM", 
        "value": -0.040939692199269
    }, 
    "H2": {
        "error": 0.11537215347876753, 
        "fit": "average_SEM", 
        "value": 0.24253116833925661
    }, 
    "L1": {
        "error": 0.13972071882634238, 
        "fit": "average_SEM", 
        "value": -0.1533642797970161
    }, 
    "L2": {
        "error": 0.14518389278157875, 
        "fit": "average_SEM", 
        "value": -0.021821939883334886
    }
}