{
    "AX": {
        "error": 0.05498850233553546, 
        "fit": "average_SEM", 
        "value": -0.0017733209159309304
    }, 
    "CDD": {
        "error": 4.436740587480949e-05, 
        "fit": "average_SEM", 
        "value": 1.381950116612845e-05
    }, 
    "H1": {
        "error": 0.13462259124371498, 
        "fit": "average_SEM", 
        "value": -0.040206158597074035
    }, 
    "H2": {
        "error": 0.11070977349625089, 
        "fit": "average_SEM", 
        "value": 0.22109016557224095
    }, 
    "L1": {
        "error": 0.14744201572198748, 
        "fit": "average_SEM", 
        "value": -0.1389409728270645
    }, 
    "L2": {
        "error": 0.12271577682193535, 
        "fit": "average_SEM", 
        "value": -0.0016830884237101094
    }
}