{
    "AX": {
        "error": 0.06306557393910846, 
        "fit": "average_SEM", 
        "value": 0.001624111382665837
    }, 
    "CDD": {
        "error": 5.267739461403248e-05, 
        "fit": "average_SEM", 
        "value": 1.8138095280543592e-05
    }, 
    "H1": {
        "error": 0.133878950099681, 
        "fit": "average_SEM", 
        "value": -0.02983211768166964
    }, 
    "H2": {
        "error": 0.11604903016565654, 
        "fit": "average_SEM", 
        "value": -0.031069632179828152
    }, 
    "L1": {
        "error": 0.14065983150621578, 
        "fit": "average_SEM", 
        "value": -0.1322802626217405
    }, 
    "L2": {
        "error": 0.13535764010637188, 
        "fit": "average_SEM", 
        "value": -0.0011003686141015756
    }
}