{
    "AX": {
        "error": 0.06587538046238708, 
        "fit": "average_SEM", 
        "value": -0.2352733032570945
    }, 
    "CDD": {
        "error": 4.4743935220437756e-05, 
        "fit": "average_SEM", 
        "value": 1.3819499872624875e-05
    }, 
    "H1": {
        "error": 0.12750103478748814, 
        "fit": "average_SEM", 
        "value": -0.07744001125295957
    }, 
    "H2": {
        "error": 0.1355853373097251, 
        "fit": "average_SEM", 
        "value": -0.2797270914332734
    }, 
    "L1": {
        "error": 0.1368035059708443, 
        "fit": "average_SEM", 
        "value": -0.10518139470433299
    }, 
    "L2": {
        "error": 0.2049939571818088, 
        "fit": "average_SEM", 
        "value": -0.01706379148074322
    }
}