{
    "AX": {
        "error": 0.05840086355544014, 
        "fit": "average_SEM", 
        "value": -0.21948263860411113
    }, 
    "CDD": {
        "error": 5.6984018436540084e-05, 
        "fit": "average_SEM", 
        "value": 2.418412477709353e-05
    }, 
    "H1": {
        "error": 0.10723970707439112, 
        "fit": "average_SEM", 
        "value": -0.08179057349528497
    }, 
    "H2": {
        "error": 0.13249488405880663, 
        "fit": "average_SEM", 
        "value": -0.25615363069292574
    }, 
    "L1": {
        "error": 0.14368985562636558, 
        "fit": "average_SEM", 
        "value": -0.1218885435270042
    }, 
    "L2": {
        "error": 0.12555858472218578, 
        "fit": "average_SEM", 
        "value": -0.044796098286476786
    }
}