{
    "AX": {
        "error": 0.061606156854806284, 
        "fit": "average_SEM", 
        "value": -0.003487646435678471
    }, 
    "CDD": {
        "error": 5.401935773674315e-05, 
        "fit": "average_SEM", 
        "value": 1.8138095280543592e-05
    }, 
    "H1": {
        "error": 0.1371040909144679, 
        "fit": "average_SEM", 
        "value": -0.04220349703367295
    }, 
    "H2": {
        "error": 0.12780299756054286, 
        "fit": "average_SEM", 
        "value": 0.2095629497586439
    }, 
    "L1": {
        "error": 0.1511187714639971, 
        "fit": "average_SEM", 
        "value": -0.14675568982420373
    }, 
    "L2": {
        "error": 0.13830207215091841, 
        "fit": "average_SEM", 
        "value": -0.03192303076502867
    }
}