{
    "AX": {
        "error": 0.054742573413696184, 
        "fit": "average_SEM", 
        "value": 0.007430213577592642
    }, 
    "CDD": {
        "error": 6.038099368614191e-05, 
        "fit": "average_SEM", 
        "value": 2.5911564686490845e-05
    }, 
    "H1": {
        "error": 0.1217889004310866, 
        "fit": "average_SEM", 
        "value": -0.03075883990305657
    }, 
    "H2": {
        "error": 0.12595128394114033, 
        "fit": "average_SEM", 
        "value": -0.024457762127470535
    }, 
    "L1": {
        "error": 0.17726360973784552, 
        "fit": "average_SEM", 
        "value": -0.13418290730349125
    }, 
    "L2": {
        "error": 0.1439861000279232, 
        "fit": "average_SEM", 
        "value": -0.004850007667765668
    }
}