{
    "AX": {
        "error": 0.06152612782715723, 
        "fit": "average_SEM", 
        "value": -0.23567506943622396
    }, 
    "CDD": {
        "error": 4.957400738872283e-05, 
        "fit": "average_SEM", 
        "value": 1.5546937356702982e-05
    }, 
    "H1": {
        "error": 0.12412806599836361, 
        "fit": "average_SEM", 
        "value": -0.10300923737458005
    }, 
    "H2": {
        "error": 0.1320839682956641, 
        "fit": "average_SEM", 
        "value": -0.24389879493650773
    }, 
    "L1": {
        "error": 0.144312760391688, 
        "fit": "average_SEM", 
        "value": -0.12815471931890998
    }, 
    "L2": {
        "error": 0.14866304020239843, 
        "fit": "average_SEM", 
        "value": -0.05069235967336378
    }
}