{
    "AX": {
        "error": 0.05961342985651399, 
        "fit": "average_SEM", 
        "value": -0.2399790162841479
    }, 
    "CDD": {
        "error": 4.941141048987017e-05, 
        "fit": "average_SEM", 
        "value": 1.7274374840781093e-05
    }, 
    "H1": {
        "error": 0.11681119466816257, 
        "fit": "average_SEM", 
        "value": -0.07910872488411971
    }, 
    "H2": {
        "error": 0.13165614882477533, 
        "fit": "average_SEM", 
        "value": 0.028422191904650795
    }, 
    "L1": {
        "error": 0.16614370998439001, 
        "fit": "average_SEM", 
        "value": -0.11878978210604853
    }, 
    "L2": {
        "error": 0.14202731983130276, 
        "fit": "average_SEM", 
        "value": -0.04173077589107884
    }
}