{
    "AX": {
        "error": 0.05416191831671183, 
        "fit": "average_SEM", 
        "value": -0.22423720426029628
    }, 
    "CDD": {
        "error": 3.240122866863747e-05, 
        "fit": "average_SEM", 
        "value": 6.909749936312437e-06
    }, 
    "H1": {
        "error": 0.14528192973539755, 
        "fit": "average_SEM", 
        "value": -0.10785206983176371
    }, 
    "H2": {
        "error": 0.1254741112319232, 
        "fit": "average_SEM", 
        "value": 0.003272484289482236
    }, 
    "L1": {
        "error": 0.1385188727797336, 
        "fit": "average_SEM", 
        "value": -0.1429084618601741
    }, 
    "L2": {
        "error": 0.12651392834157416, 
        "fit": "average_SEM", 
        "value": -0.0567288425233629
    }
}