{
    "AX": {
        "error": 0.04624202538894783, 
        "fit": "average_SEM", 
        "value": -0.22399887641270955
    }, 
    "CDD": {
        "error": 4.941141048987017e-05, 
        "fit": "average_SEM", 
        "value": 1.7274374840781093e-05
    }, 
    "H1": {
        "error": 0.11538386903833145, 
        "fit": "average_SEM", 
        "value": -0.08644837773301535
    }, 
    "H2": {
        "error": 0.12990680081217088, 
        "fit": "average_SEM", 
        "value": -0.23264816096052526
    }, 
    "L1": {
        "error": 0.15604397760362884, 
        "fit": "average_SEM", 
        "value": -0.1247852634328107
    }, 
    "L2": {
        "error": 0.12867419798951438, 
        "fit": "average_SEM", 
        "value": -0.05189036115383108
    }
}