{
    "AX": {
        "error": 0.05978447621992376, 
        "fit": "average_SEM", 
        "value": -0.11441511028970126
    }, 
    "CDD": {
        "error": 4.935272554181255e-05, 
        "fit": "average_SEM", 
        "value": 1.42513592436444e-05
    }, 
    "H1": {
        "error": 0.12463194462872074, 
        "fit": "average_SEM", 
        "value": -0.026474899816093966
    }, 
    "H2": {
        "error": 0.13218859564732302, 
        "fit": "average_SEM", 
        "value": -0.22991587976769853
    }, 
    "L1": {
        "error": 0.2149975035502118, 
        "fit": "average_SEM", 
        "value": -0.12947700223109374
    }, 
    "L2": {
        "error": 0.13940588457972006, 
        "fit": "average_SEM", 
        "value": -0.0052784765595182154
    }
}