{
    "AX": {
        "error": 0.061790886069088204, 
        "fit": "average_SEM", 
        "value": 0.008424672057193069
    }, 
    "CDD": {
        "error": 4.778641444142107e-05, 
        "fit": "average_SEM", 
        "value": 1.2092063520362393e-05
    }, 
    "H1": {
        "error": 0.13522129367249852, 
        "fit": "average_SEM", 
        "value": -0.04220093360895084
    }, 
    "H2": {
        "error": 0.12018066517809509, 
        "fit": "average_SEM", 
        "value": -0.06381595691103333
    }, 
    "L1": {
        "error": 0.16223126424664425, 
        "fit": "average_SEM", 
        "value": -0.15059532576803272
    }, 
    "L2": {
        "error": 0.13656644315153224, 
        "fit": "average_SEM", 
        "value": -0.015442879752825118
    }
}