{
    "AX": {
        "error": 0.055985891819407954, 
        "fit": "average_SEM", 
        "value": 0.016870649122857788
    }, 
    "CDD": {
        "error": 7.214904135888735e-05, 
        "fit": "average_SEM", 
        "value": 3.3685034092438095e-05
    }, 
    "H1": {
        "error": 0.13055320228231335, 
        "fit": "average_SEM", 
        "value": -0.03250813662307337
    }, 
    "H2": {
        "error": 0.12092313703215035, 
        "fit": "average_SEM", 
        "value": -0.04456358519059399
    }, 
    "L1": {
        "error": 0.17025850591901423, 
        "fit": "average_SEM", 
        "value": -0.1396834450104911
    }, 
    "L2": {
        "error": 0.12778418309169315, 
        "fit": "average_SEM", 
        "value": 0.01354305885421733
    }
}