{
    "AX": {
        "error": 0.061702415346633975, 
        "fit": "average_SEM", 
        "value": -0.1817243134137243
    }, 
    "CDD": {
        "error": 4.436740172202587e-05, 
        "fit": "average_SEM", 
        "value": 1.3819499872624875e-05
    }, 
    "H1": {
        "error": 0.12928102508468375, 
        "fit": "average_SEM", 
        "value": -0.062137455206700706
    }, 
    "H2": {
        "error": 0.12787523065571557, 
        "fit": "average_SEM", 
        "value": -0.26014162042799094
    }, 
    "L1": {
        "error": 0.18735980480232764, 
        "fit": "average_SEM", 
        "value": -0.15171403892131316
    }, 
    "L2": {
        "error": 0.1430725530413425, 
        "fit": "average_SEM", 
        "value": -0.07624126187106918
    }
}