{
    "AX": {
        "error": 0.056741957842271054, 
        "fit": "average_SEM", 
        "value": 0.003108780750901335
    }, 
    "CDD": {
        "error": 5.1678169286587714e-05, 
        "fit": "average_SEM", 
        "value": 1.727437645766056e-05
    }, 
    "H1": {
        "error": 0.12413853631678293, 
        "fit": "average_SEM", 
        "value": -0.03778971024569021
    }, 
    "H2": {
        "error": 0.12349804209327483, 
        "fit": "average_SEM", 
        "value": 0.22339713218453755
    }, 
    "L1": {
        "error": 0.15024851044169488, 
        "fit": "average_SEM", 
        "value": -0.140284180524759
    }, 
    "L2": {
        "error": 0.14081608486807493, 
        "fit": "average_SEM", 
        "value": 0.003713653717810909
    }
}