{
    "AX": {
        "error": 0.05678510553838323, 
        "fit": "average_SEM", 
        "value": 0.0061579431627049215
    }, 
    "CDD": {
        "error": 4.677091659477656e-05, 
        "fit": "average_SEM", 
        "value": 1.5546938811894506e-05
    }, 
    "H1": {
        "error": 0.12047720304983223, 
        "fit": "average_SEM", 
        "value": -0.03710089646952434
    }, 
    "H2": {
        "error": 0.12408573375929799, 
        "fit": "average_SEM", 
        "value": 0.24179316614754498
    }, 
    "L1": {
        "error": 0.1409189106402176, 
        "fit": "average_SEM", 
        "value": -0.12328557903723171
    }, 
    "L2": {
        "error": 0.13156938198784068, 
        "fit": "average_SEM", 
        "value": 0.006964163336993402
    }
}