{
    "AX": {
        "error": 0.05407410907320377, 
        "fit": "average_SEM", 
        "value": -0.00018347352821971677
    }, 
    "CDD": {
        "error": 4.93527301612219e-05, 
        "fit": "average_SEM", 
        "value": 1.4251360577569963e-05
    }, 
    "H1": {
        "error": 0.1256384973531999, 
        "fit": "average_SEM", 
        "value": -0.037386466597915086
    }, 
    "H2": {
        "error": 0.12370164918728706, 
        "fit": "average_SEM", 
        "value": 0.23608517955290154
    }, 
    "L1": {
        "error": 0.13593244155181589, 
        "fit": "average_SEM", 
        "value": -0.12685580694572612
    }, 
    "L2": {
        "error": 0.14425885520955142, 
        "fit": "average_SEM", 
        "value": -0.024108699894774568
    }
}