{
    "AX": {
        "error": 0.060119705212555045, 
        "fit": "average_SEM", 
        "value": 0.008087053453911924
    }, 
    "CDD": {
        "error": 4.957401202884414e-05, 
        "fit": "average_SEM", 
        "value": 1.5546938811894506e-05
    }, 
    "H1": {
        "error": 0.1128572614691686, 
        "fit": "average_SEM", 
        "value": -0.04704418113170605
    }, 
    "H2": {
        "error": 0.12952723874067618, 
        "fit": "average_SEM", 
        "value": -0.04624927412045913
    }, 
    "L1": {
        "error": 0.14536142940642552, 
        "fit": "average_SEM", 
        "value": -0.13882970003825096
    }, 
    "L2": {
        "error": 0.14495823733001437, 
        "fit": "average_SEM", 
        "value": -0.01317186942194692
    }
}