{
    "AX": {
        "error": 0.05984749488244804, 
        "fit": "average_SEM", 
        "value": 0.012972270177851897
    }, 
    "CDD": {
        "error": 5.757634898431277e-05, 
        "fit": "average_SEM", 
        "value": 1.8138095280543592e-05
    }, 
    "H1": {
        "error": 0.13255104347774196, 
        "fit": "average_SEM", 
        "value": -0.039089907634641145
    }, 
    "H2": {
        "error": 0.12795466787951776, 
        "fit": "average_SEM", 
        "value": 0.21136327346579897
    }, 
    "L1": {
        "error": 0.1451407222259697, 
        "fit": "average_SEM", 
        "value": -0.14674857042781594
    }, 
    "L2": {
        "error": 0.13641110996911687, 
        "fit": "average_SEM", 
        "value": -0.011993648959065063
    }
}