{
    "AX": {
        "error": 0.0585839917059836, 
        "fit": "average_SEM", 
        "value": 0.002086400648436716
    }, 
    "CDD": {
        "error": 6.869766310341022e-05, 
        "fit": "average_SEM", 
        "value": 2.8502721155139927e-05
    }, 
    "H1": {
        "error": 0.1257105883705381, 
        "fit": "average_SEM", 
        "value": 0.0034525980616712734
    }, 
    "H2": {
        "error": 0.11950416450432963, 
        "fit": "average_SEM", 
        "value": -0.020458678559548894
    }, 
    "L1": {
        "error": 0.1832308741256909, 
        "fit": "average_SEM", 
        "value": -0.12115227372689535
    }, 
    "L2": {
        "error": 0.13540636440589565, 
        "fit": "average_SEM", 
        "value": 0.03194364134299879
    }
}