{
    "AX": {
        "error": 0.05319866716157355, 
        "fit": "average_SEM", 
        "value": -0.19145406716399724
    }, 
    "CDD": {
        "error": 4.8957306025864296e-05, 
        "fit": "average_SEM", 
        "value": 1.295578113058582e-05
    }, 
    "H1": {
        "error": 0.11959918113415872, 
        "fit": "average_SEM", 
        "value": -0.035196008953628025
    }, 
    "H2": {
        "error": 0.12852593789330571, 
        "fit": "average_SEM", 
        "value": -0.22675567121348447
    }, 
    "L1": {
        "error": 0.18454981753590222, 
        "fit": "average_SEM", 
        "value": -0.12598511802498252
    }, 
    "L2": {
        "error": 0.1292260847426164, 
        "fit": "average_SEM", 
        "value": -0.0201478398102659
    }
}