{
    "AX": {
        "error": 0.05704602250254983, 
        "fit": "average_SEM", 
        "value": -0.2354516973098119
    }, 
    "CDD": {
        "error": 8.69977655371401e-05, 
        "fit": "average_SEM", 
        "value": 3.4548749681562185e-05
    }, 
    "H1": {
        "error": 0.12730462064795808, 
        "fit": "average_SEM", 
        "value": -0.09628521820737256
    }, 
    "H2": {
        "error": 0.11572574337743827, 
        "fit": "average_SEM", 
        "value": -0.23951950122912724
    }, 
    "L1": {
        "error": 0.15883846270364194, 
        "fit": "average_SEM", 
        "value": -0.09641831430296104
    }, 
    "L2": {
        "error": 0.12997634515610246, 
        "fit": "average_SEM", 
        "value": -0.03119691670096169
    }
}