{
    "AX": {
        "error": 0.0566466718931669, 
        "fit": "average_SEM", 
        "value": 0.0154281080031069
    }, 
    "CDD": {
        "error": 3.8943482944091324e-05, 
        "fit": "average_SEM", 
        "value": 1.0364625874596337e-05
    }, 
    "H1": {
        "error": 0.13746060738396304, 
        "fit": "average_SEM", 
        "value": -0.04521509417972993
    }, 
    "H2": {
        "error": 0.12271215367055145, 
        "fit": "average_SEM", 
        "value": 0.21809066901914775
    }, 
    "L1": {
        "error": 0.14663668803390897, 
        "fit": "average_SEM", 
        "value": -0.15298227157230335
    }, 
    "L2": {
        "error": 0.12048067231731852, 
        "fit": "average_SEM", 
        "value": -0.028972747537773104
    }
}