{
    "AX": {
        "error": 0.05663174671210747, 
        "fit": "average_SEM", 
        "value": 0.0010775435460042596
    }, 
    "CDD": {
        "error": 0.00020850366457771853, 
        "fit": "average_SEM", 
        "value": 0.00024625534967223455
    }, 
    "H1": {
        "error": 0.122107065044654, 
        "fit": "average_SEM", 
        "value": -0.0035096868853239965
    }, 
    "H2": {
        "error": 0.09391001838627853, 
        "fit": "average_SEM", 
        "value": 0.2787485630949959
    }, 
    "L1": {
        "error": 0.10956882582926629, 
        "fit": "average_SEM", 
        "value": -0.05635154015811471
    }, 
    "L2": {
        "error": 0.26411383655733905, 
        "fit": "average_SEM", 
        "value": 0.42552092125018437
    }
}