{
    "AX": {
        "error": 0.060310558627330445, 
        "fit": "average_SEM", 
        "value": -0.0004583467370442425
    }, 
    "CDD": {
        "error": 0.00020326264403564023, 
        "fit": "average_SEM", 
        "value": 0.0002717212596204869
    }, 
    "H1": {
        "error": 0.1327194165157893, 
        "fit": "average_SEM", 
        "value": -0.012986419827211649
    }, 
    "H2": {
        "error": 0.08073093235056034, 
        "fit": "average_SEM", 
        "value": 0.2732035413694878
    }, 
    "L1": {
        "error": 0.1131232921064124, 
        "fit": "average_SEM", 
        "value": -0.052477211724423496
    }, 
    "L2": {
        "error": 0.27097542587810014, 
        "fit": "average_SEM", 
        "value": 0.438433010247536
    }
}