{
    "AX": {
        "error": 0.2873887226148814, 
        "fit": "average_SEM", 
        "value": 3.5021738350391387
    }, 
    "CDD": {
        "error": 0.2701594224201251, 
        "fit": "average_SEM", 
        "value": 0.48862261007695146
    }, 
    "H1": {
        "error": 0.28036171905840246, 
        "fit": "average_SEM", 
        "value": 100.5278802871704
    }, 
    "H2": {
        "error": 0.3083148677398635, 
        "fit": "average_SEM", 
        "value": 1.5323009530703227
    }, 
    "L1": {
        "error": 0.28491440031992565, 
        "fit": "average_SEM", 
        "value": 0.44137118266274533
    }, 
    "L2": {
        "error": 0.2731494280568761, 
        "fit": "average_SEM", 
        "value": 0.534092860800835
    }
}