{
    "AX": {
        "error": 0.048873263929109824, 
        "fit": "average_SEM", 
        "value": 0.00020560478248323003
    }, 
    "CDD": {
        "error": 0.00020844484780264803, 
        "fit": "average_SEM", 
        "value": 0.00025771500938086923
    }, 
    "H1": {
        "error": 0.11632921974761753, 
        "fit": "average_SEM", 
        "value": -0.015137947417679242
    }, 
    "H2": {
        "error": 0.08950837042383293, 
        "fit": "average_SEM", 
        "value": 0.28476766930737846
    }, 
    "L1": {
        "error": 0.11824530794360849, 
        "fit": "average_SEM", 
        "value": -0.045903581775686084
    }, 
    "L2": {
        "error": 0.2649501649448317, 
        "fit": "average_SEM", 
        "value": 0.38403459758652997
    }
}