{
    "AX": {
        "error": 0.060253189650902095, 
        "fit": "average_SEM", 
        "value": 0.004897994810986953
    }, 
    "CDD": {
        "error": 0.00018937606009512533, 
        "fit": "average_SEM", 
        "value": 0.00023224909928103442
    }, 
    "H1": {
        "error": 0.12174463820613167, 
        "fit": "average_SEM", 
        "value": -0.015903356883791277
    }, 
    "H2": {
        "error": 0.09153185109683622, 
        "fit": "average_SEM", 
        "value": 0.2778736030682921
    }, 
    "L1": {
        "error": 0.12133058664546235, 
        "fit": "average_SEM", 
        "value": -0.04626130445588691
    }, 
    "L2": {
        "error": 0.2560448226292558, 
        "fit": "average_SEM", 
        "value": 0.43315421481772015
    }
}