{
    "CDD": {
        "error": 4.2607868060549156e-05, 
        "fit": "average_SEM", 
        "value": 8.63718822883028e-06
    }, 
    "H1": {
        "error": 0.11942619952716955, 
        "fit": "average_SEM", 
        "value": -0.027640752221971827
    }, 
    "H2": {
        "error": 0.12465607235702666, 
        "fit": "average_SEM", 
        "value": -0.031391356531013215
    }, 
    "L1": {
        "error": 0.17546313033628066, 
        "fit": "average_SEM", 
        "value": -0.14440250917234354
    }, 
    "L2": {
        "error": 0.13699394634581824, 
        "fit": "average_SEM", 
        "value": -0.0331148909644172
    }
}