{
    "CDD": {
        "error": 3.88890509295524e-05, 
        "fit": "average_SEM", 
        "value": 1.0364624904468655e-05
    }, 
    "H1": {
        "error": 0.10540428776845535, 
        "fit": "average_SEM", 
        "value": -0.08400582385301177
    }, 
    "H2": {
        "error": 0.12882529999389675, 
        "fit": "average_SEM", 
        "value": 0.02577580311675168
    }, 
    "L1": {
        "error": 0.14532107868199587, 
        "fit": "average_SEM", 
        "value": -0.114469044446984
    }, 
    "L2": {
        "error": 0.12417043221945068, 
        "fit": "average_SEM", 
        "value": -0.02822451344691217
    }
}