{
    "CDD": {
        "error": 5.405703272664732e-05, 
        "fit": "average_SEM", 
        "value": 2.0928571477550297e-05
    }, 
    "H1": {
        "error": 0.12930829175461697, 
        "fit": "average_SEM", 
        "value": -0.019090663430641797
    }, 
    "H2": {
        "error": 0.12737290416950153, 
        "fit": "average_SEM", 
        "value": -0.02241333759686826
    }, 
    "L1": {
        "error": 0.1980633057605957, 
        "fit": "average_SEM", 
        "value": -0.13489080310807142
    }, 
    "L2": {
        "error": 0.13431619800928804, 
        "fit": "average_SEM", 
        "value": 0.038384575385458045
    }
}