{
    "CDD": {
        "error": 5.1064843489349714e-05, 
        "fit": "average_SEM", 
        "value": 1.900181410342662e-05
    }, 
    "H1": {
        "error": 0.12847438852269505, 
        "fit": "average_SEM", 
        "value": -0.02049692978358103
    }, 
    "H2": {
        "error": 0.11846040462241371, 
        "fit": "average_SEM", 
        "value": -0.02386331350167489
    }, 
    "L1": {
        "error": 0.2028067466091514, 
        "fit": "average_SEM", 
        "value": -0.13645556277737747
    }, 
    "L2": {
        "error": 0.12970800446671774, 
        "fit": "average_SEM", 
        "value": 0.031332984711560936
    }
}