{
    "CDD": {
        "error": 3.9653152456633155e-05, 
        "fit": "average_SEM", 
        "value": 6.909749936312437e-06
    }, 
    "H1": {
        "error": 0.13166268450420815, 
        "fit": "average_SEM", 
        "value": -0.025873818636561432
    }, 
    "H2": {
        "error": 0.1347766563787809, 
        "fit": "average_SEM", 
        "value": -0.2305634203936077
    }, 
    "L1": {
        "error": 0.19226741596755953, 
        "fit": "average_SEM", 
        "value": -0.1623110769678735
    }, 
    "L2": {
        "error": 0.12948327848809982, 
        "fit": "average_SEM", 
        "value": -0.03635110191276504
    }
}