{
    "CDD": {
        "error": 2.798545227429981e-05, 
        "fit": "average_SEM", 
        "value": 5.182312452234328e-06
    }, 
    "H1": {
        "error": 0.1252835630652069, 
        "fit": "average_SEM", 
        "value": -0.09977473175644667
    }, 
    "H2": {
        "error": 0.1009090049492124, 
        "fit": "average_SEM", 
        "value": -0.2664423822114865
    }, 
    "L1": {
        "error": 0.16291275757971377, 
        "fit": "average_SEM", 
        "value": -0.1148929812039973
    }, 
    "L2": {
        "error": 0.12217312839768163, 
        "fit": "average_SEM", 
        "value": -0.04178924771032244
    }
}