{
    "CDD": {
        "error": 5.6104779650513356e-05, 
        "fit": "average_SEM", 
        "value": 1.900181410342662e-05
    }, 
    "H1": {
        "error": 0.1282088244307055, 
        "fit": "average_SEM", 
        "value": 0.00031067205580054887
    }, 
    "H2": {
        "error": 0.13077598175682284, 
        "fit": "average_SEM", 
        "value": -0.03392905185982171
    }, 
    "L1": {
        "error": 0.19861660222929564, 
        "fit": "average_SEM", 
        "value": -0.15961628033158679
    }, 
    "L2": {
        "error": 0.12356690075514944, 
        "fit": "average_SEM", 
        "value": 0.01203491700709694
    }
}