{
    "AX": {
        "error": 0.06569517578282912, 
        "fit": "average_SEM", 
        "value": -0.18823869090216855
    }, 
    "CDD": {
        "error": 1.4192347150643276e-05, 
        "fit": "average_SEM", 
        "value": 1.295578113058582e-06
    }, 
    "H1": {
        "error": 0.14431463748099616, 
        "fit": "average_SEM", 
        "value": -0.013274168298812583
    }, 
    "H2": {
        "error": 0.13518841279353871, 
        "fit": "average_SEM", 
        "value": -0.23274186167788383
    }, 
    "L1": {
        "error": 0.1966670324839803, 
        "fit": "average_SEM", 
        "value": -0.12353659969133636
    }, 
    "L2": {
        "error": 0.13024384492470575, 
        "fit": "average_SEM", 
        "value": -0.00783358945894482
    }
}