{
    "CDD": {
        "error": 3.2128565717378285e-05, 
        "fit": "average_SEM", 
        "value": 6.909750583064225e-06
    }, 
    "H1": {
        "error": 0.11633077338818873, 
        "fit": "average_SEM", 
        "value": -0.027752796343217295
    }, 
    "H2": {
        "error": 0.1212547781586133, 
        "fit": "average_SEM", 
        "value": 0.21008734325878323
    }, 
    "L1": {
        "error": 0.15230447181897752, 
        "fit": "average_SEM", 
        "value": -0.14366378087142948
    }, 
    "L2": {
        "error": 0.1398228202566846, 
        "fit": "average_SEM", 
        "value": -0.018817215241465925
    }
}