{
    "CDD": {
        "error": 7.04923977686676e-05, 
        "fit": "average_SEM", 
        "value": 3.109387762378901e-05
    }, 
    "H1": {
        "error": 0.111658733465158, 
        "fit": "average_SEM", 
        "value": -0.028764459429334643
    }, 
    "H2": {
        "error": 0.10381341730157521, 
        "fit": "average_SEM", 
        "value": -0.015230600518730677
    }, 
    "L1": {
        "error": 0.18606218844223466, 
        "fit": "average_SEM", 
        "value": -0.12697650672247013
    }, 
    "L2": {
        "error": 0.14239625740736, 
        "fit": "average_SEM", 
        "value": 0.040766007556683484
    }
}