{
    "AX": {
        "error": 0.05972643038449675, 
        "fit": "average_SEM", 
        "value": -0.18281770767644048
    }, 
    "CDD": {
        "error": 4.638243239279549e-05, 
        "fit": "average_SEM", 
        "value": 9.069046791410074e-06
    }, 
    "H1": {
        "error": 0.12485623319399308, 
        "fit": "average_SEM", 
        "value": -0.05337392019573599
    }, 
    "H2": {
        "error": 0.12036987473062266, 
        "fit": "average_SEM", 
        "value": -0.26080682054550075
    }, 
    "L1": {
        "error": 0.19211229520232165, 
        "fit": "average_SEM", 
        "value": -0.1411287108086981
    }, 
    "L2": {
        "error": 0.13235563388227634, 
        "fit": "average_SEM", 
        "value": -0.07321785316307797
    }
}