{
    "AX": {
        "error": 0.05978411784112678, 
        "fit": "average_SEM", 
        "value": 0.009133526152193856
    }, 
    "CDD": {
        "error": 3.4025838508657474e-05, 
        "fit": "average_SEM", 
        "value": 7.773469405947253e-06
    }, 
    "H1": {
        "error": 0.12175612277447205, 
        "fit": "average_SEM", 
        "value": -0.04165786769978392
    }, 
    "H2": {
        "error": 0.12577109892025046, 
        "fit": "average_SEM", 
        "value": 0.233523522131145
    }, 
    "L1": {
        "error": 0.12349967795454346, 
        "fit": "average_SEM", 
        "value": -0.12522681136227523
    }, 
    "L2": {
        "error": 0.13953115822805576, 
        "fit": "average_SEM", 
        "value": 0.006069515692070126
    }
}