{
    "CDD": {
        "error": 1.6342072025337595e-05, 
        "fit": "average_SEM", 
        "value": 1.7274376457660562e-06
    }, 
    "H1": {
        "error": 0.11719557879001327, 
        "fit": "average_SEM", 
        "value": -0.054290722688246106
    }, 
    "H2": {
        "error": 0.1308646757245747, 
        "fit": "average_SEM", 
        "value": 0.20969362764671032
    }, 
    "L1": {
        "error": 0.1342330227147894, 
        "fit": "average_SEM", 
        "value": -0.13303545063568487
    }, 
    "L2": {
        "error": 0.13188863194402045, 
        "fit": "average_SEM", 
        "value": -0.02538988988704255
    }
}