{
    "CDD": {
        "error": 4.899560338737323e-05, 
        "fit": "average_SEM", 
        "value": 1.727437645766056e-05
    }, 
    "H1": {
        "error": 0.1330517671846609, 
        "fit": "average_SEM", 
        "value": -0.045580291593796576
    }, 
    "H2": {
        "error": 0.12847692993891324, 
        "fit": "average_SEM", 
        "value": -0.022706014678664763
    }, 
    "L1": {
        "error": 0.16756388697311458, 
        "fit": "average_SEM", 
        "value": -0.14547469311510214
    }, 
    "L2": {
        "error": 0.14840134477956093, 
        "fit": "average_SEM", 
        "value": -0.019670648347689872
    }
}