{
    "AX": {
        "error": 0.067234162389682, 
        "fit": "average_SEM", 
        "value": -0.1766959242677937
    }, 
    "CDD": {
        "error": 3.119713176935617e-05, 
        "fit": "average_SEM", 
        "value": 6.47789056529291e-06
    }, 
    "H1": {
        "error": 0.12435445591274588, 
        "fit": "average_SEM", 
        "value": -0.033821399843145625
    }, 
    "H2": {
        "error": 0.13018148108931385, 
        "fit": "average_SEM", 
        "value": -0.2502479919969725
    }, 
    "L1": {
        "error": 0.19794285792449515, 
        "fit": "average_SEM", 
        "value": -0.11127971838965701
    }, 
    "L2": {
        "error": 0.1459901866767072, 
        "fit": "average_SEM", 
        "value": -0.07555338763534868
    }
}