{
    "AX": {
        "error": 0.055560174556972826, 
        "fit": "average_SEM", 
        "value": -0.1745989307617912
    }, 
    "CDD": {
        "error": 2.1454808889611503e-05, 
        "fit": "average_SEM", 
        "value": 2.9897956455198046e-06
    }, 
    "H1": {
        "error": 0.13727166951661568, 
        "fit": "average_SEM", 
        "value": -0.043485704114853155
    }, 
    "H2": {
        "error": 0.12756754016277616, 
        "fit": "average_SEM", 
        "value": -0.25629556599876824
    }, 
    "L1": {
        "error": 0.1648232784221066, 
        "fit": "average_SEM", 
        "value": -0.12234121075240321
    }, 
    "L2": {
        "error": 0.13721150033804022, 
        "fit": "average_SEM", 
        "value": -0.06298675396605037
    }
}