{
    "CDD": {
        "error": 4.4367405874809494e-05, 
        "fit": "average_SEM", 
        "value": 1.381950116612845e-05
    }, 
    "H1": {
        "error": 0.12332287060412578, 
        "fit": "average_SEM", 
        "value": -0.045478897678872775
    }, 
    "H2": {
        "error": 0.13666814787655387, 
        "fit": "average_SEM", 
        "value": -0.038982033879599635
    }, 
    "L1": {
        "error": 0.1867059972588571, 
        "fit": "average_SEM", 
        "value": -0.14723637339969475
    }, 
    "L2": {
        "error": 0.14125449317870747, 
        "fit": "average_SEM", 
        "value": 0.02013509928300563
    }
}