{
    "AX": {
        "error": 0.05310144045258778, 
        "fit": "average_SEM", 
        "value": -0.18058041681845982
    }, 
    "CDD": {
        "error": 2.8384694301286546e-05, 
        "fit": "average_SEM", 
        "value": 5.182312452234328e-06
    }, 
    "H1": {
        "error": 0.14696962412826287, 
        "fit": "average_SEM", 
        "value": -0.013500804904227455
    }, 
    "H2": {
        "error": 0.1522643951212111, 
        "fit": "average_SEM", 
        "value": 0.0011731925420463084
    }, 
    "L1": {
        "error": 0.21091208295522793, 
        "fit": "average_SEM", 
        "value": -0.16867638145728658
    }, 
    "L2": {
        "error": 0.13804605005264345, 
        "fit": "average_SEM", 
        "value": -0.055394190611938635
    }
}