{
    "CDD": {
        "error": 3.88890509295524e-05, 
        "fit": "average_SEM", 
        "value": 1.0364624904468655e-05
    }, 
    "H1": {
        "error": 0.12978178989658132, 
        "fit": "average_SEM", 
        "value": -0.10851877551289767
    }, 
    "H2": {
        "error": 0.13238753573155426, 
        "fit": "average_SEM", 
        "value": 0.004402961387919883
    }, 
    "L1": {
        "error": 0.1385732617825807, 
        "fit": "average_SEM", 
        "value": -0.13908213809805198
    }, 
    "L2": {
        "error": 0.1436418898237748, 
        "fit": "average_SEM", 
        "value": -0.07234598702181959
    }
}