{
    "CDD": {
        "error": 2.7985454893734877e-05, 
        "fit": "average_SEM", 
        "value": 5.1823129372981685e-06
    }, 
    "H1": {
        "error": 0.11607749342196602, 
        "fit": "average_SEM", 
        "value": -0.04786897398686658
    }, 
    "H2": {
        "error": 0.11294134063960241, 
        "fit": "average_SEM", 
        "value": -0.06642485127861922
    }, 
    "L1": {
        "error": 0.15365750126864117, 
        "fit": "average_SEM", 
        "value": -0.14746690729969283
    }, 
    "L2": {
        "error": 0.1504032351204171, 
        "fit": "average_SEM", 
        "value": -0.009666517810223417
    }
}