{
    "CDD": {
        "error": 3.5711372458756305e-05, 
        "fit": "average_SEM", 
        "value": 8.637187420390546e-06
    }, 
    "H1": {
        "error": 0.12073228784940684, 
        "fit": "average_SEM", 
        "value": -0.08655433651939448
    }, 
    "H2": {
        "error": 0.12339667598682152, 
        "fit": "average_SEM", 
        "value": 0.029161680198740214
    }, 
    "L1": {
        "error": 0.14002157922851335, 
        "fit": "average_SEM", 
        "value": -0.10227408850203372
    }, 
    "L2": {
        "error": 0.13559723958427183, 
        "fit": "average_SEM", 
        "value": -0.05268938661966887
    }
}