{
    "CDD": {
        "error": 3.2128565717378285e-05, 
        "fit": "average_SEM", 
        "value": 6.909750583064225e-06
    }, 
    "H1": {
        "error": 0.11643726875612066, 
        "fit": "average_SEM", 
        "value": -0.022444041726541603
    }, 
    "H2": {
        "error": 0.1183092823572665, 
        "fit": "average_SEM", 
        "value": 0.24580714053784808
    }, 
    "L1": {
        "error": 0.16618455003128674, 
        "fit": "average_SEM", 
        "value": -0.16080528249084536
    }, 
    "L2": {
        "error": 0.13761304688199053, 
        "fit": "average_SEM", 
        "value": 0.018281735306502216
    }
}