{
    "CDD": {
        "error": 2.298097287800298e-05, 
        "fit": "average_SEM", 
        "value": 3.4548749681562187e-06
    }, 
    "H1": {
        "error": 0.1069236451801126, 
        "fit": "average_SEM", 
        "value": -0.10509137139241728
    }, 
    "H2": {
        "error": 0.10929599124266978, 
        "fit": "average_SEM", 
        "value": -0.2374717500578198
    }, 
    "L1": {
        "error": 0.13885691989898657, 
        "fit": "average_SEM", 
        "value": -0.11108216521226698
    }, 
    "L2": {
        "error": 0.14618650527850166, 
        "fit": "average_SEM", 
        "value": -0.058735040570738625
    }
}