{
    "AX": {
        "error": 0.06595208431514862, 
        "fit": "average_SEM", 
        "value": 0.012052208329744947
    }, 
    "CDD": {
        "error": 4.76248021826884e-05, 
        "fit": "average_SEM", 
        "value": 1.2955782343245422e-05
    }, 
    "H1": {
        "error": 0.14367659290342238, 
        "fit": "average_SEM", 
        "value": -0.038279127268469895
    }, 
    "H2": {
        "error": 0.10570327694651452, 
        "fit": "average_SEM", 
        "value": -0.04855558426643256
    }, 
    "L1": {
        "error": 0.13812193736950656, 
        "fit": "average_SEM", 
        "value": -0.12176256616124495
    }, 
    "L2": {
        "error": 0.12826408211298512, 
        "fit": "average_SEM", 
        "value": -0.01236629910611858
    }
}