{
    "CDD": {
        "error": 4.436740587480949e-05, 
        "fit": "average_SEM", 
        "value": 1.381950116612845e-05
    }, 
    "H1": {
        "error": 0.14186931249499563, 
        "fit": "average_SEM", 
        "value": -0.051515598884887166
    }, 
    "H2": {
        "error": 0.1363206603180367, 
        "fit": "average_SEM", 
        "value": -0.07233791032922454
    }, 
    "L1": {
        "error": 0.18999688934228612, 
        "fit": "average_SEM", 
        "value": -0.15537199064597695
    }, 
    "L2": {
        "error": 0.13757532669298136, 
        "fit": "average_SEM", 
        "value": -0.03224926992681705
    }
}