{
    "CDD": {
        "error": 3.5711375801336594e-05, 
        "fit": "average_SEM", 
        "value": 8.63718822883028e-06
    }, 
    "H1": {
        "error": 0.12455822631475234, 
        "fit": "average_SEM", 
        "value": 0.0018173321201983424
    }, 
    "H2": {
        "error": 0.1330335616510733, 
        "fit": "average_SEM", 
        "value": -0.2960608327968253
    }, 
    "L1": {
        "error": 0.1433930181683063, 
        "fit": "average_SEM", 
        "value": -0.16834859262324042
    }, 
    "L2": {
        "error": 0.13355647445603683, 
        "fit": "average_SEM", 
        "value": -0.03310224039014429
    }
}