{
    "CDD": {
        "error": 3.2128565717378285e-05, 
        "fit": "average_SEM", 
        "value": 6.909750583064225e-06
    }, 
    "H1": {
        "error": 0.131505058127545, 
        "fit": "average_SEM", 
        "value": -0.02596344573992408
    }, 
    "H2": {
        "error": 0.11723588885000914, 
        "fit": "average_SEM", 
        "value": 0.2188468082394037
    }, 
    "L1": {
        "error": 0.15515118960662708, 
        "fit": "average_SEM", 
        "value": -0.13550729991143776
    }, 
    "L2": {
        "error": 0.13644427639245024, 
        "fit": "average_SEM", 
        "value": 0.010916597424592408
    }
}