{
    "CDD": {
        "error": 4.7786409968618684e-05, 
        "fit": "average_SEM", 
        "value": 1.2092062388546764e-05
    }, 
    "H1": {
        "error": 0.1247527780281372, 
        "fit": "average_SEM", 
        "value": -0.05469577482654131
    }, 
    "H2": {
        "error": 0.09902945596957781, 
        "fit": "average_SEM", 
        "value": -0.23153470100110604
    }, 
    "L1": {
        "error": 0.19089423172980421, 
        "fit": "average_SEM", 
        "value": -0.13910662250256994
    }, 
    "L2": {
        "error": 0.1495119367966548, 
        "fit": "average_SEM", 
        "value": -0.06190715531249427
    }
}