{
    "CDD": {
        "error": 0.0, 
        "fit": "average_SEM", 
        "value": 0.0
    }, 
    "H1": {
        "error": 0.13364021364124942, 
        "fit": "average_SEM", 
        "value": -0.0919820178921024
    }, 
    "H2": {
        "error": 0.12490750205260309, 
        "fit": "average_SEM", 
        "value": 0.032859758493982046
    }, 
    "L1": {
        "error": 0.13969659407447946, 
        "fit": "average_SEM", 
        "value": -0.11533210123404085
    }, 
    "L2": {
        "error": 0.1220597631495178, 
        "fit": "average_SEM", 
        "value": -0.019383604375697257
    }
}