{
    "AX": {
        "error": 0.05956904088359814, 
        "fit": "average_SEM", 
        "value": 0.0025116780170416557
    }, 
    "CDD": {
        "error": 3.4025838508657474e-05, 
        "fit": "average_SEM", 
        "value": 7.773469405947253e-06
    }, 
    "H1": {
        "error": 0.12459864188712294, 
        "fit": "average_SEM", 
        "value": -0.04310891232210755
    }, 
    "H2": {
        "error": 0.12264499387641115, 
        "fit": "average_SEM", 
        "value": 0.2325718073019137
    }, 
    "L1": {
        "error": 0.1497047029124418, 
        "fit": "average_SEM", 
        "value": -0.12665783270883063
    }, 
    "L2": {
        "error": 0.11973024061060887, 
        "fit": "average_SEM", 
        "value": -0.0007529335353562298
    }
}