{
    "AX": {
        "error": 0.04665755097331134, 
        "fit": "average_SEM", 
        "value": -0.18313283622264862
    }, 
    "CDD": {
        "error": 3.659055414416811e-05, 
        "fit": "average_SEM", 
        "value": 9.069046791410074e-06
    }, 
    "H1": {
        "error": 0.1245653042873369, 
        "fit": "average_SEM", 
        "value": -0.041561071269097735
    }, 
    "H2": {
        "error": 0.12417513148969646, 
        "fit": "average_SEM", 
        "value": -0.22625371704343705
    }, 
    "L1": {
        "error": 0.1763965680273071, 
        "fit": "average_SEM", 
        "value": -0.12242561578702103
    }, 
    "L2": {
        "error": 0.14590412637783376, 
        "fit": "average_SEM", 
        "value": -0.04595812080078758
    }
}