{
    "CDD": {
        "error": 3.8889054569563034e-05, 
        "fit": "average_SEM", 
        "value": 1.0364625874596337e-05
    }, 
    "H1": {
        "error": 0.12683790346538384, 
        "fit": "average_SEM", 
        "value": -0.05231123390064264
    }, 
    "H2": {
        "error": 0.12518585371296, 
        "fit": "average_SEM", 
        "value": -0.052244222472007905
    }, 
    "L1": {
        "error": 0.16380354277563378, 
        "fit": "average_SEM", 
        "value": -0.14655104564088914
    }, 
    "L2": {
        "error": 0.1493316161523186, 
        "fit": "average_SEM", 
        "value": -0.00830884354234311
    }
}