{
    "CDD": {
        "error": 3.2128565717378285e-05, 
        "fit": "average_SEM", 
        "value": 6.909750583064225e-06
    }, 
    "H1": {
        "error": 0.1263105890687705, 
        "fit": "average_SEM", 
        "value": -0.007162388240815037
    }, 
    "H2": {
        "error": 0.10915324961070103, 
        "fit": "average_SEM", 
        "value": -0.019574879121824373
    }, 
    "L1": {
        "error": 0.167013098277087, 
        "fit": "average_SEM", 
        "value": -0.17367191946961813
    }, 
    "L2": {
        "error": 0.1353451116196588, 
        "fit": "average_SEM", 
        "value": 0.0021698149335053233
    }
}