{
    "CDD": {
        "error": 2.2980972878002985e-05, 
        "fit": "average_SEM", 
        "value": 3.4548749681562187e-06
    }, 
    "H1": {
        "error": 0.11609999323358475, 
        "fit": "average_SEM", 
        "value": -0.07930434079219897
    }, 
    "H2": {
        "error": 0.1284419847592288, 
        "fit": "average_SEM", 
        "value": -0.2407949583656672
    }, 
    "L1": {
        "error": 0.13704324743760662, 
        "fit": "average_SEM", 
        "value": -0.11029962726558248
    }, 
    "L2": {
        "error": 0.13530965876165693, 
        "fit": "average_SEM", 
        "value": -0.047513409831380055
    }
}