{
    "CDD": {
        "error": 5.008587388776355e-05, 
        "fit": "average_SEM", 
        "value": 1.381950116612845e-05
    }, 
    "H1": {
        "error": 0.12101600531055098, 
        "fit": "average_SEM", 
        "value": -0.02502662624594652
    }, 
    "H2": {
        "error": 0.11378989942562145, 
        "fit": "average_SEM", 
        "value": 0.2250424828690787
    }, 
    "L1": {
        "error": 0.13487942712648676, 
        "fit": "average_SEM", 
        "value": -0.13594912986154667
    }, 
    "L2": {
        "error": 0.1215765320111082, 
        "fit": "average_SEM", 
        "value": 0.00718169287364516
    }
}