{
    "CDD": {
        "error": 3.5711375801336594e-05, 
        "fit": "average_SEM", 
        "value": 8.63718822883028e-06
    }, 
    "H1": {
        "error": 0.12266874639322801, 
        "fit": "average_SEM", 
        "value": -0.02328893969275264
    }, 
    "H2": {
        "error": 0.12470430389343556, 
        "fit": "average_SEM", 
        "value": 0.22850899010793202
    }, 
    "L1": {
        "error": 0.15804064237783255, 
        "fit": "average_SEM", 
        "value": -0.11480248567693505
    }, 
    "L2": {
        "error": 0.1266205075471728, 
        "fit": "average_SEM", 
        "value": 0.0098597078014993
    }
}