{
    "CDD": {
        "error": 3.2128565717378285e-05, 
        "fit": "average_SEM", 
        "value": 6.909750583064225e-06
    }, 
    "H1": {
        "error": 0.11275038968164247, 
        "fit": "average_SEM", 
        "value": -0.05637608626461264
    }, 
    "H2": {
        "error": 0.11429679980714455, 
        "fit": "average_SEM", 
        "value": -0.06680207171593792
    }, 
    "L1": {
        "error": 0.15718093405706224, 
        "fit": "average_SEM", 
        "value": -0.15013831043357237
    }, 
    "L2": {
        "error": 0.14681113898505635, 
        "fit": "average_SEM", 
        "value": -0.009531656554382708
    }
}