{
    "CDD": {
        "error": 3.5711375801336594e-05, 
        "fit": "average_SEM", 
        "value": 8.63718822883028e-06
    }, 
    "H1": {
        "error": 0.13697534593520055, 
        "fit": "average_SEM", 
        "value": -0.03964687075058464
    }, 
    "H2": {
        "error": 0.11578283612815102, 
        "fit": "average_SEM", 
        "value": 0.2443144063361817
    }, 
    "L1": {
        "error": 0.13931796373498487, 
        "fit": "average_SEM", 
        "value": -0.11581730402799116
    }, 
    "L2": {
        "error": 0.13479343188394896, 
        "fit": "average_SEM", 
        "value": 0.027428189067480464
    }
}