{
    "AX": {
        "error": 0.05844987737377319, 
        "fit": "average_SEM", 
        "value": -0.19368261576940615
    }, 
    "CDD": {
        "error": 3.659055414416811e-05, 
        "fit": "average_SEM", 
        "value": 9.069046791410074e-06
    }, 
    "H1": {
        "error": 0.11237362674026881, 
        "fit": "average_SEM", 
        "value": -0.019282810556372473
    }, 
    "H2": {
        "error": 0.14138445948304604, 
        "fit": "average_SEM", 
        "value": -0.22391258905020853
    }, 
    "L1": {
        "error": 0.19703890459691276, 
        "fit": "average_SEM", 
        "value": -0.12402109144798791
    }, 
    "L2": {
        "error": 0.11426904534684511, 
        "fit": "average_SEM", 
        "value": -0.03690157926612301
    }
}