{
    "CDD": {
        "error": 4.1754201538604246e-05, 
        "fit": "average_SEM", 
        "value": 1.2092063520362393e-05
    }, 
    "H1": {
        "error": 0.13438216369464406, 
        "fit": "average_SEM", 
        "value": -0.05311356819131308
    }, 
    "H2": {
        "error": 0.11855387060637086, 
        "fit": "average_SEM", 
        "value": 0.21981921332577864
    }, 
    "L1": {
        "error": 0.17265016704120223, 
        "fit": "average_SEM", 
        "value": -0.13832798693717147
    }, 
    "L2": {
        "error": 0.12519876109606637, 
        "fit": "average_SEM", 
        "value": 0.015862549170075606
    }
}