{
    "CDD": {
        "error": 2.7985454893734874e-05, 
        "fit": "average_SEM", 
        "value": 5.1823129372981685e-06
    }, 
    "H1": {
        "error": 0.11732318146404443, 
        "fit": "average_SEM", 
        "value": 0.017248081744441555
    }, 
    "H2": {
        "error": 0.128384981003554, 
        "fit": "average_SEM", 
        "value": -0.2901565931323502
    }, 
    "L1": {
        "error": 0.14697753897974555, 
        "fit": "average_SEM", 
        "value": -0.15114191292992069
    }, 
    "L2": {
        "error": 0.1384574964275137, 
        "fit": "average_SEM", 
        "value": -0.019226301268726174
    }
}