{
    "CDD": {
        "error": 3.5711372458756305e-05, 
        "fit": "average_SEM", 
        "value": 8.637187420390546e-06
    }, 
    "H1": {
        "error": 0.1398057811329775, 
        "fit": "average_SEM", 
        "value": -0.09698747495810191
    }, 
    "H2": {
        "error": 0.11687390805089796, 
        "fit": "average_SEM", 
        "value": -0.2537615197710693
    }, 
    "L1": {
        "error": 0.15178760037749645, 
        "fit": "average_SEM", 
        "value": -0.10735435839419047
    }, 
    "L2": {
        "error": 0.13576126145127465, 
        "fit": "average_SEM", 
        "value": -0.031833358563785115
    }
}