{
    "CDD": {
        "error": 4.436740587480949e-05, 
        "fit": "average_SEM", 
        "value": 1.381950116612845e-05
    }, 
    "H1": {
        "error": 0.12979212416017624, 
        "fit": "average_SEM", 
        "value": -0.032289481877038874
    }, 
    "H2": {
        "error": 0.12133846212467836, 
        "fit": "average_SEM", 
        "value": 0.2296019275025982
    }, 
    "L1": {
        "error": 0.14518259567692873, 
        "fit": "average_SEM", 
        "value": -0.1423146194804253
    }, 
    "L2": {
        "error": 0.11616557943483763, 
        "fit": "average_SEM", 
        "value": -0.0022800688916403385
    }
}