{
    "AX": {
        "error": 0.05916429696877094, 
        "fit": "average_SEM", 
        "value": -0.1836539052116374
    }, 
    "CDD": {
        "error": 5.765692634082938e-05, 
        "fit": "average_SEM", 
        "value": 1.8138093582820148e-05
    }, 
    "H1": {
        "error": 0.12249958128020694, 
        "fit": "average_SEM", 
        "value": -0.024600377565366215
    }, 
    "H2": {
        "error": 0.12317316133445137, 
        "fit": "average_SEM", 
        "value": -0.23097723641743262
    }, 
    "L1": {
        "error": 0.183285540490896, 
        "fit": "average_SEM", 
        "value": -0.13021417565566176
    }, 
    "L2": {
        "error": 0.13802956288194979, 
        "fit": "average_SEM", 
        "value": -0.03143508435847859
    }
}