{
    "CDD": {
        "error": 3.2128565717378285e-05, 
        "fit": "average_SEM", 
        "value": 6.909750583064225e-06
    }, 
    "H1": {
        "error": 0.1470685975708426, 
        "fit": "average_SEM", 
        "value": -0.007195062984505461
    }, 
    "H2": {
        "error": 0.12709304070715266, 
        "fit": "average_SEM", 
        "value": -0.021012017941231736
    }, 
    "L1": {
        "error": 0.15420051467960097, 
        "fit": "average_SEM", 
        "value": -0.1767920664847932
    }, 
    "L2": {
        "error": 0.14056611541707828, 
        "fit": "average_SEM", 
        "value": -0.03364145120786917
    }
}