{
    "AX": {
        "error": 0.059006239144384486, 
        "fit": "average_SEM", 
        "value": -0.011199692208578603
    }, 
    "CDD": {
        "error": 3.5711375801336594e-05, 
        "fit": "average_SEM", 
        "value": 8.63718822883028e-06
    }, 
    "H1": {
        "error": 0.12160032485341996, 
        "fit": "average_SEM", 
        "value": 0.014947128122568959
    }, 
    "H2": {
        "error": 0.12048902984353266, 
        "fit": "average_SEM", 
        "value": -0.28491074679833317
    }, 
    "L1": {
        "error": 0.13963387439276803, 
        "fit": "average_SEM", 
        "value": -0.164994380193659
    }, 
    "L2": {
        "error": 0.14587464598146394, 
        "fit": "average_SEM", 
        "value": -0.010342318866363106
    }
}