{
    "AX": {
        "error": 0.06373327484094118, 
        "fit": "average_SEM", 
        "value": -0.01682168401516214
    }, 
    "CDD": {
        "error": 2.562041426883296e-05, 
        "fit": "average_SEM", 
        "value": 4.31859411441514e-06
    }, 
    "H1": {
        "error": 0.1338462086905436, 
        "fit": "average_SEM", 
        "value": -0.003303313607789783
    }, 
    "H2": {
        "error": 0.11087645717421674, 
        "fit": "average_SEM", 
        "value": -0.018028444306886136
    }, 
    "L1": {
        "error": 0.16311946922051584, 
        "fit": "average_SEM", 
        "value": -0.1772020054450776
    }, 
    "L2": {
        "error": 0.14170763682902188, 
        "fit": "average_SEM", 
        "value": -0.0044416495459801
    }
}