{
    "AX": {
        "error": 0.054652695595066546, 
        "fit": "average_SEM", 
        "value": 0.004196538511556961
    }, 
    "CDD": {
        "error": 2.802462279938752e-05, 
        "fit": "average_SEM", 
        "value": 5.1823129372981685e-06
    }, 
    "H1": {
        "error": 0.13803147364091012, 
        "fit": "average_SEM", 
        "value": -0.02975650916438705
    }, 
    "H2": {
        "error": 0.12120545682108913, 
        "fit": "average_SEM", 
        "value": 0.23425165445466214
    }, 
    "L1": {
        "error": 0.13341438848959583, 
        "fit": "average_SEM", 
        "value": -0.1152402658908007
    }, 
    "L2": {
        "error": 0.1390347691001464, 
        "fit": "average_SEM", 
        "value": -0.022347540967166422
    }
}