{
    "AX": {
        "error": 0.06378641065334509, 
        "fit": "average_SEM", 
        "value": -0.22578737123144998
    }, 
    "CDD": {
        "error": 5.344661223426784e-05, 
        "fit": "average_SEM", 
        "value": 2.072924980893731e-05
    }, 
    "H1": {
        "error": 0.10209277706276944, 
        "fit": "average_SEM", 
        "value": -0.096018003175656
    }, 
    "H2": {
        "error": 0.12274343669114508, 
        "fit": "average_SEM", 
        "value": -0.0024216499127861528
    }, 
    "L1": {
        "error": 0.13256480101687176, 
        "fit": "average_SEM", 
        "value": -0.11628264299490386
    }, 
    "L2": {
        "error": 0.12279982530258167, 
        "fit": "average_SEM", 
        "value": -0.032086670341798004
    }
}