{
    "AX": {
        "error": 0.060649908612880186, 
        "fit": "average_SEM", 
        "value": -0.19885695508370796
    }, 
    "CDD": {
        "error": 4.221874300788504e-05, 
        "fit": "average_SEM", 
        "value": 1.0364624904468655e-05
    }, 
    "H1": {
        "error": 0.1248821795781118, 
        "fit": "average_SEM", 
        "value": -0.033820799876088534
    }, 
    "H2": {
        "error": 0.12306570261018071, 
        "fit": "average_SEM", 
        "value": -0.2310242204254286
    }, 
    "L1": {
        "error": 0.1902243531849526, 
        "fit": "average_SEM", 
        "value": -0.1104456222590266
    }, 
    "L2": {
        "error": 0.13143209521371108, 
        "fit": "average_SEM", 
        "value": -0.024719261578462062
    }
}