{
    "AX": {
        "error": 0.05177394259526387, 
        "fit": "average_SEM", 
        "value": -0.22447403719027836
    }, 
    "CDD": {
        "error": 4.941141048987017e-05, 
        "fit": "average_SEM", 
        "value": 1.7274374840781093e-05
    }, 
    "H1": {
        "error": 0.15706173923234173, 
        "fit": "average_SEM", 
        "value": -0.09509453936868037
    }, 
    "H2": {
        "error": 0.13501793284082986, 
        "fit": "average_SEM", 
        "value": -0.27704349792458943
    }, 
    "L1": {
        "error": 0.14477148799761516, 
        "fit": "average_SEM", 
        "value": -0.09337508828482693
    }, 
    "L2": {
        "error": 0.10682933949707274, 
        "fit": "average_SEM", 
        "value": -0.06503716744094466
    }
}