{
    "AX": {
        "error": 0.05799308503791036, 
        "fit": "average_SEM", 
        "value": -0.20384029630157682
    }, 
    "CDD": {
        "error": 0.0, 
        "fit": "average_SEM", 
        "value": 0.0
    }, 
    "H1": {
        "error": 0.10818027860981658, 
        "fit": "average_SEM", 
        "value": -0.01963612120339854
    }, 
    "H2": {
        "error": 0.09943217321650231, 
        "fit": "average_SEM", 
        "value": 0.05248589088829855
    }, 
    "L1": {
        "error": 0.19955113221868817, 
        "fit": "average_SEM", 
        "value": -0.1488540245530506
    }, 
    "L2": {
        "error": 0.12918272578097023, 
        "fit": "average_SEM", 
        "value": -0.044139254468286204
    }
}