{
    "AX": {
        "error": 0.05760259662461343, 
        "fit": "average_SEM", 
        "value": -0.18169334729512532
    }, 
    "CDD": {
        "error": 2.2980972878002988e-05, 
        "fit": "average_SEM", 
        "value": 3.4548749681562187e-06
    }, 
    "H1": {
        "error": 0.14332096997278626, 
        "fit": "average_SEM", 
        "value": -0.035706568915500406
    }, 
    "H2": {
        "error": 0.1229703690461348, 
        "fit": "average_SEM", 
        "value": -0.24588228181108004
    }, 
    "L1": {
        "error": 0.17272668112941564, 
        "fit": "average_SEM", 
        "value": -0.12441850262952761
    }, 
    "L2": {
        "error": 0.13837860281215877, 
        "fit": "average_SEM", 
        "value": -0.058070082430883
    }
}