{
    "AX": {
        "error": 0.06088475518612095, 
        "fit": "average_SEM", 
        "value": 0.010835286959869942
    }, 
    "CDD": {
        "error": 0.00013844609884006655, 
        "fit": "average_SEM", 
        "value": 0.00012178435487536869
    }, 
    "H1": {
        "error": 0.12398697391437508, 
        "fit": "average_SEM", 
        "value": -0.017764785856707023
    }, 
    "H2": {
        "error": 0.13187396129625054, 
        "fit": "average_SEM", 
        "value": -0.05547013315808726
    }, 
    "L1": {
        "error": 0.18790426361950296, 
        "fit": "average_SEM", 
        "value": -0.1358312101995883
    }, 
    "L2": {
        "error": 0.15430104310225345, 
        "fit": "average_SEM", 
        "value": -0.0051336625727344655
    }
}