{
    "AX": {
        "error": 0.05897395598610452, 
        "fit": "average_SEM", 
        "value": 0.004287266133542289
    }, 
    "CDD": {
        "error": 0.00011542390051890866, 
        "fit": "average_SEM", 
        "value": 8.680374206354221e-05
    }, 
    "H1": {
        "error": 0.13126983560397482, 
        "fit": "average_SEM", 
        "value": -0.0363252402788324
    }, 
    "H2": {
        "error": 0.1271978282802352, 
        "fit": "average_SEM", 
        "value": 0.22968057654021928
    }, 
    "L1": {
        "error": 0.152313018792545, 
        "fit": "average_SEM", 
        "value": -0.16128212469238862
    }, 
    "L2": {
        "error": 0.131257174548271, 
        "fit": "average_SEM", 
        "value": 0.005756668618414551
    }
}