{
    "AX": {
        "error": 0.04953835405022439, 
        "fit": "average_SEM", 
        "value": -0.19213063914018372
    }, 
    "CDD": {
        "error": 0.00011507876021606707, 
        "fit": "average_SEM", 
        "value": 0.00010882856222451664
    }, 
    "H1": {
        "error": 0.12116455259300267, 
        "fit": "average_SEM", 
        "value": -0.014183230392518453
    }, 
    "H2": {
        "error": 0.11883305336290417, 
        "fit": "average_SEM", 
        "value": -0.24303663985144036
    }, 
    "L1": {
        "error": 0.17097002697292552, 
        "fit": "average_SEM", 
        "value": -0.13671056659465344
    }, 
    "L2": {
        "error": 0.13390442914711956, 
        "fit": "average_SEM", 
        "value": -0.04841612316279983
    }
}