{
    "AX": {
        "error": 0.054232629714442544, 
        "fit": "average_SEM", 
        "value": -0.011715985626869952
    }, 
    "CDD": {
        "error": 0.00013162728624647852, 
        "fit": "average_SEM", 
        "value": 0.00010105510264111218
    }, 
    "H1": {
        "error": 0.13167958718966294, 
        "fit": "average_SEM", 
        "value": 0.027024946835687538
    }, 
    "H2": {
        "error": 0.12897236372952894, 
        "fit": "average_SEM", 
        "value": -0.28354127016306546
    }, 
    "L1": {
        "error": 0.1536359480440953, 
        "fit": "average_SEM", 
        "value": -0.15391376011054186
    }, 
    "L2": {
        "error": 0.1508104055568463, 
        "fit": "average_SEM", 
        "value": -0.008506867063745933
    }
}