{
    "AX": {
        "error": 0.05762838706774764, 
        "fit": "average_SEM", 
        "value": 0.007536606295737632
    }, 
    "CDD": {
        "error": 0.00015001164357319154, 
        "fit": "average_SEM", 
        "value": 0.00011012415125151165
    }, 
    "H1": {
        "error": 0.12503037714832074, 
        "fit": "average_SEM", 
        "value": -0.018217556446749463
    }, 
    "H2": {
        "error": 0.11020116219692032, 
        "fit": "average_SEM", 
        "value": -0.05860054452568875
    }, 
    "L1": {
        "error": 0.18908523903418448, 
        "fit": "average_SEM", 
        "value": -0.15545462105753055
    }, 
    "L2": {
        "error": 0.11989153386531376, 
        "fit": "average_SEM", 
        "value": 0.00028392461924037584
    }
}