{
    "AX": {
        "error": 0.06564075516460148, 
        "fit": "average_SEM", 
        "value": -0.24143439332644145
    }, 
    "CDD": {
        "error": 0.00010554979852666592, 
        "fit": "average_SEM", 
        "value": 8.809931168798357e-05
    }, 
    "H1": {
        "error": 0.17175067123279206, 
        "fit": "average_SEM", 
        "value": -0.07857483567980429
    }, 
    "H2": {
        "error": 0.1249765803380292, 
        "fit": "average_SEM", 
        "value": 0.013785069839408
    }, 
    "L1": {
        "error": 0.15644033558442613, 
        "fit": "average_SEM", 
        "value": -0.1466726746604157
    }, 
    "L2": {
        "error": 0.18329063537243082, 
        "fit": "average_SEM", 
        "value": -0.0747181832169493
    }
}