{
    "AX": {
        "error": 0.05530960776841438, 
        "fit": "average_SEM", 
        "value": 0.005748657984319531
    }, 
    "CDD": {
        "error": 0.00012863566220542948, 
        "fit": "average_SEM", 
        "value": 0.00011401088510562355
    }, 
    "H1": {
        "error": 0.11357686840293058, 
        "fit": "average_SEM", 
        "value": -0.008333339759459098
    }, 
    "H2": {
        "error": 0.136562524339065, 
        "fit": "average_SEM", 
        "value": -0.035808394150808456
    }, 
    "L1": {
        "error": 0.15571504024638616, 
        "fit": "average_SEM", 
        "value": -0.14058043213784308
    }, 
    "L2": {
        "error": 0.13659473636277156, 
        "fit": "average_SEM", 
        "value": 0.011909735656809061
    }
}