{
    "AX": {
        "error": 0.05990186343619716, 
        "fit": "average_SEM", 
        "value": 0.0001993230773223331
    }, 
    "CDD": {
        "error": 0.0001430815820105868, 
        "fit": "average_SEM", 
        "value": 0.00011012415088771377
    }, 
    "H1": {
        "error": 0.1178378588813351, 
        "fit": "average_SEM", 
        "value": -0.031401893459648514
    }, 
    "H2": {
        "error": 0.12378654589957663, 
        "fit": "average_SEM", 
        "value": 0.21669826661236585
    }, 
    "L1": {
        "error": 0.13751463673760975, 
        "fit": "average_SEM", 
        "value": -0.11099438140712058
    }, 
    "L2": {
        "error": 0.14938815735586997, 
        "fit": "average_SEM", 
        "value": -0.008245905331568793
    }
}