{
    "AX": {
        "error": 0.053861830378672246, 
        "fit": "average_SEM", 
        "value": 0.011141151572852928
    }, 
    "CDD": {
        "error": 0.00011934599470378213, 
        "fit": "average_SEM", 
        "value": 9.716836781687258e-05
    }, 
    "H1": {
        "error": 0.1187732235698931, 
        "fit": "average_SEM", 
        "value": -0.0365944090813476
    }, 
    "H2": {
        "error": 0.12778111022404692, 
        "fit": "average_SEM", 
        "value": 0.21209941745425265
    }, 
    "L1": {
        "error": 0.14590420136389784, 
        "fit": "average_SEM", 
        "value": -0.14840848937443904
    }, 
    "L2": {
        "error": 0.13550778381351086, 
        "fit": "average_SEM", 
        "value": -0.03259204155450182
    }
}