{
    "AX": {
        "error": 0.06500997436441841, 
        "fit": "average_SEM", 
        "value": -0.11781307898005859
    }, 
    "CDD": {
        "error": 0.00013338370532165367, 
        "fit": "average_SEM", 
        "value": 0.00010753298483905383
    }, 
    "H1": {
        "error": 0.13237220013979265, 
        "fit": "average_SEM", 
        "value": -0.025016412934443604
    }, 
    "H2": {
        "error": 0.135891569249773, 
        "fit": "average_SEM", 
        "value": -0.22695705779042327
    }, 
    "L1": {
        "error": 0.21489944083824128, 
        "fit": "average_SEM", 
        "value": -0.14608872328923705
    }, 
    "L2": {
        "error": 0.14139450652691532, 
        "fit": "average_SEM", 
        "value": -0.025349440303398297
    }
}