{
    "AX": {
        "error": 0.05571048352903053, 
        "fit": "average_SEM", 
        "value": -0.24270072778065999
    }, 
    "CDD": {
        "error": 0.00010607492514384269, 
        "fit": "average_SEM", 
        "value": 7.773468678351492e-05
    }, 
    "H1": {
        "error": 0.15048118289281387, 
        "fit": "average_SEM", 
        "value": -0.09533323502788942
    }, 
    "H2": {
        "error": 0.143805531904653, 
        "fit": "average_SEM", 
        "value": -0.2047519232224052
    }, 
    "L1": {
        "error": 0.16107779193005634, 
        "fit": "average_SEM", 
        "value": -0.11761198335637649
    }, 
    "L2": {
        "error": 0.11010535753651404, 
        "fit": "average_SEM", 
        "value": -0.041830376939227185
    }
}