{
    "AX": {
        "error": 0.05703165295885099, 
        "fit": "average_SEM", 
        "value": -0.23039067735274632
    }, 
    "CDD": {
        "error": 0.00011106486867132868, 
        "fit": "average_SEM", 
        "value": 0.00012437549885362386
    }, 
    "H1": {
        "error": 0.09596623542173821, 
        "fit": "average_SEM", 
        "value": -0.08240425925080976
    }, 
    "H2": {
        "error": 0.12167454649066857, 
        "fit": "average_SEM", 
        "value": 0.06630756457646687
    }, 
    "L1": {
        "error": 0.14866976129596543, 
        "fit": "average_SEM", 
        "value": -0.10793716882665952
    }, 
    "L2": {
        "error": 0.16367715664356886, 
        "fit": "average_SEM", 
        "value": -0.04880603558073441
    }
}