{
    "AX": {
        "error": 0.05651649630694933, 
        "fit": "average_SEM", 
        "value": -0.22917156393329302
    }, 
    "CDD": {
        "error": 0.00011655734650619517, 
        "fit": "average_SEM", 
        "value": 0.00010882856149692088
    }, 
    "H1": {
        "error": 0.1317829111173923, 
        "fit": "average_SEM", 
        "value": -0.040064162900671364
    }, 
    "H2": {
        "error": 0.12175553053956364, 
        "fit": "average_SEM", 
        "value": 0.0474238449241966
    }, 
    "L1": {
        "error": 0.15235914151540234, 
        "fit": "average_SEM", 
        "value": -0.11866220178393026
    }, 
    "L2": {
        "error": 0.11088039781647747, 
        "fit": "average_SEM", 
        "value": -0.011282232714196046
    }
}