{
    "AX": {
        "error": 0.05709214529879732, 
        "fit": "average_SEM", 
        "value": 0.0015127090026605097
    }, 
    "CDD": {
        "error": 0.0001366742298518534, 
        "fit": "average_SEM", 
        "value": 0.00012696666744886896
    }, 
    "H1": {
        "error": 0.13167775163038742, 
        "fit": "average_SEM", 
        "value": -0.04452167871089235
    }, 
    "H2": {
        "error": 0.12690980403351187, 
        "fit": "average_SEM", 
        "value": -0.054956385070302836
    }, 
    "L1": {
        "error": 0.14931725604501858, 
        "fit": "average_SEM", 
        "value": -0.1676652194815688
    }, 
    "L2": {
        "error": 0.12897759931580305, 
        "fit": "average_SEM", 
        "value": -0.042019467658246865
    }
}