{
    "AX": {
        "error": 0.059104345755673075, 
        "fit": "average_SEM", 
        "value": -0.24314476574460667
    }, 
    "CDD": {
        "error": 0.00013135028840163522, 
        "fit": "average_SEM", 
        "value": 0.00013992243718045452
    }, 
    "H1": {
        "error": 0.12365219025960059, 
        "fit": "average_SEM", 
        "value": -0.04954280366655439
    }, 
    "H2": {
        "error": 0.11445165778795847, 
        "fit": "average_SEM", 
        "value": 0.01047101221823444
    }, 
    "L1": {
        "error": 0.12799219012324262, 
        "fit": "average_SEM", 
        "value": -0.0924387372409304
    }, 
    "L2": {
        "error": 0.1264748386286863, 
        "fit": "average_SEM", 
        "value": -0.0274572216013136
    }
}