{
    "AX": {
        "error": 0.059448019835320824, 
        "fit": "average_SEM", 
        "value": 0.004237131418782762
    }, 
    "CDD": {
        "error": 0.00014355988735331778, 
        "fit": "average_SEM", 
        "value": 0.00011919319804292172
    }, 
    "H1": {
        "error": 0.1212114627845334, 
        "fit": "average_SEM", 
        "value": 0.005703639445467464
    }, 
    "H2": {
        "error": 0.12576730012193496, 
        "fit": "average_SEM", 
        "value": -0.026659794469984868
    }, 
    "L1": {
        "error": 0.16700009101414195, 
        "fit": "average_SEM", 
        "value": -0.10936664733599173
    }, 
    "L2": {
        "error": 0.11929937235894214, 
        "fit": "average_SEM", 
        "value": 0.04724528342000364
    }
}