{
    "AX": {
        "error": 0.0548307204464246, 
        "fit": "average_SEM", 
        "value": 0.004931039493203571
    }, 
    "CDD": {
        "error": 0.00013328850588975233, 
        "fit": "average_SEM", 
        "value": 0.00011919319792165576
    }, 
    "H1": {
        "error": 0.1274804093093339, 
        "fit": "average_SEM", 
        "value": -0.03620275007269811
    }, 
    "H2": {
        "error": 0.12499698792382524, 
        "fit": "average_SEM", 
        "value": 0.21484980586295327
    }, 
    "L1": {
        "error": 0.13847560748685467, 
        "fit": "average_SEM", 
        "value": -0.12931218825494095
    }, 
    "L2": {
        "error": 0.14043531590719743, 
        "fit": "average_SEM", 
        "value": 0.009048908320740642
    }
}