{
    "AX": {
        "error": 0.058919504995144346, 
        "fit": "average_SEM", 
        "value": -0.11823312355748689
    }, 
    "CDD": {
        "error": 0.00015844041876608562, 
        "fit": "average_SEM", 
        "value": 0.0001386268607651194
    }, 
    "H1": {
        "error": 0.12531813991951513, 
        "fit": "average_SEM", 
        "value": -0.04389557866573644
    }, 
    "H2": {
        "error": 0.12413760634892955, 
        "fit": "average_SEM", 
        "value": -0.22044669049791993
    }, 
    "L1": {
        "error": 0.1917883511104077, 
        "fit": "average_SEM", 
        "value": -0.1389988950570114
    }, 
    "L2": {
        "error": 0.13496259107063666, 
        "fit": "average_SEM", 
        "value": -0.012543889770677196
    }
}