{
    "AX": {
        "error": 0.0629098022746539, 
        "fit": "average_SEM", 
        "value": 0.0001735646472904288
    }, 
    "CDD": {
        "error": 0.00014762886312245663, 
        "fit": "average_SEM", 
        "value": 0.00013214898074996503
    }, 
    "H1": {
        "error": 0.13672977165106817, 
        "fit": "average_SEM", 
        "value": -0.034564346168675306
    }, 
    "H2": {
        "error": 0.11743978513481007, 
        "fit": "average_SEM", 
        "value": 0.21962283627168896
    }, 
    "L1": {
        "error": 0.15011822180354645, 
        "fit": "average_SEM", 
        "value": -0.13635647085417682
    }, 
    "L2": {
        "error": 0.12700146681710425, 
        "fit": "average_SEM", 
        "value": 0.011286000512579145
    }
}