{
    "AX": {
        "error": 0.0458160650354591, 
        "fit": "average_SEM", 
        "value": -0.25537926505009334
    }, 
    "CDD": {
        "error": 0.00011056344458150452, 
        "fit": "average_SEM", 
        "value": 0.00010364624904468656
    }, 
    "H1": {
        "error": 0.1554555430064225, 
        "fit": "average_SEM", 
        "value": -0.08545942249086996
    }, 
    "H2": {
        "error": 0.11397781707146723, 
        "fit": "average_SEM", 
        "value": -0.0053097768997152645
    }, 
    "L1": {
        "error": 0.16380370946318962, 
        "fit": "average_SEM", 
        "value": -0.10151723350087802
    }, 
    "L2": {
        "error": 0.12146550080905545, 
        "fit": "average_SEM", 
        "value": -0.03995017449681958
    }
}