{
    "AX": {
        "error": 0.05863879042929585, 
        "fit": "average_SEM", 
        "value": -0.011213395544958378
    }, 
    "CDD": {
        "error": 0.00012978190751807963, 
        "fit": "average_SEM", 
        "value": 0.00012048877627724626
    }, 
    "H1": {
        "error": 0.12227495685164255, 
        "fit": "average_SEM", 
        "value": 0.006926044398278463
    }, 
    "H2": {
        "error": 0.12245572978665493, 
        "fit": "average_SEM", 
        "value": -0.3229434908212473
    }, 
    "L1": {
        "error": 0.15600599789880631, 
        "fit": "average_SEM", 
        "value": -0.16774547550594435
    }, 
    "L2": {
        "error": 0.1356935850708796, 
        "fit": "average_SEM", 
        "value": -0.016016231663040042
    }
}