{
    "AX": {
        "error": 0.05603664236561205, 
        "fit": "average_SEM", 
        "value": 0.008722815211028016
    }, 
    "CDD": {
        "error": 0.00013548011045324217, 
        "fit": "average_SEM", 
        "value": 0.00012178435426903888
    }, 
    "H1": {
        "error": 0.1187811076899471, 
        "fit": "average_SEM", 
        "value": -0.020289477354769284
    }, 
    "H2": {
        "error": 0.1256796255020217, 
        "fit": "average_SEM", 
        "value": 0.22472110086431105
    }, 
    "L1": {
        "error": 0.17633039127217096, 
        "fit": "average_SEM", 
        "value": -0.12538087381690274
    }, 
    "L2": {
        "error": 0.14793034045888415, 
        "fit": "average_SEM", 
        "value": 0.01707094416099911
    }
}