{
    "AX": {
        "error": 0.059644396554433064, 
        "fit": "average_SEM", 
        "value": 0.01659368430093764
    }, 
    "CDD": {
        "error": 0.00021201823831526394, 
        "fit": "average_SEM", 
        "value": 0.0002742678515157119
    }, 
    "H1": {
        "error": 0.13051508859724062, 
        "fit": "average_SEM", 
        "value": -0.02907068858621642
    }, 
    "H2": {
        "error": 0.0882343476647272, 
        "fit": "average_SEM", 
        "value": 0.27599790319800377
    }, 
    "L1": {
        "error": 0.10102941274099489, 
        "fit": "average_SEM", 
        "value": -0.04405536059007318
    }, 
    "L2": {
        "error": 0.26447263744808647, 
        "fit": "average_SEM", 
        "value": 0.4042015960750481
    }
}