{
    "AX": {
        "error": 0.060665749951481295, 
        "fit": "average_SEM", 
        "value": 0.010526672421838157
    }, 
    "CDD": {
        "error": 0.00019808105054489885, 
        "fit": "average_SEM", 
        "value": 0.0002793610328808427
    }, 
    "H1": {
        "error": 0.11568098763244328, 
        "fit": "average_SEM", 
        "value": -0.023369309359501735
    }, 
    "H2": {
        "error": 0.08322600492364744, 
        "fit": "average_SEM", 
        "value": 0.27401357823982836
    }, 
    "L1": {
        "error": 0.12157561245690321, 
        "fit": "average_SEM", 
        "value": -0.0466723095839067
    }, 
    "L2": {
        "error": 0.25634481086235483, 
        "fit": "average_SEM", 
        "value": 0.41841443941618006
    }
}