{
    "Ar36": {
        "error": 0.0061067136756876687, 
        "fit": "parabolic", 
        "value": 0.25903833276749866
    }, 
    "Ar37": {
        "error": 0.13534629042467955, 
        "fit": "linear", 
        "value": 0.02019655743394299
    }, 
    "Ar38": {
        "error": 0.15073318755074955, 
        "fit": "linear", 
        "value": -0.12034758592084854
    }, 
    "Ar39": {
        "error": 0.060441734772491304, 
        "fit": "parabolic", 
        "value": 0.018702728006903917
    }, 
    "Ar40": {
        "error": 0.16405304540018112, 
        "fit": "parabolic", 
        "value": 79.510645812700176
    }, 
    "Ar41": {
        "error": 0.12707404229294217, 
        "fit": "average_SEM", 
        "value": 0.2335590121280014
    }
}