{
    "Ar36": {
        "error": 0.0059607051416297619, 
        "fit": "parabolic", 
        "value": 0.25898518765974732
    }, 
    "Ar37": {
        "error": 0.13149057759271113, 
        "fit": "linear", 
        "value": 0.0076139513247403404
    }, 
    "Ar38": {
        "error": 0.14664417573408955, 
        "fit": "linear", 
        "value": -0.13025070184844922
    }, 
    "Ar39": {
        "error": 0.061908175092722631, 
        "fit": "parabolic", 
        "value": 0.0046272636079159653
    }, 
    "Ar40": {
        "error": 0.16388828071450462, 
        "fit": "parabolic", 
        "value": 79.427372753584706
    }, 
    "Ar41": {
        "error": 0.12123790511934469, 
        "fit": "average_SEM", 
        "value": -0.28943516075455894
    }
}