{
    "Ar36": {
        "error": 0.00629283144654765, 
        "fit": "parabolic", 
        "value": 0.25948441198641781
    }, 
    "Ar37": {
        "error": 0.13855972380278, 
        "fit": "linear", 
        "value": -0.024050494220760894
    }, 
    "Ar38": {
        "error": 0.1545618807718569, 
        "fit": "linear", 
        "value": -0.10387936607762947
    }, 
    "Ar39": {
        "error": 0.057797943679710063, 
        "fit": "parabolic", 
        "value": 0.042435084303989373
    }, 
    "Ar40": {
        "error": 0.16367212468240611, 
        "fit": "parabolic", 
        "value": 79.602577962308743
    }, 
    "Ar41": {
        "error": 0.1257155089824431, 
        "fit": "average_SEM", 
        "value": -0.052193289289134553
    }
}