{
    "Ar36": {
        "error": 0.0062289087684407694, 
        "fit": "parabolic", 
        "value": 0.26405156667226143
    }, 
    "Ar37": {
        "error": 0.13123230345884745, 
        "fit": "linear", 
        "value": -0.027024457277462877
    }, 
    "Ar38": {
        "error": 0.17716094287149933, 
        "fit": "linear", 
        "value": -0.087269731694884181
    }, 
    "Ar39": {
        "error": 0.059791744828486974, 
        "fit": "parabolic", 
        "value": -0.16220532575903557
    }, 
    "Ar40": {
        "error": 0.17268144125333951, 
        "fit": "parabolic", 
        "value": 80.945895804569034
    }, 
    "Ar41": {
        "error": 0.13068321699863589, 
        "fit": "average_SEM", 
        "value": -0.24152203216923226
    }
}