{
    "Ar36": {
        "error": 0.0065899089524512284, 
        "fit": "parabolic", 
        "value": 0.26529186126361476
    }, 
    "Ar37": {
        "error": 0.13588431695363568, 
        "fit": "linear", 
        "value": -0.00193440454517157
    }, 
    "Ar38": {
        "error": 0.22156588185139592, 
        "fit": "linear", 
        "value": -0.076434998297458118
    }, 
    "Ar39": {
        "error": 0.055968813395967175, 
        "fit": "parabolic", 
        "value": -0.10636087154137303
    }, 
    "Ar40": {
        "error": 0.17555372417173168, 
        "fit": "parabolic", 
        "value": 80.965261833762867
    }, 
    "Ar41": {
        "error": 0.11976664864714572, 
        "fit": "average_SEM", 
        "value": -0.22399706973257708
    }
}