{
    "Ar36": {
        "error": 0.0062197968566741384, 
        "fit": "parabolic", 
        "value": 0.25842352157344206
    }, 
    "Ar37": {
        "error": 0.14622616596088112, 
        "fit": "linear", 
        "value": -0.0039048124271861924
    }, 
    "Ar38": {
        "error": 0.142272516363428, 
        "fit": "linear", 
        "value": -0.094889847046159437
    }, 
    "Ar39": {
        "error": 0.061244291557718079, 
        "fit": "parabolic", 
        "value": 0.015680358196014835
    }, 
    "Ar40": {
        "error": 0.15702799981668294, 
        "fit": "parabolic", 
        "value": 79.567901271837897
    }, 
    "Ar41": {
        "error": 0.12073999474052936, 
        "fit": "average_SEM", 
        "value": -0.031548475008263875
    }
}