{
    "Ar36": {
        "error": 0.0079523659803308836, 
        "fit": "parabolic", 
        "value": 0.2572540660267304
    }, 
    "Ar37": {
        "error": 0.15477685416900355, 
        "fit": "linear", 
        "value": -0.016231802289629151
    }, 
    "Ar38": {
        "error": 0.14666719245312018, 
        "fit": "linear", 
        "value": -0.073663865502548401
    }, 
    "Ar39": {
        "error": 0.065303715326478246, 
        "fit": "parabolic", 
        "value": -0.22238555976564026
    }, 
    "Ar40": {
        "error": 0.22835038169587124, 
        "fit": "parabolic", 
        "value": 79.993568123007748
    }, 
    "Ar41": {
        "error": 0.11897121827579875, 
        "fit": "average_SEM", 
        "value": 0.035568988248188466
    }
}