{
    "Ar36": {
        "error": 0.0063654350395063878, 
        "fit": "parabolic", 
        "value": 0.26487392105681767
    }, 
    "Ar37": {
        "error": 0.13462720248521004, 
        "fit": "linear", 
        "value": -0.019036931466804068
    }, 
    "Ar38": {
        "error": 0.21064045438026083, 
        "fit": "linear", 
        "value": -0.096440840038604897
    }, 
    "Ar39": {
        "error": 0.058831517556025323, 
        "fit": "parabolic", 
        "value": -0.096425318553009259
    }, 
    "Ar40": {
        "error": 0.16066917156753549, 
        "fit": "parabolic", 
        "value": 81.02601318993564
    }, 
    "Ar41": {
        "error": 0.1163667389609567, 
        "fit": "average_SEM", 
        "value": -0.2260274005588144
    }
}