{
    "Ar36": {
        "error": 0.0059675768487591763, 
        "fit": "parabolic", 
        "value": 0.25988134714430927
    }, 
    "Ar37": {
        "error": 0.13473304737551442, 
        "fit": "linear", 
        "value": 0.010253584150995747
    }, 
    "Ar38": {
        "error": 0.13583421310568797, 
        "fit": "linear", 
        "value": -0.084382811988688827
    }, 
    "Ar39": {
        "error": 0.059199011792066616, 
        "fit": "parabolic", 
        "value": 0.023361417762159296
    }, 
    "Ar40": {
        "error": 0.166520799986378, 
        "fit": "parabolic", 
        "value": 79.618036436506628
    }, 
    "Ar41": {
        "error": 0.11896837881200353, 
        "fit": "average_SEM", 
        "value": -0.041298059173180565
    }
}