{
    "Ar36": {
        "error": 0.0062766302596908722, 
        "fit": "parabolic", 
        "value": 0.25969624031759164
    }, 
    "Ar37": {
        "error": 0.13399760138611178, 
        "fit": "linear", 
        "value": 0.019420141763111111
    }, 
    "Ar38": {
        "error": 0.1405894100914078, 
        "fit": "linear", 
        "value": -0.10348744938996188
    }, 
    "Ar39": {
        "error": 0.060125795643952096, 
        "fit": "parabolic", 
        "value": 0.026751295380031383
    }, 
    "Ar40": {
        "error": 0.15816018881821695, 
        "fit": "parabolic", 
        "value": 79.574579732751232
    }, 
    "Ar41": {
        "error": 0.12057158166274891, 
        "fit": "average_SEM", 
        "value": 0.23601722030124317
    }
}