{
    "Ar36": {
        "error": 0.0059275125521027171, 
        "fit": "parabolic", 
        "value": 0.25754721917474388
    }, 
    "Ar37": {
        "error": 0.14444815201791575, 
        "fit": "linear", 
        "value": -0.0081703883149070837
    }, 
    "Ar38": {
        "error": 0.14544449029437703, 
        "fit": "linear", 
        "value": -0.12233056376877273
    }, 
    "Ar39": {
        "error": 0.063436396813078166, 
        "fit": "parabolic", 
        "value": 0.021752126890838289
    }, 
    "Ar40": {
        "error": 0.1709349396990599, 
        "fit": "parabolic", 
        "value": 79.386434246682853
    }, 
    "Ar41": {
        "error": 0.12556799581170491, 
        "fit": "average_SEM", 
        "value": -0.28165683591738344
    }
}