{
    "Ar36": {
        "error": 0.0062239709854307636, 
        "fit": "parabolic", 
        "value": 0.26439248500759571
    }, 
    "Ar37": {
        "error": 0.13638594032246923, 
        "fit": "linear", 
        "value": -0.05906125908235757
    }, 
    "Ar38": {
        "error": 0.16774357088658054, 
        "fit": "linear", 
        "value": -0.10816455525224632
    }, 
    "Ar39": {
        "error": 0.060272921914571079, 
        "fit": "parabolic", 
        "value": -0.14450392333180412
    }, 
    "Ar40": {
        "error": 0.165064324488778, 
        "fit": "parabolic", 
        "value": 80.891338951510861
    }, 
    "Ar41": {
        "error": 0.11239603217179649, 
        "fit": "average_SEM", 
        "value": -0.24805330512919074
    }
}