{
    "Ar36": {
        "error": 0.006116368107536024, 
        "fit": "parabolic", 
        "value": 0.26504935893976533
    }, 
    "Ar37": {
        "error": 0.14106254001752297, 
        "fit": "linear", 
        "value": -0.006138248307735723
    }, 
    "Ar38": {
        "error": 0.20797922578353789, 
        "fit": "linear", 
        "value": -0.061383602417112951
    }, 
    "Ar39": {
        "error": 0.059333443852438598, 
        "fit": "parabolic", 
        "value": -0.096493343903226156
    }, 
    "Ar40": {
        "error": 0.1718163154221771, 
        "fit": "parabolic", 
        "value": 80.996895877028123
    }, 
    "Ar41": {
        "error": 0.12363439590610791, 
        "fit": "average_SEM", 
        "value": -0.22297993844287703
    }
}