{
    "Ar36": {
        "error": 0.0060256275744117165, 
        "fit": "parabolic", 
        "value": 0.26230239088975627
    }, 
    "Ar37": {
        "error": 0.13608417167485226, 
        "fit": "linear", 
        "value": -0.022442726109492678
    }, 
    "Ar38": {
        "error": 0.14187469803718139, 
        "fit": "linear", 
        "value": -0.10235704736754353
    }, 
    "Ar39": {
        "error": 0.05982353911171194, 
        "fit": "parabolic", 
        "value": -0.19877827513960328
    }, 
    "Ar40": {
        "error": 0.17668507536001091, 
        "fit": "parabolic", 
        "value": 80.131545384228588
    }, 
    "Ar41": {
        "error": 0.12175305212057705, 
        "fit": "average_SEM", 
        "value": -0.23795544178651956
    }
}