{
    "Ar36": {
        "error": 0.0060524851867575433, 
        "fit": "parabolic", 
        "value": 0.25848308608552817
    }, 
    "Ar37": {
        "error": 0.13918815252251646, 
        "fit": "linear", 
        "value": -0.025340995395273624
    }, 
    "Ar38": {
        "error": 0.14306300937486355, 
        "fit": "linear", 
        "value": -0.083715652443185101
    }, 
    "Ar39": {
        "error": 0.061906850629482972, 
        "fit": "parabolic", 
        "value": 0.016766956786559001
    }, 
    "Ar40": {
        "error": 0.1598573835692475, 
        "fit": "parabolic", 
        "value": 79.282461720812364
    }, 
    "Ar41": {
        "error": 0.1134265288013228, 
        "fit": "average_SEM", 
        "value": 0.22770720917498694
    }
}