{
    "Ar36": {
        "error": 0.0058670673411203968, 
        "fit": "parabolic", 
        "value": 0.2588190283672569
    }, 
    "Ar37": {
        "error": 0.14112143499344829, 
        "fit": "linear", 
        "value": -0.0099380415509337725
    }, 
    "Ar38": {
        "error": 0.1423528541014277, 
        "fit": "linear", 
        "value": -0.11440497253399125
    }, 
    "Ar39": {
        "error": 0.065580531617057625, 
        "fit": "parabolic", 
        "value": 0.021358397989887392
    }, 
    "Ar40": {
        "error": 0.15559730796542312, 
        "fit": "parabolic", 
        "value": 79.534236547972
    }, 
    "Ar41": {
        "error": 0.11977356906479004, 
        "fit": "average_SEM", 
        "value": 0.22208328551282952
    }
}