{
    "Ar36": {
        "error": 0.0060516052012258587, 
        "fit": "parabolic", 
        "value": 0.26097822797854781
    }, 
    "Ar37": {
        "error": 0.14321296997028399, 
        "fit": "linear", 
        "value": 0.016910327123834629
    }, 
    "Ar38": {
        "error": 0.17896564610098409, 
        "fit": "linear", 
        "value": -0.10806353687215195
    }, 
    "Ar39": {
        "error": 0.059475439839766199, 
        "fit": "parabolic", 
        "value": 0.039900555040823571
    }, 
    "Ar40": {
        "error": 0.17472545987521318, 
        "fit": "parabolic", 
        "value": 79.863861876321266
    }, 
    "Ar41": {
        "error": 0.12313302086187819, 
        "fit": "average_SEM", 
        "value": -0.028493568735235991
    }
}