{
    "Ar36": {
        "error": 0.0059246958223372302, 
        "fit": "parabolic", 
        "value": 0.25979518306879357
    }, 
    "Ar37": {
        "error": 0.1451463429287336, 
        "fit": "linear", 
        "value": 0.050702072915122187
    }, 
    "Ar38": {
        "error": 0.17810333507452372, 
        "fit": "linear", 
        "value": -0.098973387554502884
    }, 
    "Ar39": {
        "error": 0.060727734976303863, 
        "fit": "parabolic", 
        "value": 0.029324748525600141
    }, 
    "Ar40": {
        "error": 0.16713995795860262, 
        "fit": "parabolic", 
        "value": 79.706513603880637
    }, 
    "Ar41": {
        "error": 0.11979135676635767, 
        "fit": "average_SEM", 
        "value": -0.013466614438378504
    }
}