{
    "Ar36": {
        "error": 0.0062004362887439542, 
        "fit": "parabolic", 
        "value": 0.25886781073632087
    }, 
    "Ar37": {
        "error": 0.13374199674389228, 
        "fit": "linear", 
        "value": 0.012206876776453459
    }, 
    "Ar38": {
        "error": 0.15304059902540695, 
        "fit": "linear", 
        "value": -0.13142087227711571
    }, 
    "Ar39": {
        "error": 0.059313841412572905, 
        "fit": "parabolic", 
        "value": 0.017114411616778541
    }, 
    "Ar40": {
        "error": 0.16874728137296199, 
        "fit": "parabolic", 
        "value": 79.334685571766329
    }, 
    "Ar41": {
        "error": 0.18287123034714808, 
        "fit": "average_SEM", 
        "value": -0.17018364927600488
    }
}