{
    "Ar36": {
        "error": 0.005995576201389287, 
        "fit": "parabolic", 
        "value": 0.25928865754265273
    }, 
    "Ar37": {
        "error": 0.13088866489374615, 
        "fit": "linear", 
        "value": 0.029138232022469374
    }, 
    "Ar38": {
        "error": 0.15235349141845214, 
        "fit": "linear", 
        "value": -0.10096569395387001
    }, 
    "Ar39": {
        "error": 0.057184597861106294, 
        "fit": "parabolic", 
        "value": 0.02721787651237962
    }, 
    "Ar40": {
        "error": 0.16285162963194491, 
        "fit": "parabolic", 
        "value": 79.583624612886638
    }, 
    "Ar41": {
        "error": 0.12004165975925878, 
        "fit": "average_SEM", 
        "value": 0.24203677345697847
    }
}