{
    "Ar36": {
        "error": 0.0063061819252295936, 
        "fit": "parabolic", 
        "value": 0.25864012074655252
    }, 
    "Ar37": {
        "error": 0.13480063020042735, 
        "fit": "linear", 
        "value": 0.018668898992938089
    }, 
    "Ar38": {
        "error": 0.14398804497087633, 
        "fit": "linear", 
        "value": -0.084432808323800984
    }, 
    "Ar39": {
        "error": 0.060191567277531874, 
        "fit": "parabolic", 
        "value": 0.030806145477765987
    }, 
    "Ar40": {
        "error": 0.16539779685762049, 
        "fit": "parabolic", 
        "value": 79.63635112188544
    }, 
    "Ar41": {
        "error": 0.12627163248118312, 
        "fit": "average_SEM", 
        "value": 0.23634360751777422
    }
}