{
    "Ar36": {
        "error": 0.007774879807216209, 
        "fit": "parabolic", 
        "value": 0.26593462341466967
    }, 
    "Ar37": {
        "error": 0.1609808973501429, 
        "fit": "linear", 
        "value": 0.051092404999664942
    }, 
    "Ar38": {
        "error": 0.1865349964702438, 
        "fit": "linear", 
        "value": -0.042595193497194726
    }, 
    "Ar39": {
        "error": 0.065609990590931241, 
        "fit": "parabolic", 
        "value": -0.24161350010996707
    }, 
    "Ar40": {
        "error": 0.21317264489740106, 
        "fit": "parabolic", 
        "value": 79.858823472331352
    }, 
    "Ar41": {
        "error": 0.12491892022550925, 
        "fit": "average_SEM", 
        "value": 0.0554261972547802
    }
}