{
    "Ar36": {
        "error": 0.0061046897921791937, 
        "fit": "parabolic", 
        "value": 0.26285439958290174
    }, 
    "Ar37": {
        "error": 0.14403863517388985, 
        "fit": "linear", 
        "value": -0.0061706607321475263
    }, 
    "Ar38": {
        "error": 0.18359505328535103, 
        "fit": "linear", 
        "value": -0.083643543465088399
    }, 
    "Ar39": {
        "error": 0.063536807305666312, 
        "fit": "parabolic", 
        "value": -0.15385128823789315
    }, 
    "Ar40": {
        "error": 0.16923115203733963, 
        "fit": "parabolic", 
        "value": 80.880908399780395
    }, 
    "Ar41": {
        "error": 0.12801487579332671, 
        "fit": "average_SEM", 
        "value": -0.23528110022520801
    }
}