{
    "Ar36": {
        "error": 0.0069927280129042551, 
        "fit": "parabolic", 
        "value": 0.26144267951143019
    }, 
    "Ar37": {
        "error": 0.10985498565007408, 
        "fit": "linear", 
        "value": 0.020530976716502378
    }, 
    "Ar38": {
        "error": 0.15134975810329948, 
        "fit": "linear", 
        "value": -0.063838309520074299
    }, 
    "Ar39": {
        "error": 0.068583173832926406, 
        "fit": "parabolic", 
        "value": -0.16734993477935903
    }, 
    "Ar40": {
        "error": 0.19926799899547351, 
        "fit": "parabolic", 
        "value": 80.350640442831363
    }, 
    "Ar41": {
        "error": 0.1350684264996824, 
        "fit": "average_SEM", 
        "value": 0.013964691389076135
    }
}