{
    "Ar36": {
        "error": 0.025890843856568882, 
        "fit": "parabolic", 
        "value": 4.5824572951731941
    }, 
    "Ar37": {
        "error": 0.24970373209408214, 
        "fit": "linear", 
        "value": 0.43595192943618044
    }, 
    "Ar38": {
        "error": 0.11902771822828348, 
        "fit": "linear", 
        "value": 0.8440543252013093
    }, 
    "Ar39": {
        "error": 0.059570292831580128, 
        "fit": "parabolic", 
        "value": 0.036221960990878432
    }, 
    "Ar40": {
        "error": 0.41851368005030548, 
        "fit": "parabolic", 
        "value": 1390.5154869125224
    }, 
    "Ar41": {
        "error": 0.087456416015701907, 
        "fit": "average_SEM", 
        "value": 0.2950178226130083
    }
}