{
    "Ar36": {
        "error": 0.29036714527538915, 
        "fit": "parabolic", 
        "value": 0.42614851125138176
    }, 
    "Ar37": {
        "error": 0.28770944177424029, 
        "fit": "linear", 
        "value": 0.48939349707243951
    }, 
    "Ar38": {
        "error": 0.28905048314682819, 
        "fit": "linear", 
        "value": 0.4791564922199204
    }, 
    "Ar39": {
        "error": 0.2893460144274399, 
        "fit": "parabolic", 
        "value": 3.4780434500226827
    }, 
    "Ar40": {
        "error": 0.28455303268047777, 
        "fit": "parabolic", 
        "value": 100.50478609385269
    }, 
    "Ar41": {
        "error": 0.28284601387406272, 
        "fit": "average_SEM", 
        "value": 1.4926370713114738
    }
}