{
    "Ar36": {
        "error": 0.025222909826486565, 
        "fit": "parabolic", 
        "value": 4.5786858442948617
    }, 
    "Ar37": {
        "error": 0.25296590715529488, 
        "fit": "linear", 
        "value": 0.39542656628824291
    }, 
    "Ar38": {
        "error": 0.12029222804524416, 
        "fit": "linear", 
        "value": 0.81912014389084531
    }, 
    "Ar39": {
        "error": 0.058539343405476119, 
        "fit": "parabolic", 
        "value": 0.020071909790063968
    }, 
    "Ar40": {
        "error": 0.423372626272907, 
        "fit": "parabolic", 
        "value": 1388.5809616941488
    }, 
    "Ar41": {
        "error": 0.087447964934506989, 
        "fit": "average_SEM", 
        "value": 0.29563276274129746
    }
}