{
    "AX": {
        "error": 0.0612051994986416, 
        "fit": "average_SEM", 
        "value": -0.24487765729427338
    }, 
    "CDD": {
        "error": 0.00016517215962123566, 
        "fit": "average_SEM", 
        "value": 0.00016756143951271143
    }, 
    "H1": {
        "error": 0.12380215733601427, 
        "fit": "average_SEM", 
        "value": -0.08328138245269656
    }, 
    "H2": {
        "error": 0.12096191826749822, 
        "fit": "average_SEM", 
        "value": 0.02016633464825443
    }, 
    "L1": {
        "error": 0.1561415486023031, 
        "fit": "average_SEM", 
        "value": -0.12254191191039152
    }, 
    "L2": {
        "error": 0.13939971325191075, 
        "fit": "average_SEM", 
        "value": -0.024999304029269195
    }
}