{
    "AX": {
        "error": 0.06377674335758084, 
        "fit": "average_SEM", 
        "value": -0.23536029135187467
    }, 
    "CDD": {
        "error": 0.00016651859675472384, 
        "fit": "average_SEM", 
        "value": 0.00019174556525993264
    }, 
    "H1": {
        "error": 0.12183585505874203, 
        "fit": "average_SEM", 
        "value": -0.08699645656096335
    }, 
    "H2": {
        "error": 0.11891836131716661, 
        "fit": "average_SEM", 
        "value": 0.022024220587789186
    }, 
    "L1": {
        "error": 0.16404407953230166, 
        "fit": "average_SEM", 
        "value": -0.11201440228356255
    }, 
    "L2": {
        "error": 0.13882131249748766, 
        "fit": "average_SEM", 
        "value": -0.054984999276025015
    }
}