{
    "AX": {
        "error": 0.06024781778347491, 
        "fit": "average_SEM", 
        "value": -0.23507578977280194
    }, 
    "CDD": {
        "error": 0.0001937487035902607, 
        "fit": "average_SEM", 
        "value": 0.0002245668790742962
    }, 
    "H1": {
        "error": 0.1294456471321859, 
        "fit": "average_SEM", 
        "value": -0.077325866455956
    }, 
    "H2": {
        "error": 0.12685037077951083, 
        "fit": "average_SEM", 
        "value": 0.04002076363216878
    }, 
    "L1": {
        "error": 0.1493268010535509, 
        "fit": "average_SEM", 
        "value": -0.11472233911562298
    }, 
    "L2": {
        "error": 0.13761737757676878, 
        "fit": "average_SEM", 
        "value": -0.059136881430943804
    }
}