{
    "AX": {
        "error": 0.06365581715659992, 
        "fit": "average_SEM", 
        "value": -0.232938618461291
    }, 
    "CDD": {
        "error": 0.00017196562737546999, 
        "fit": "average_SEM", 
        "value": 0.00017274375196494576
    }, 
    "H1": {
        "error": 0.11423359145624232, 
        "fit": "average_SEM", 
        "value": -0.0899667207772533
    }, 
    "H2": {
        "error": 0.1146061476102826, 
        "fit": "average_SEM", 
        "value": 0.014414033290490302
    }, 
    "L1": {
        "error": 0.16852242226436226, 
        "fit": "average_SEM", 
        "value": -0.1324049764468024
    }, 
    "L2": {
        "error": 0.13269170156167545, 
        "fit": "average_SEM", 
        "value": -0.028579024259104496
    }
}