{
    "AX": {
        "error": 0.05315054656683687, 
        "fit": "average_SEM", 
        "value": -0.23818587130970426
    }, 
    "CDD": {
        "error": 0.00017112127591008042, 
        "fit": "average_SEM", 
        "value": 0.0001623791277072289
    }, 
    "H1": {
        "error": 0.14536646869822778, 
        "fit": "average_SEM", 
        "value": -0.08553676702496078
    }, 
    "H2": {
        "error": 0.12073714191813718, 
        "fit": "average_SEM", 
        "value": 0.020072844078660838
    }, 
    "L1": {
        "error": 0.1473340633460432, 
        "fit": "average_SEM", 
        "value": -0.11323415810345776
    }, 
    "L2": {
        "error": 0.1297508899626263, 
        "fit": "average_SEM", 
        "value": -0.027231003367342056
    }
}