{
    "AX": {
        "error": 0.05466337016650249, 
        "fit": "average_SEM", 
        "value": -0.23647763480742773
    }, 
    "CDD": {
        "error": 0.00012527719698063704, 
        "fit": "average_SEM", 
        "value": 9.155418762626747e-05
    }, 
    "H1": {
        "error": 0.13034783133256345, 
        "fit": "average_SEM", 
        "value": -0.06976981512529569
    }, 
    "H2": {
        "error": 0.12838777464503243, 
        "fit": "average_SEM", 
        "value": 0.029607319050571984
    }, 
    "L1": {
        "error": 0.1515479563506812, 
        "fit": "average_SEM", 
        "value": -0.1087083321394554
    }, 
    "L2": {
        "error": 0.1479700403871848, 
        "fit": "average_SEM", 
        "value": -0.03805668344785873
    }
}