{
    "AX": {
        "error": 0.05922145658505661, 
        "fit": "average_SEM", 
        "value": -0.24495035447180272
    }, 
    "CDD": {
        "error": 0.0001882266711619013, 
        "fit": "average_SEM", 
        "value": 0.0002297491912031546
    }, 
    "H1": {
        "error": 0.1427537140197709, 
        "fit": "average_SEM", 
        "value": -0.07128683770230661
    }, 
    "H2": {
        "error": 0.1426936132120292, 
        "fit": "average_SEM", 
        "value": 0.029830366565794166
    }, 
    "L1": {
        "error": 0.1576590275187902, 
        "fit": "average_SEM", 
        "value": -0.12169737663740914
    }, 
    "L2": {
        "error": 0.1389645120888527, 
        "fit": "average_SEM", 
        "value": -0.053365857985853735
    }
}