{
    "AX": {
        "error": 0.06164578989664885, 
        "fit": "average_SEM", 
        "value": -0.24356923210952017
    }, 
    "CDD": {
        "error": 0.00015012735670986248, 
        "fit": "average_SEM", 
        "value": 0.000153741938346583
    }, 
    "H1": {
        "error": 0.11610259883619231, 
        "fit": "average_SEM", 
        "value": -0.08336291789956805
    }, 
    "H2": {
        "error": 0.12563910785211074, 
        "fit": "average_SEM", 
        "value": 0.03501202557494657
    }, 
    "L1": {
        "error": 0.15058379264621888, 
        "fit": "average_SEM", 
        "value": -0.10305059982929379
    }, 
    "L2": {
        "error": 0.12052873213712555, 
        "fit": "average_SEM", 
        "value": -0.036294737059183214
    }
}