{
    "AX": {
        "error": 0.06918914636516663, 
        "fit": "average_SEM", 
        "value": -0.2350851810640759
    }, 
    "CDD": {
        "error": 0.00022742944883895656, 
        "fit": "average_SEM", 
        "value": 0.00022974919476028945
    }, 
    "H1": {
        "error": 0.11878145138189124, 
        "fit": "average_SEM", 
        "value": -0.0736914344287167
    }, 
    "H2": {
        "error": 0.12749076311924845, 
        "fit": "average_SEM", 
        "value": 0.028620915880633726
    }, 
    "L1": {
        "error": 0.15811498162840273, 
        "fit": "average_SEM", 
        "value": -0.12950667710716113
    }, 
    "L2": {
        "error": 0.1271672003802977, 
        "fit": "average_SEM", 
        "value": -0.06311077074561681
    }
}