{
    "AX": {
        "error": 0.0532861129312727, 
        "fit": "average_SEM", 
        "value": -0.237566331277291
    }, 
    "CDD": {
        "error": 0.0001098785387931964, 
        "fit": "average_SEM", 
        "value": 8.118956239842293e-05
    }, 
    "H1": {
        "error": 0.12390821057885393, 
        "fit": "average_SEM", 
        "value": -0.06676519283921355
    }, 
    "H2": {
        "error": 0.13335774742084755, 
        "fit": "average_SEM", 
        "value": 0.021365467907809136
    }, 
    "L1": {
        "error": 0.12936715812882824, 
        "fit": "average_SEM", 
        "value": -0.10747094795418283
    }, 
    "L2": {
        "error": 0.14406263932913888, 
        "fit": "average_SEM", 
        "value": -0.05029375237516231
    }
}