{
    "AX": {
        "error": 0.05879861631498408, 
        "fit": "average_SEM", 
        "value": -0.24979254694448577
    }, 
    "CDD": {
        "error": 0.0001924124656139868, 
        "fit": "average_SEM", 
        "value": 0.00024011381869463042
    }, 
    "H1": {
        "error": 0.127230656938162, 
        "fit": "average_SEM", 
        "value": -0.08324800920155313
    }, 
    "H2": {
        "error": 0.12645958539384672, 
        "fit": "average_SEM", 
        "value": 0.037616033049481405
    }, 
    "L1": {
        "error": 0.15983157914582954, 
        "fit": "average_SEM", 
        "value": -0.14191550367304193
    }, 
    "L2": {
        "error": 0.11429139034481205, 
        "fit": "average_SEM", 
        "value": -0.03045198743024634
    }
}