{
    "AX": {
        "error": 0.06639221275089685, 
        "fit": "average_SEM", 
        "value": -0.23711986533469623
    }, 
    "CDD": {
        "error": 0.00018940929325250434, 
        "fit": "average_SEM", 
        "value": 0.00024356869333941076
    }, 
    "H1": {
        "error": 0.1210406225977278, 
        "fit": "average_SEM", 
        "value": -0.0822040404992246
    }, 
    "H2": {
        "error": 0.10641022437370416, 
        "fit": "average_SEM", 
        "value": 0.007623020987052263
    }, 
    "L1": {
        "error": 0.13947206213408994, 
        "fit": "average_SEM", 
        "value": -0.10623777425175326
    }, 
    "L2": {
        "error": 0.13223316855783337, 
        "fit": "average_SEM", 
        "value": -0.0555807168673103
    }
}