{
    "AX": {
        "error": 0.06810751287497192, 
        "fit": "average_SEM", 
        "value": -0.24314536046650675
    }, 
    "CDD": {
        "error": 0.00016899193354324315, 
        "fit": "average_SEM", 
        "value": 0.00018310837686941442
    }, 
    "H1": {
        "error": 0.1256370115083211, 
        "fit": "average_SEM", 
        "value": -0.10053235612188777
    }, 
    "H2": {
        "error": 0.12171907550979363, 
        "fit": "average_SEM", 
        "value": 0.029673797371409214
    }, 
    "L1": {
        "error": 0.14265948762769037, 
        "fit": "average_SEM", 
        "value": -0.1004906419509401
    }, 
    "L2": {
        "error": 0.16074070000255877, 
        "fit": "average_SEM", 
        "value": -0.054553828454421215
    }
}