{
    "AX": {
        "error": 0.06214431354262594, 
        "fit": "average_SEM", 
        "value": -0.23659818441503577
    }, 
    "CDD": {
        "error": 0.00019092468549602862, 
        "fit": "average_SEM", 
        "value": 0.00022456687939767208
    }, 
    "H1": {
        "error": 0.14667842658260938, 
        "fit": "average_SEM", 
        "value": -0.10175256159337652
    }, 
    "H2": {
        "error": 0.10875438566090559, 
        "fit": "average_SEM", 
        "value": 0.028717053485646224
    }, 
    "L1": {
        "error": 0.1510839170859666, 
        "fit": "average_SEM", 
        "value": -0.12669867230837958
    }, 
    "L2": {
        "error": 0.14134655087569858, 
        "fit": "average_SEM", 
        "value": -0.06387747698778791
    }
}