{
    "AX": {
        "error": 0.060138818551264565, 
        "fit": "average_SEM", 
        "value": -0.24537334599428706
    }, 
    "CDD": {
        "error": 0.00014785901535868903, 
        "fit": "average_SEM", 
        "value": 0.0001813809397087122
    }, 
    "H1": {
        "error": 0.12533701351084642, 
        "fit": "average_SEM", 
        "value": -0.07971317555186236
    }, 
    "H2": {
        "error": 0.12935689725850458, 
        "fit": "average_SEM", 
        "value": 0.013099556949196591
    }, 
    "L1": {
        "error": 0.16121274354934306, 
        "fit": "average_SEM", 
        "value": -0.10763808380579576
    }, 
    "L2": {
        "error": 0.14433548878358773, 
        "fit": "average_SEM", 
        "value": -0.019260419511960614
    }
}