{
    "AX": {
        "error": 0.05481240567815791, 
        "fit": "average_SEM", 
        "value": -0.24289321526885033
    }, 
    "CDD": {
        "error": 0.0001473581586664462, 
        "fit": "average_SEM", 
        "value": 0.0001589242507988173
    }, 
    "H1": {
        "error": 0.12009309794747239, 
        "fit": "average_SEM", 
        "value": -0.08176699178600555
    }, 
    "H2": {
        "error": 0.13830406069804882, 
        "fit": "average_SEM", 
        "value": 0.02819555410080486
    }, 
    "L1": {
        "error": 0.15299834322435962, 
        "fit": "average_SEM", 
        "value": -0.10114512136464732
    }, 
    "L2": {
        "error": 0.11989799850258623, 
        "fit": "average_SEM", 
        "value": -0.05332993050429246
    }
}