{
    "AX": {
        "error": 0.052548049413360026, 
        "fit": "average_SEM", 
        "value": -0.2356381491654449
    }, 
    "CDD": {
        "error": 0.0001079390251527924, 
        "fit": "average_SEM", 
        "value": 0.00010882856149692088
    }, 
    "H1": {
        "error": 0.13313344486392015, 
        "fit": "average_SEM", 
        "value": -0.08976224776253933
    }, 
    "H2": {
        "error": 0.12072153064990268, 
        "fit": "average_SEM", 
        "value": -0.2422788339104348
    }, 
    "L1": {
        "error": 0.14779090530926522, 
        "fit": "average_SEM", 
        "value": -0.13509906363259588
    }, 
    "L2": {
        "error": 0.1320681533505175, 
        "fit": "average_SEM", 
        "value": -0.030159973531812687
    }
}