{
    "AX": {
        "error": 0.05964167967672778, 
        "fit": "average_SEM", 
        "value": -0.24184764416681395
    }, 
    "CDD": {
        "error": 0.00024309684493864053, 
        "fit": "average_SEM", 
        "value": 0.0003005741332243714
    }, 
    "H1": {
        "error": 0.12216400615983916, 
        "fit": "average_SEM", 
        "value": -0.08549670023300375
    }, 
    "H2": {
        "error": 0.12726069371855991, 
        "fit": "average_SEM", 
        "value": -0.250311426880459
    }, 
    "L1": {
        "error": 0.13752419681031325, 
        "fit": "average_SEM", 
        "value": -0.12133131390308133
    }, 
    "L2": {
        "error": 0.13531703684890778, 
        "fit": "average_SEM", 
        "value": -0.04233873668126762
    }
}