{
    "AX": {
        "error": 0.061451593904596626, 
        "fit": "average_SEM", 
        "value": -0.11900477334080885
    }, 
    "CDD": {
        "error": 0.0001653409681183782, 
        "fit": "average_SEM", 
        "value": 0.00017749420561206838
    }, 
    "H1": {
        "error": 0.1301764798878067, 
        "fit": "average_SEM", 
        "value": -0.048979992998647505
    }, 
    "H2": {
        "error": 0.13910219871537768, 
        "fit": "average_SEM", 
        "value": -0.2406360130274455
    }, 
    "L1": {
        "error": 0.19216935723798012, 
        "fit": "average_SEM", 
        "value": -0.1346701795229213
    }, 
    "L2": {
        "error": 0.13561906483625422, 
        "fit": "average_SEM", 
        "value": -0.05678502372387205
    }
}