{
    "AX": {
        "error": 0.06107678706154061, 
        "fit": "average_SEM", 
        "value": -0.10904698103355864
    }, 
    "CDD": {
        "error": 0.00015607245174624606, 
        "fit": "average_SEM", 
        "value": 0.00019822345542100568
    }, 
    "H1": {
        "error": 0.12426507019392716, 
        "fit": "average_SEM", 
        "value": -0.023028037820283013
    }, 
    "H2": {
        "error": 0.1253124866624414, 
        "fit": "average_SEM", 
        "value": -0.23792304281766216
    }, 
    "L1": {
        "error": 0.2193261151795752, 
        "fit": "average_SEM", 
        "value": -0.15769487177021801
    }, 
    "L2": {
        "error": 0.1261699260316613, 
        "fit": "average_SEM", 
        "value": -0.04505198560267066
    }
}