{
    "AX": {
        "error": 0.05522733486655013, 
        "fit": "average_SEM", 
        "value": -0.10116144651450061
    }, 
    "CDD": {
        "error": 0.0001253231621942432, 
        "fit": "average_SEM", 
        "value": 8.939489077116983e-05
    }, 
    "H1": {
        "error": 0.12562671451991236, 
        "fit": "average_SEM", 
        "value": -0.034895473367942034
    }, 
    "H2": {
        "error": 0.12104770141423583, 
        "fit": "average_SEM", 
        "value": -0.2400820044373783
    }, 
    "L1": {
        "error": 0.1948528085974293, 
        "fit": "average_SEM", 
        "value": -0.16109053553324582
    }, 
    "L2": {
        "error": 0.14147483403832584, 
        "fit": "average_SEM", 
        "value": -0.04107977809520283
    }
}