{
    "AX": {
        "error": 0.061044924307259045, 
        "fit": "average_SEM", 
        "value": -0.10216568692121655
    }, 
    "CDD": {
        "error": 0.00016423162940412713, 
        "fit": "average_SEM", 
        "value": 0.00020081461140459094
    }, 
    "H1": {
        "error": 0.12635106708335084, 
        "fit": "average_SEM", 
        "value": -0.014606577850402876
    }, 
    "H2": {
        "error": 0.1255071653055585, 
        "fit": "average_SEM", 
        "value": -0.25035141330057137
    }, 
    "L1": {
        "error": 0.22316201117353016, 
        "fit": "average_SEM", 
        "value": -0.1370082371548051
    }, 
    "L2": {
        "error": 0.14241048507104187, 
        "fit": "average_SEM", 
        "value": -0.03266014417167753
    }
}