{
    "AX": {
        "error": 0.06447870730040435, 
        "fit": "average_SEM", 
        "value": -0.10866913880169402
    }, 
    "CDD": {
        "error": 0.0001596377390354671, 
        "fit": "average_SEM", 
        "value": 0.00016583400138188155
    }, 
    "H1": {
        "error": 0.12320691614234315, 
        "fit": "average_SEM", 
        "value": -0.017647493943028773
    }, 
    "H2": {
        "error": 0.12222936066961781, 
        "fit": "average_SEM", 
        "value": -0.23726083262590691
    }, 
    "L1": {
        "error": 0.2118506780015906, 
        "fit": "average_SEM", 
        "value": -0.1260857702276553
    }, 
    "L2": {
        "error": 0.12867437073936638, 
        "fit": "average_SEM", 
        "value": -0.05616642778389481
    }
}