{
    "AX": {
        "error": 0.06182531640280732, 
        "fit": "average_SEM", 
        "value": -0.10823954991356004
    }, 
    "CDD": {
        "error": 0.00014911190960171776, 
        "fit": "average_SEM", 
        "value": 0.00011919318761404914
    }, 
    "H1": {
        "error": 0.1230342857850098, 
        "fit": "average_SEM", 
        "value": -0.007355081278607637
    }, 
    "H2": {
        "error": 0.11793426215839309, 
        "fit": "average_SEM", 
        "value": -0.22769499310913185
    }, 
    "L1": {
        "error": 0.20630434289329627, 
        "fit": "average_SEM", 
        "value": -0.13328325514103198
    }, 
    "L2": {
        "error": 0.13627305313834398, 
        "fit": "average_SEM", 
        "value": -0.04383738544614365
    }
}