{
    "AX": {
        "error": 0.06338786537096018, 
        "fit": "average_SEM", 
        "value": -0.10631922106646623
    }, 
    "CDD": {
        "error": 0.00018339633012673016, 
        "fit": "average_SEM", 
        "value": 0.00022413502132015612
    }, 
    "H1": {
        "error": 0.12669136843856332, 
        "fit": "average_SEM", 
        "value": -0.008376332248917605
    }, 
    "H2": {
        "error": 0.12115441682615473, 
        "fit": "average_SEM", 
        "value": -0.24780068469505448
    }, 
    "L1": {
        "error": 0.19991216817663374, 
        "fit": "average_SEM", 
        "value": -0.16500652712226535
    }, 
    "L2": {
        "error": 0.13390464872146032, 
        "fit": "average_SEM", 
        "value": -0.01980572674656287
    }
}