{
    "AX": {
        "error": 0.057416960110440264, 
        "fit": "average_SEM", 
        "value": -0.10691239469864135
    }, 
    "CDD": {
        "error": 0.00020448639385370066, 
        "fit": "average_SEM", 
        "value": 0.00022802175687199148
    }, 
    "H1": {
        "error": 0.1417526961962023, 
        "fit": "average_SEM", 
        "value": -0.009000251517863943
    }, 
    "H2": {
        "error": 0.12411465657208952, 
        "fit": "average_SEM", 
        "value": -0.2307788940811103
    }, 
    "L1": {
        "error": 0.20683863121668264, 
        "fit": "average_SEM", 
        "value": -0.12797994428686554
    }, 
    "L2": {
        "error": 0.12776803684038768, 
        "fit": "average_SEM", 
        "value": -0.029036373419997593
    }
}