{
    "AX": {
        "error": 0.0586591736044601, 
        "fit": "average_SEM", 
        "value": -0.10701776674444166
    }, 
    "CDD": {
        "error": 0.0001366927960329741, 
        "fit": "average_SEM", 
        "value": 0.00011789760974352248
    }, 
    "H1": {
        "error": 0.11825794802843306, 
        "fit": "average_SEM", 
        "value": -0.03767212967529
    }, 
    "H2": {
        "error": 0.11583764465216086, 
        "fit": "average_SEM", 
        "value": -0.23709160049911587
    }, 
    "L1": {
        "error": 0.2079187927656042, 
        "fit": "average_SEM", 
        "value": -0.16622947838623076
    }, 
    "L2": {
        "error": 0.14255134527234656, 
        "fit": "average_SEM", 
        "value": -0.04122937418918203
    }
}