{
    "AX": {
        "error": 0.056987871882277656, 
        "fit": "average_SEM", 
        "value": -0.11800365328284292
    }, 
    "CDD": {
        "error": 0.00010657966831631154, 
        "fit": "average_SEM", 
        "value": 8.162142112269066e-05
    }, 
    "H1": {
        "error": 0.11041687838221156, 
        "fit": "average_SEM", 
        "value": -0.042121382303109085
    }, 
    "H2": {
        "error": 0.12400784757691759, 
        "fit": "average_SEM", 
        "value": -0.22376960038382093
    }, 
    "L1": {
        "error": 0.2185125902103079, 
        "fit": "average_SEM", 
        "value": -0.15375469139974787
    }, 
    "L2": {
        "error": 0.13287296579646107, 
        "fit": "average_SEM", 
        "value": -0.04073834728818231
    }
}