{
    "AX": {
        "error": 0.05773941047344762, 
        "fit": "average_SEM", 
        "value": -0.11796728734237452
    }, 
    "CDD": {
        "error": 0.00016456110366462793, 
        "fit": "average_SEM", 
        "value": 0.00018267651854936656
    }, 
    "H1": {
        "error": 0.1369559379636823, 
        "fit": "average_SEM", 
        "value": -0.016786593621751913
    }, 
    "H2": {
        "error": 0.11761511850845605, 
        "fit": "average_SEM", 
        "value": -0.2243503551542138
    }, 
    "L1": {
        "error": 0.20894588103870249, 
        "fit": "average_SEM", 
        "value": -0.14965928849026872
    }, 
    "L2": {
        "error": 0.14632966999824268, 
        "fit": "average_SEM", 
        "value": -0.041669874016164
    }
}