{
    "AX": {
        "error": 0.06328361935106136, 
        "fit": "average_SEM", 
        "value": -0.12008368507182847
    }, 
    "CDD": {
        "error": 0.00020740815828348405, 
        "fit": "average_SEM", 
        "value": 0.00027854930522153154
    }, 
    "H1": {
        "error": 0.11638289185916413, 
        "fit": "average_SEM", 
        "value": -0.01850254071226421
    }, 
    "H2": {
        "error": 0.10092228496071526, 
        "fit": "average_SEM", 
        "value": -0.22702081100239108
    }, 
    "L1": {
        "error": 0.1991660068438323, 
        "fit": "average_SEM", 
        "value": -0.15136852172436194
    }, 
    "L2": {
        "error": 0.1361651688509675, 
        "fit": "average_SEM", 
        "value": -0.048457881197100504
    }
}