{
    "AX": {
        "error": 0.061473458832832666, 
        "fit": "average_SEM", 
        "value": -0.11913092287431937
    }, 
    "CDD": {
        "error": 0.00016764366002027274, 
        "fit": "average_SEM", 
        "value": 0.00021506597234595878
    }, 
    "H1": {
        "error": 0.13991793587267737, 
        "fit": "average_SEM", 
        "value": -0.0243416913561911
    }, 
    "H2": {
        "error": 0.11853484221378811, 
        "fit": "average_SEM", 
        "value": -0.23178028823652616
    }, 
    "L1": {
        "error": 0.21480534771837828, 
        "fit": "average_SEM", 
        "value": -0.1624397868620387
    }, 
    "L2": {
        "error": 0.15117846085152628, 
        "fit": "average_SEM", 
        "value": -0.031492746336152774
    }
}