{
    "AX": {
        "error": 0.058361975678178114, 
        "fit": "average_SEM", 
        "value": -0.10891576496263346
    }, 
    "CDD": {
        "error": 0.00015869660401079329, 
        "fit": "average_SEM", 
        "value": 0.00016972073523599345
    }, 
    "H1": {
        "error": 0.11980653515250146, 
        "fit": "average_SEM", 
        "value": -0.01591030829731608
    }, 
    "H2": {
        "error": 0.12232514379089608, 
        "fit": "average_SEM", 
        "value": -0.22087633894601216
    }, 
    "L1": {
        "error": 0.24111345216699895, 
        "fit": "average_SEM", 
        "value": -0.11633447951074534
    }, 
    "L2": {
        "error": 0.14443828663328218, 
        "fit": "average_SEM", 
        "value": -0.02392541359149618
    }
}