{
    "AX": {
        "error": 0.06167027423815484, 
        "fit": "average_SEM", 
        "value": -0.11899021341232582
    }, 
    "CDD": {
        "error": 0.00014440629174690157, 
        "fit": "average_SEM", 
        "value": 0.00012955781324611355
    }, 
    "H1": {
        "error": 0.14127639451601848, 
        "fit": "average_SEM", 
        "value": -0.029923294916322143
    }, 
    "H2": {
        "error": 0.12891898067905602, 
        "fit": "average_SEM", 
        "value": -0.22633727729553357
    }, 
    "L1": {
        "error": 0.2035946965338175, 
        "fit": "average_SEM", 
        "value": -0.14228113543940707
    }, 
    "L2": {
        "error": 0.12680710662055306, 
        "fit": "average_SEM", 
        "value": -0.02202511525222993
    }
}