{
    "AX": {
        "error": 0.06467784409583141, 
        "fit": "average_SEM", 
        "value": -0.1171267574847055
    }, 
    "CDD": {
        "error": 0.0001513651639612814, 
        "fit": "average_SEM", 
        "value": 0.00017101631383411586
    }, 
    "H1": {
        "error": 0.13389907917436109, 
        "fit": "average_SEM", 
        "value": -0.02577921729219573
    }, 
    "H2": {
        "error": 0.1098682093478229, 
        "fit": "average_SEM", 
        "value": -0.21886174350511284
    }, 
    "L1": {
        "error": 0.21545373504438675, 
        "fit": "average_SEM", 
        "value": -0.17053659103888397
    }, 
    "L2": {
        "error": 0.14054897614402387, 
        "fit": "average_SEM", 
        "value": -0.027089064447015213
    }
}