{
    "AX": {
        "error": 0.06046092329423902, 
        "fit": "average_SEM", 
        "value": -0.11984489483681197
    }, 
    "CDD": {
        "error": 0.00019575775757347204, 
        "fit": "average_SEM", 
        "value": 0.0002072925048802669
    }, 
    "H1": {
        "error": 0.14948563418850966, 
        "fit": "average_SEM", 
        "value": -0.02664142100547906
    }, 
    "H2": {
        "error": 0.12158093328620316, 
        "fit": "average_SEM", 
        "value": -0.22248442421356837
    }, 
    "L1": {
        "error": 0.22503541878411332, 
        "fit": "average_SEM", 
        "value": -0.15298013621359133
    }, 
    "L2": {
        "error": 0.1355291984907172, 
        "fit": "average_SEM", 
        "value": -0.02380353209785729
    }
}