{
    "AX": {
        "error": 0.0619342273249426, 
        "fit": "average_SEM", 
        "value": -0.11836197545441489
    }, 
    "CDD": {
        "error": 0.00018139183366684008, 
        "fit": "average_SEM", 
        "value": 0.00016972073741878074
    }, 
    "H1": {
        "error": 0.12352409455033025, 
        "fit": "average_SEM", 
        "value": -0.024833804352177444
    }, 
    "H2": {
        "error": 0.12903691281531923, 
        "fit": "average_SEM", 
        "value": -0.22541442270739936
    }, 
    "L1": {
        "error": 0.22937150186751298, 
        "fit": "average_SEM", 
        "value": -0.1718686042431121
    }, 
    "L2": {
        "error": 0.13733603445030193, 
        "fit": "average_SEM", 
        "value": -0.01647598153698103
    }
}