{
    "AX": {
        "error": 0.061705044369319735, 
        "fit": "average_SEM", 
        "value": -0.10989444842174029
    }, 
    "CDD": {
        "error": 0.00013397248614621055, 
        "fit": "average_SEM", 
        "value": 0.00012178434408269823
    }, 
    "H1": {
        "error": 0.13120018545289353, 
        "fit": "average_SEM", 
        "value": -0.020563726533631175
    }, 
    "H2": {
        "error": 0.11207817333466061, 
        "fit": "average_SEM", 
        "value": -0.20937733215008242
    }, 
    "L1": {
        "error": 0.24280755156471825, 
        "fit": "average_SEM", 
        "value": -0.13797009246579062
    }, 
    "L2": {
        "error": 0.1397179456645432, 
        "fit": "average_SEM", 
        "value": -0.02234346980076225
    }
}