{
    "AX": {
        "error": 0.06765730332514633, 
        "fit": "average_SEM", 
        "value": -0.11339986126307243
    }, 
    "CDD": {
        "error": 0.00018332709437682287, 
        "fit": "average_SEM", 
        "value": 0.00019692787924820246
    }, 
    "H1": {
        "error": 0.12505544982387706, 
        "fit": "average_SEM", 
        "value": -0.002535935131891165
    }, 
    "H2": {
        "error": 0.12872964157310862, 
        "fit": "average_SEM", 
        "value": -0.2025388710501526
    }, 
    "L1": {
        "error": 0.22171075867410045, 
        "fit": "average_SEM", 
        "value": -0.13397782668665362
    }, 
    "L2": {
        "error": 0.14094773525650228, 
        "fit": "average_SEM", 
        "value": -0.011173829998006113
    }
}