{
    "AX": {
        "error": 0.0608203724550137, 
        "fit": "average_SEM", 
        "value": -0.1112883772861096
    }, 
    "CDD": {
        "error": 9.843069732253395e-05, 
        "fit": "average_SEM", 
        "value": 6.996121834769534e-05
    }, 
    "H1": {
        "error": 0.13384300900452917, 
        "fit": "average_SEM", 
        "value": -0.035617528354244615
    }, 
    "H2": {
        "error": 0.11362353831908058, 
        "fit": "average_SEM", 
        "value": -0.22891400076914578
    }, 
    "L1": {
        "error": 0.21268857277754294, 
        "fit": "average_SEM", 
        "value": -0.13236928902139578
    }, 
    "L2": {
        "error": 0.13617291306426388, 
        "fit": "average_SEM", 
        "value": -0.01869977011034886
    }
}