{
    "AX": {
        "error": 0.06401453277314025, 
        "fit": "average_SEM", 
        "value": -0.10566768847541728
    }, 
    "CDD": {
        "error": 0.00015037226355458467, 
        "fit": "average_SEM", 
        "value": 0.00012826223561811882
    }, 
    "H1": {
        "error": 0.1293693386771707, 
        "fit": "average_SEM", 
        "value": -0.02520922774177355
    }, 
    "H2": {
        "error": 0.11609895935924232, 
        "fit": "average_SEM", 
        "value": -0.21806554427603259
    }, 
    "L1": {
        "error": 0.2193986897226557, 
        "fit": "average_SEM", 
        "value": -0.1240967319579795
    }, 
    "L2": {
        "error": 0.13289093614237923, 
        "fit": "average_SEM", 
        "value": -0.00398287414961184
    }
}