{
    "AX": {
        "error": 0.05878721441146137, 
        "fit": "average_SEM", 
        "value": -0.11358753129607066
    }, 
    "CDD": {
        "error": 0.00013210861726680947, 
        "fit": "average_SEM", 
        "value": 0.00011271529680622431
    }, 
    "H1": {
        "error": 0.14173517392575866, 
        "fit": "average_SEM", 
        "value": -0.004104870359878987
    }, 
    "H2": {
        "error": 0.1312156269995824, 
        "fit": "average_SEM", 
        "value": -0.21536726862347375
    }, 
    "L1": {
        "error": 0.22480572536520635, 
        "fit": "average_SEM", 
        "value": -0.14152458371827378
    }, 
    "L2": {
        "error": 0.13214013169634836, 
        "fit": "average_SEM", 
        "value": -0.01889413947452946
    }
}