{
    "AX": {
        "error": 0.05854048553164996, 
        "fit": "average_SEM", 
        "value": -0.11832701824605465
    }, 
    "CDD": {
        "error": 0.00011648221007302668, 
        "fit": "average_SEM", 
        "value": 9.328162438274983e-05
    }, 
    "H1": {
        "error": 0.13283273020725797, 
        "fit": "average_SEM", 
        "value": -0.0052508668474426185
    }, 
    "H2": {
        "error": 0.11108331776013593, 
        "fit": "average_SEM", 
        "value": -0.23690192295859258
    }, 
    "L1": {
        "error": 0.22788225015997374, 
        "fit": "average_SEM", 
        "value": -0.15292416353089114
    }, 
    "L2": {
        "error": 0.1279965301366599, 
        "fit": "average_SEM", 
        "value": -0.02010698794001655
    }
}