{
    "AX": {
        "error": 0.06136604264864819, 
        "fit": "average_SEM", 
        "value": -0.025955856042678423
    }, 
    "CDD": {
        "error": 0.0001262805897535372, 
        "fit": "average_SEM", 
        "value": 0.00017442907030671472
    }, 
    "H1": {
        "error": 0.10138852614976514, 
        "fit": "average_SEM", 
        "value": -0.028929551427320736
    }, 
    "H2": {
        "error": 0.11756120038530561, 
        "fit": "average_SEM", 
        "value": 0.23344920475671932
    }, 
    "L1": {
        "error": 0.15004036378384017, 
        "fit": "average_SEM", 
        "value": -0.1346953949215254
    }, 
    "L2": {
        "error": 0.13425712864424078, 
        "fit": "average_SEM", 
        "value": -0.02065559590757802
    }
}