{
    "AX": {
        "error": 0.06600210823110089, 
        "fit": "average_SEM", 
        "value": 0.002152744951308705
    }, 
    "CDD": {
        "error": 0.00017821469533588604, 
        "fit": "average_SEM", 
        "value": 0.00021506598980825705
    }, 
    "H1": {
        "error": 0.13209729399327716, 
        "fit": "average_SEM", 
        "value": -0.05035362519483897
    }, 
    "H2": {
        "error": 0.124218892081721, 
        "fit": "average_SEM", 
        "value": 0.20754232079101106
    }, 
    "L1": {
        "error": 0.1442580616509581, 
        "fit": "average_SEM", 
        "value": -0.1397678618239297
    }, 
    "L2": {
        "error": 0.13539216616765495, 
        "fit": "average_SEM", 
        "value": -0.03723255381531392
    }
}