{
    "AX": {
        "error": 0.061483371576275515, 
        "fit": "average_SEM", 
        "value": 0.0074122496579851335
    }, 
    "CDD": {
        "error": 0.0001678253082564912, 
        "fit": "average_SEM", 
        "value": 0.0001813809543818934
    }, 
    "H1": {
        "error": 0.12349237646622331, 
        "fit": "average_SEM", 
        "value": -0.03975394826460009
    }, 
    "H2": {
        "error": 0.12129100029866649, 
        "fit": "average_SEM", 
        "value": 0.20649384999414905
    }, 
    "L1": {
        "error": 0.15477341820913512, 
        "fit": "average_SEM", 
        "value": -0.14705408313990725
    }, 
    "L2": {
        "error": 0.13934961260406958, 
        "fit": "average_SEM", 
        "value": -0.03933537547224356
    }
}