{
    "AX": {
        "error": 0.0661836863268563, 
        "fit": "average_SEM", 
        "value": 0.006825429590389831
    }, 
    "CDD": {
        "error": 0.00016324441777142864, 
        "fit": "average_SEM", 
        "value": 0.00018656326792552136
    }, 
    "H1": {
        "error": 0.1349265698653898, 
        "fit": "average_SEM", 
        "value": -0.046928377664880824
    }, 
    "H2": {
        "error": 0.12936520799677229, 
        "fit": "average_SEM", 
        "value": 0.22136224186397158
    }, 
    "L1": {
        "error": 0.1495618494853758, 
        "fit": "average_SEM", 
        "value": -0.1428490984205079
    }, 
    "L2": {
        "error": 0.1498556755805518, 
        "fit": "average_SEM", 
        "value": -0.05189440893833914
    }
}