{
    "AX": {
        "error": 0.06415246897889429, 
        "fit": "average_SEM", 
        "value": 0.008972691710854026
    }, 
    "CDD": {
        "error": 0.00017617046382583615, 
        "fit": "average_SEM", 
        "value": 0.00021765714603437422
    }, 
    "H1": {
        "error": 0.1104622041098623, 
        "fit": "average_SEM", 
        "value": -0.03504792988533154
    }, 
    "H2": {
        "error": 0.11616369302278018, 
        "fit": "average_SEM", 
        "value": 0.20442599532349656
    }, 
    "L1": {
        "error": 0.13924867094707152, 
        "fit": "average_SEM", 
        "value": -0.16685319676762447
    }, 
    "L2": {
        "error": 0.11580184385216818, 
        "fit": "average_SEM", 
        "value": -0.04514063548995182
    }
}