{
    "AX": {
        "error": 0.05234892590173555, 
        "fit": "average_SEM", 
        "value": 0.008416206503898137
    }, 
    "CDD": {
        "error": 0.00016975070923872564, 
        "fit": "average_SEM", 
        "value": 0.00022802177106010882
    }, 
    "H1": {
        "error": 0.1263826610055238, 
        "fit": "average_SEM", 
        "value": -0.033455623734820014
    }, 
    "H2": {
        "error": 0.11903040629217183, 
        "fit": "average_SEM", 
        "value": 0.2105816548379759
    }, 
    "L1": {
        "error": 0.12912712705790583, 
        "fit": "average_SEM", 
        "value": -0.12715792587259783
    }, 
    "L2": {
        "error": 0.13371330435155832, 
        "fit": "average_SEM", 
        "value": -0.0403544546784057
    }
}