{
    "AX": {
        "error": 0.06101048587765369, 
        "fit": "average_SEM", 
        "value": 0.009001400824733235
    }, 
    "CDD": {
        "error": 0.00023555118265191396, 
        "fit": "average_SEM", 
        "value": 0.0002979829997154108
    }, 
    "H1": {
        "error": 0.1241484451661942, 
        "fit": "average_SEM", 
        "value": -0.03786359533163098
    }, 
    "H2": {
        "error": 0.11747304946174697, 
        "fit": "average_SEM", 
        "value": 0.21368259279988705
    }, 
    "L1": {
        "error": 0.16404893839618528, 
        "fit": "average_SEM", 
        "value": -0.14839865236232677
    }, 
    "L2": {
        "error": 0.1267714754628573, 
        "fit": "average_SEM", 
        "value": -0.04648072907536213
    }
}