{
    "AX": {
        "error": 0.06704485620146099, 
        "fit": "average_SEM", 
        "value": 0.0011047525852821611
    }, 
    "CDD": {
        "error": 0.00018536545904457037, 
        "fit": "average_SEM", 
        "value": 0.0002202483018966935
    }, 
    "H1": {
        "error": 0.13311294485676142, 
        "fit": "average_SEM", 
        "value": -0.04154140658987065
    }, 
    "H2": {
        "error": 0.12171149764159037, 
        "fit": "average_SEM", 
        "value": 0.19783391962215927
    }, 
    "L1": {
        "error": 0.13630574985072852, 
        "fit": "average_SEM", 
        "value": -0.1454008337284904
    }, 
    "L2": {
        "error": 0.13508101329782887, 
        "fit": "average_SEM", 
        "value": -0.045075756642230166
    }
}