{
    "AX": {
        "error": 0.05636751073676765, 
        "fit": "average_SEM", 
        "value": 0.0014431300827709493
    }, 
    "CDD": {
        "error": 0.00018079365026091613, 
        "fit": "average_SEM", 
        "value": 0.00019045000202216517
    }, 
    "H1": {
        "error": 0.12174187102388362, 
        "fit": "average_SEM", 
        "value": -0.053683951528122026
    }, 
    "H2": {
        "error": 0.12385700398165321, 
        "fit": "average_SEM", 
        "value": 0.20201020933454855
    }, 
    "L1": {
        "error": 0.1390539473718425, 
        "fit": "average_SEM", 
        "value": -0.14396999602152694
    }, 
    "L2": {
        "error": 0.13611461630658572, 
        "fit": "average_SEM", 
        "value": -0.021566466802808767
    }
}