{
    "AX": {
        "error": 0.0635053919616561, 
        "fit": "average_SEM", 
        "value": 0.0010238601401700482
    }, 
    "CDD": {
        "error": 0.00015733084706250037, 
        "fit": "average_SEM", 
        "value": 0.00015028707627304054
    }, 
    "H1": {
        "error": 0.1262192184912853, 
        "fit": "average_SEM", 
        "value": -0.03654214272634514
    }, 
    "H2": {
        "error": 0.1316288179625891, 
        "fit": "average_SEM", 
        "value": 0.20336879831544744
    }, 
    "L1": {
        "error": 0.139032798486484, 
        "fit": "average_SEM", 
        "value": -0.15443398968976302
    }, 
    "L2": {
        "error": 0.13538083324197955, 
        "fit": "average_SEM", 
        "value": -0.040595236903754994
    }
}