{
    "AX": {
        "error": 0.05814940099094876, 
        "fit": "average_SEM", 
        "value": 0.008532510963656629
    }, 
    "CDD": {
        "error": 0.00014021368634293117, 
        "fit": "average_SEM", 
        "value": 0.00011012415125151165
    }, 
    "H1": {
        "error": 0.12628579804249818, 
        "fit": "average_SEM", 
        "value": -0.0436973036325071
    }, 
    "H2": {
        "error": 0.13350899212218936, 
        "fit": "average_SEM", 
        "value": 0.21027239301402006
    }, 
    "L1": {
        "error": 0.12365818936662386, 
        "fit": "average_SEM", 
        "value": -0.12352702326655465
    }, 
    "L2": {
        "error": 0.1256789873020341, 
        "fit": "average_SEM", 
        "value": -0.03287631900760365
    }
}