{
    "AX": {
        "error": 0.060919198855772204, 
        "fit": "average_SEM", 
        "value": 0.0016108139772162153
    }, 
    "CDD": {
        "error": 0.00016018287263294285, 
        "fit": "average_SEM", 
        "value": 0.00016712959404685535
    }, 
    "H1": {
        "error": 0.13777406154777147, 
        "fit": "average_SEM", 
        "value": -0.0318909228692064
    }, 
    "H2": {
        "error": 0.11908852002221519, 
        "fit": "average_SEM", 
        "value": 0.2260814565156276
    }, 
    "L1": {
        "error": 0.1498032476759967, 
        "fit": "average_SEM", 
        "value": -0.13466629422424983
    }, 
    "L2": {
        "error": 0.1447174426806789, 
        "fit": "average_SEM", 
        "value": -0.014974155641781787
    }
}