{
    "AX": {
        "error": 0.05941542343543261, 
        "fit": "average_SEM", 
        "value": -0.002246080609741815
    }, 
    "CDD": {
        "error": 0.00018538372473886716, 
        "fit": "average_SEM", 
        "value": 0.00018656326828931925
    }, 
    "H1": {
        "error": 0.1310606996167676, 
        "fit": "average_SEM", 
        "value": -0.02802338553980614
    }, 
    "H2": {
        "error": 0.11392866757168157, 
        "fit": "average_SEM", 
        "value": 0.20981795851451654
    }, 
    "L1": {
        "error": 0.13160418678466454, 
        "fit": "average_SEM", 
        "value": -0.12881819140554096
    }, 
    "L2": {
        "error": 0.14186674840811186, 
        "fit": "average_SEM", 
        "value": -0.009280711216464017
    }
}