{
    "AX": {
        "error": 0.06268640626703792, 
        "fit": "average_SEM", 
        "value": 0.005966973190273468
    }, 
    "CDD": {
        "error": 0.00018723254345850719, 
        "fit": "average_SEM", 
        "value": 0.0002500466031051474
    }, 
    "H1": {
        "error": 0.11684540444857928, 
        "fit": "average_SEM", 
        "value": -0.024480692554304066
    }, 
    "H2": {
        "error": 0.11917640706997717, 
        "fit": "average_SEM", 
        "value": 0.2530534608464222
    }, 
    "L1": {
        "error": 0.14167432248354822, 
        "fit": "average_SEM", 
        "value": -0.12520685867251208
    }, 
    "L2": {
        "error": 0.1401847078545694, 
        "fit": "average_SEM", 
        "value": -0.012204777255343894
    }
}