{
    "AX": {
        "error": 0.06628327505633726, 
        "fit": "average_SEM", 
        "value": 0.00967062223977943
    }, 
    "CDD": {
        "error": 0.00018064848228462605, 
        "fit": "average_SEM", 
        "value": 0.00018138095535202107
    }, 
    "H1": {
        "error": 0.1274146221922475, 
        "fit": "average_SEM", 
        "value": -0.026004692289764837
    }, 
    "H2": {
        "error": 0.13336854860664868, 
        "fit": "average_SEM", 
        "value": 0.23089336474658922
    }, 
    "L1": {
        "error": 0.1259263380032852, 
        "fit": "average_SEM", 
        "value": -0.1247198400980172
    }, 
    "L2": {
        "error": 0.13302304832484294, 
        "fit": "average_SEM", 
        "value": -0.006150870231310061
    }
}