{
    "AX": {
        "error": 0.05843139445851485, 
        "fit": "average_SEM", 
        "value": 0.010513448366206527
    }, 
    "CDD": {
        "error": 0.0002091189760955033, 
        "fit": "average_SEM", 
        "value": 0.00028761837323448467
    }, 
    "H1": {
        "error": 0.11690805133735178, 
        "fit": "average_SEM", 
        "value": -0.02939242571980382
    }, 
    "H2": {
        "error": 0.12879580178255354, 
        "fit": "average_SEM", 
        "value": 0.21025492617627606
    }, 
    "L1": {
        "error": 0.12378204263665817, 
        "fit": "average_SEM", 
        "value": -0.1383629627157158
    }, 
    "L2": {
        "error": 0.12656036037064372, 
        "fit": "average_SEM", 
        "value": 0.009461458935402334
    }
}