{
    "AX": {
        "error": 0.06487690516652019, 
        "fit": "average_SEM", 
        "value": 0.009180430622169904
    }, 
    "CDD": {
        "error": 0.00013090518756121784, 
        "fit": "average_SEM", 
        "value": 9.5872789703814e-05
    }, 
    "H1": {
        "error": 0.12681770011773122, 
        "fit": "average_SEM", 
        "value": -0.021245717906276697
    }, 
    "H2": {
        "error": 0.1292423688283729, 
        "fit": "average_SEM", 
        "value": 0.24182519574339192
    }, 
    "L1": {
        "error": 0.14548494700137923, 
        "fit": "average_SEM", 
        "value": -0.11365333854531248
    }, 
    "L2": {
        "error": 0.1411416344760912, 
        "fit": "average_SEM", 
        "value": -0.008422424620948731
    }
}