{
    "AX": {
        "error": 0.07199063112332069, 
        "fit": "average_SEM", 
        "value": 0.007953855385130737
    }, 
    "CDD": {
        "error": 0.00021431161883724782, 
        "fit": "average_SEM", 
        "value": 0.00025263776042265816
    }, 
    "H1": {
        "error": 0.13021007181221245, 
        "fit": "average_SEM", 
        "value": -0.012368337681982667
    }, 
    "H2": {
        "error": 0.11453005846089499, 
        "fit": "average_SEM", 
        "value": 0.24022842918833096
    }, 
    "L1": {
        "error": 0.12857407880490207, 
        "fit": "average_SEM", 
        "value": -0.12254076659155544
    }, 
    "L2": {
        "error": 0.13085784185156657, 
        "fit": "average_SEM", 
        "value": 0.012192056844166169
    }
}