{
    "AX": {
        "error": 0.05858129480223557, 
        "fit": "average_SEM", 
        "value": 0.010077075257140678
    }, 
    "CDD": {
        "error": 0.0001943519853489919, 
        "fit": "average_SEM", 
        "value": 0.00023579524264884336
    }, 
    "H1": {
        "error": 0.13068968502303202, 
        "fit": "average_SEM", 
        "value": -0.02353441542945802
    }, 
    "H2": {
        "error": 0.11118667669977911, 
        "fit": "average_SEM", 
        "value": 0.22590735046348223
    }, 
    "L1": {
        "error": 0.12362657743289579, 
        "fit": "average_SEM", 
        "value": -0.13185674322691435
    }, 
    "L2": {
        "error": 0.13152628599664265, 
        "fit": "average_SEM", 
        "value": 0.0057710607039553
    }
}