{
    "AX": {
        "error": 0.05870513356133779, 
        "fit": "average_SEM", 
        "value": 0.0001555039329105057
    }, 
    "CDD": {
        "error": 0.00018025452366974716, 
        "fit": "average_SEM", 
        "value": 0.00023061292862015155
    }, 
    "H1": {
        "error": 0.13204418167494517, 
        "fit": "average_SEM", 
        "value": -0.04374980848175861
    }, 
    "H2": {
        "error": 0.13578129451985485, 
        "fit": "average_SEM", 
        "value": -0.01847583287544694
    }, 
    "L1": {
        "error": 0.12706739831156694, 
        "fit": "average_SEM", 
        "value": -0.11775887468053649
    }, 
    "L2": {
        "error": 0.13250925732699464, 
        "fit": "average_SEM", 
        "value": -0.011084859225108327
    }
}