{
    "AX": {
        "error": 0.0663545996261757, 
        "fit": "average_SEM", 
        "value": -0.0024192578440609697
    }, 
    "CDD": {
        "error": 0.00015382764195186167, 
        "fit": "average_SEM", 
        "value": 0.0001943367367251388
    }, 
    "H1": {
        "error": 0.1253045095206178, 
        "fit": "average_SEM", 
        "value": -0.04881735634893024
    }, 
    "H2": {
        "error": 0.1080444096677579, 
        "fit": "average_SEM", 
        "value": -0.03085233933913211
    }, 
    "L1": {
        "error": 0.1426820913034493, 
        "fit": "average_SEM", 
        "value": -0.11111036450990165
    }, 
    "L2": {
        "error": 0.1377634960647879, 
        "fit": "average_SEM", 
        "value": 0.002298284864324766
    }
}