{
    "AX": {
        "error": 0.06069601255480633, 
        "fit": "average_SEM", 
        "value": 0.006854347845849891
    }, 
    "CDD": {
        "error": 0.00018849392644660772, 
        "fit": "average_SEM", 
        "value": 0.00019045000238596306
    }, 
    "H1": {
        "error": 0.12145391430969786, 
        "fit": "average_SEM", 
        "value": -0.034301238152875155
    }, 
    "H2": {
        "error": 0.1219786460531148, 
        "fit": "average_SEM", 
        "value": -0.04866612221036727
    }, 
    "L1": {
        "error": 0.13917323363694753, 
        "fit": "average_SEM", 
        "value": -0.1360685466019883
    }, 
    "L2": {
        "error": 0.12203604194096201, 
        "fit": "average_SEM", 
        "value": 0.005482746603471848
    }
}