{
    "AX": {
        "error": 0.059241900657402306, 
        "fit": "average_SEM", 
        "value": 0.00517268724894772
    }, 
    "CDD": {
        "error": 0.00014598589643202806, 
        "fit": "average_SEM", 
        "value": 0.00012048877627724626
    }, 
    "H1": {
        "error": 0.1425036397827784, 
        "fit": "average_SEM", 
        "value": -0.033755487303521174
    }, 
    "H2": {
        "error": 0.10847142564049289, 
        "fit": "average_SEM", 
        "value": -0.04848475619425396
    }, 
    "L1": {
        "error": 0.13433324159042026, 
        "fit": "average_SEM", 
        "value": -0.12710395915977035
    }, 
    "L2": {
        "error": 0.13447777119490686, 
        "fit": "average_SEM", 
        "value": 0.01489387641583259
    }
}