{
    "AX": {
        "error": 0.057228518731194104, 
        "fit": "average_SEM", 
        "value": -0.001614375851568184
    }, 
    "CDD": {
        "error": 0.00012826010173357967, 
        "fit": "average_SEM", 
        "value": 0.00011530646321868213
    }, 
    "H1": {
        "error": 0.11247787104369188, 
        "fit": "average_SEM", 
        "value": -0.025783253294745616
    }, 
    "H2": {
        "error": 0.12895856842229433, 
        "fit": "average_SEM", 
        "value": -0.044552085946876714
    }, 
    "L1": {
        "error": 0.13528139483037593, 
        "fit": "average_SEM", 
        "value": -0.1361954074537304
    }, 
    "L2": {
        "error": 0.1421912875439861, 
        "fit": "average_SEM", 
        "value": -0.008065390072200291
    }
}