{
    "AX": {
        "error": 0.05850993853993102, 
        "fit": "average_SEM", 
        "value": 0.0065071567044166535
    }, 
    "CDD": {
        "error": 0.00015282858753179604, 
        "fit": "average_SEM", 
        "value": 0.00015417381097601417
    }, 
    "H1": {
        "error": 0.11462491866736273, 
        "fit": "average_SEM", 
        "value": -0.026254598251095256
    }, 
    "H2": {
        "error": 0.11593406531398104, 
        "fit": "average_SEM", 
        "value": -0.039204539288584785
    }, 
    "L1": {
        "error": 0.14786873492241837, 
        "fit": "average_SEM", 
        "value": -0.13045212917762303
    }, 
    "L2": {
        "error": 0.15247291083387474, 
        "fit": "average_SEM", 
        "value": 0.0014511701801287321
    }
}