{
    "AX": {
        "error": 0.06300741123255181, 
        "fit": "average_SEM", 
        "value": 0.009483509990483677
    }, 
    "CDD": {
        "error": 0.00016777991583475182, 
        "fit": "average_SEM", 
        "value": 0.00014640034144880094
    }, 
    "H1": {
        "error": 0.12882369201452254, 
        "fit": "average_SEM", 
        "value": -0.02886535099963415
    }, 
    "H2": {
        "error": 0.11853140898488046, 
        "fit": "average_SEM", 
        "value": -0.05701569822364642
    }, 
    "L1": {
        "error": 0.13422430127951152, 
        "fit": "average_SEM", 
        "value": -0.12477274681441486
    }, 
    "L2": {
        "error": 0.13292193917326653, 
        "fit": "average_SEM", 
        "value": 0.0017889776434458326
    }
}