{
    "AX": {
        "error": 0.06405963091723277, 
        "fit": "average_SEM", 
        "value": 0.0062031223152492505
    }, 
    "CDD": {
        "error": 0.00017838556756754112, 
        "fit": "average_SEM", 
        "value": 0.00018138095389682956
    }, 
    "H1": {
        "error": 0.13269936154687056, 
        "fit": "average_SEM", 
        "value": -0.007558543734679309
    }, 
    "H2": {
        "error": 0.13334686476574084, 
        "fit": "average_SEM", 
        "value": -0.047361976245883855
    }, 
    "L1": {
        "error": 0.13372939272089335, 
        "fit": "average_SEM", 
        "value": -0.11624096243855699
    }, 
    "L2": {
        "error": 0.12225067147182773, 
        "fit": "average_SEM", 
        "value": 0.0036921381290691596
    }
}