{
    "AX": {
        "error": 0.06051653769251322, 
        "fit": "average_SEM", 
        "value": 0.003282614838705437
    }, 
    "CDD": {
        "error": 0.00015163331637291347, 
        "fit": "average_SEM", 
        "value": 0.00012437551170781566
    }, 
    "H1": {
        "error": 0.13682705921349575, 
        "fit": "average_SEM", 
        "value": -0.03161108823648343
    }, 
    "H2": {
        "error": 0.12821426320420426, 
        "fit": "average_SEM", 
        "value": -0.029877803936263565
    }, 
    "L1": {
        "error": 0.14915244224863644, 
        "fit": "average_SEM", 
        "value": -0.11449436424688125
    }, 
    "L2": {
        "error": 0.16209448846750169, 
        "fit": "average_SEM", 
        "value": -0.02211961432088477
    }
}