{
    "AX": {
        "error": 0.06449519351874002, 
        "fit": "average_SEM", 
        "value": 0.001415360713993626
    }, 
    "CDD": {
        "error": 0.000181396511272722, 
        "fit": "average_SEM", 
        "value": 0.00023320408533133256
    }, 
    "H1": {
        "error": 0.12453542998905172, 
        "fit": "average_SEM", 
        "value": -0.034530047686227285
    }, 
    "H2": {
        "error": 0.12199795675912545, 
        "fit": "average_SEM", 
        "value": -0.04031118313626696
    }, 
    "L1": {
        "error": 0.11818130798284089, 
        "fit": "average_SEM", 
        "value": -0.1282511899320525
    }, 
    "L2": {
        "error": 0.12787151216764805, 
        "fit": "average_SEM", 
        "value": -0.002740520974233126
    }
}