{
    "AX": {
        "error": 0.06549761657307712, 
        "fit": "average_SEM", 
        "value": 0.01377081263490254
    }, 
    "CDD": {
        "error": 0.0002360679963052466, 
        "fit": "average_SEM", 
        "value": 0.00037053538568822356
    }, 
    "H1": {
        "error": 0.1386794785098758, 
        "fit": "average_SEM", 
        "value": 0.008525662803246329
    }, 
    "H2": {
        "error": 0.1203408032279166, 
        "fit": "average_SEM", 
        "value": -0.030792988806691332
    }, 
    "L1": {
        "error": 0.18745150860348256, 
        "fit": "average_SEM", 
        "value": -0.13530045238051874
    }, 
    "L2": {
        "error": 0.13951464933814267, 
        "fit": "average_SEM", 
        "value": 0.030221852185907967
    }
}