{
    "AX": {
        "error": 0.06359433970795453, 
        "fit": "average_SEM", 
        "value": 0.015569955209988015
    }, 
    "CDD": {
        "error": 0.000197132070448074, 
        "fit": "average_SEM", 
        "value": 0.0002215438808586138
    }, 
    "H1": {
        "error": 0.13803283826541698, 
        "fit": "average_SEM", 
        "value": -0.012761966154600183
    }, 
    "H2": {
        "error": 0.1282951158771671, 
        "fit": "average_SEM", 
        "value": -0.02126478970894823
    }, 
    "L1": {
        "error": 0.1831284727709644, 
        "fit": "average_SEM", 
        "value": -0.12819439648883418
    }, 
    "L2": {
        "error": 0.1190973650904033, 
        "fit": "average_SEM", 
        "value": 0.016368830604672743
    }
}