{
    "AX": {
        "error": 0.0752595318304253, 
        "fit": "average_SEM", 
        "value": 0.005275134304247331
    }, 
    "CDD": {
        "error": 0.00028119891972357673, 
        "fit": "average_SEM", 
        "value": 0.00041199389330965155
    }, 
    "H1": {
        "error": 0.12483225282619238, 
        "fit": "average_SEM", 
        "value": 0.005168997703973824
    }, 
    "H2": {
        "error": 0.11524554900659739, 
        "fit": "average_SEM", 
        "value": -0.014462421911230195
    }, 
    "L1": {
        "error": 0.1813167524772005, 
        "fit": "average_SEM", 
        "value": -0.13188912393622257
    }, 
    "L2": {
        "error": 0.1167167445311708, 
        "fit": "average_SEM", 
        "value": 0.03259226336498008
    }
}