{
    "AX": {
        "error": 0.06591253674436585, 
        "fit": "average_SEM", 
        "value": 0.011994293725001626
    }, 
    "CDD": {
        "error": 0.00023242617377562162, 
        "fit": "average_SEM", 
        "value": 0.0002824360609035163
    }, 
    "H1": {
        "error": 0.13042849777904103, 
        "fit": "average_SEM", 
        "value": -0.009471835347358137
    }, 
    "H2": {
        "error": 0.13172377270858335, 
        "fit": "average_SEM", 
        "value": -0.04582604459719732
    }, 
    "L1": {
        "error": 0.17439697099464715, 
        "fit": "average_SEM", 
        "value": -0.12956162566800533
    }, 
    "L2": {
        "error": 0.1258557415428493, 
        "fit": "average_SEM", 
        "value": 0.01352878626639722
    }
}