{
    "AX": {
        "error": 0.06954015796257942, 
        "fit": "average_SEM", 
        "value": 0.014467538066674024
    }, 
    "CDD": {
        "error": 0.00021660555689380085, 
        "fit": "average_SEM", 
        "value": 0.00035110171096069584
    }, 
    "H1": {
        "error": 0.1291150744692013, 
        "fit": "average_SEM", 
        "value": 0.007880842337666156
    }, 
    "H2": {
        "error": 0.1025883744861498, 
        "fit": "average_SEM", 
        "value": -0.054201442175569055
    }, 
    "L1": {
        "error": 0.1853159016177261, 
        "fit": "average_SEM", 
        "value": -0.1434802485324326
    }, 
    "L2": {
        "error": 0.13553115271631366, 
        "fit": "average_SEM", 
        "value": 0.01675337938310501
    }
}