{
    "AX": {
        "error": 0.06744690193474166, 
        "fit": "average_SEM", 
        "value": 0.010866857097122798
    }, 
    "CDD": {
        "error": 0.00025966815081674094, 
        "fit": "average_SEM", 
        "value": 0.00036017076126881875
    }, 
    "H1": {
        "error": 0.12864477135678906, 
        "fit": "average_SEM", 
        "value": -0.0055953537562648615
    }, 
    "H2": {
        "error": 0.1275611583365478, 
        "fit": "average_SEM", 
        "value": -0.036407805331327835
    }, 
    "L1": {
        "error": 0.2079781991843062, 
        "fit": "average_SEM", 
        "value": -0.14150443566807855
    }, 
    "L2": {
        "error": 0.1416234054354956, 
        "fit": "average_SEM", 
        "value": 0.020206282857664824
    }
}