{
    "AX": {
        "error": 0.11504914449645137, 
        "fit": "average_SEM", 
        "value": 0.0013301274157129228
    }, 
    "CDD": {
        "error": 0.0003747972718936485, 
        "fit": "average_SEM", 
        "value": 0.000949658966055722
    }, 
    "H1": {
        "error": 0.14718849734352796, 
        "fit": "average_SEM", 
        "value": 0.041815452489148204
    }, 
    "H2": {
        "error": 0.12031271286205465, 
        "fit": "average_SEM", 
        "value": -0.027065584878437222
    }, 
    "L1": {
        "error": 0.2010273480833324, 
        "fit": "average_SEM", 
        "value": -0.15281836494687012
    }, 
    "L2": {
        "error": 0.12636275773819325, 
        "fit": "average_SEM", 
        "value": 0.028359756807913073
    }
}