{
    "AX": {
        "error": 0.06840582017384647, 
        "fit": "average_SEM", 
        "value": 0.015258540477467856
    }, 
    "CDD": {
        "error": 0.00028595904802699944, 
        "fit": "average_SEM", 
        "value": 0.0004366098841273924
    }, 
    "H1": {
        "error": 0.1318560468508346, 
        "fit": "average_SEM", 
        "value": 0.001852723895960177
    }, 
    "H2": {
        "error": 0.13177472805658635, 
        "fit": "average_SEM", 
        "value": -0.03203860660820889
    }, 
    "L1": {
        "error": 0.18040525830915746, 
        "fit": "average_SEM", 
        "value": -0.16410793023242148
    }, 
    "L2": {
        "error": 0.13327052786709317, 
        "fit": "average_SEM", 
        "value": -0.016016610436781775
    }
}