{
    "AX": {
        "error": 0.07260521354500424, 
        "fit": "average_SEM", 
        "value": 0.01742328366841927
    }, 
    "CDD": {
        "error": 0.00027412759272691224, 
        "fit": "average_SEM", 
        "value": 0.0004638170280183355
    }, 
    "H1": {
        "error": 0.132849976178165, 
        "fit": "average_SEM", 
        "value": -0.013278975783578062
    }, 
    "H2": {
        "error": 0.11687099916723345, 
        "fit": "average_SEM", 
        "value": -0.046322384643523645
    }, 
    "L1": {
        "error": 0.18798203588633053, 
        "fit": "average_SEM", 
        "value": -0.15126454606105522
    }, 
    "L2": {
        "error": 0.14975152719697954, 
        "fit": "average_SEM", 
        "value": -0.0071895352711483914
    }
}