{
    "AX": {
        "error": 0.05665519988413207, 
        "fit": "average_SEM", 
        "value": 0.01565714222845903
    }, 
    "CDD": {
        "error": 4.333208687876528e-05, 
        "fit": "average_SEM", 
        "value": 1.2955782343245422e-05
    }, 
    "H1": {
        "error": 0.12158031336701713, 
        "fit": "average_SEM", 
        "value": -0.032793596767199534
    }, 
    "H2": {
        "error": 0.13803303108206388, 
        "fit": "average_SEM", 
        "value": 0.22010501344144964
    }, 
    "L1": {
        "error": 0.16389509940410238, 
        "fit": "average_SEM", 
        "value": -0.1498465602596601
    }, 
    "L2": {
        "error": 0.1281404273290301, 
        "fit": "average_SEM", 
        "value": 0.009185708632382253
    }
}