{
    "AX": {
        "error": 0.048625682384269134, 
        "fit": "average_SEM", 
        "value": 0.00474600992553557
    }, 
    "CDD": {
        "error": 2.8143120675910584e-05, 
        "fit": "average_SEM", 
        "value": 5.1823129372981685e-06
    }, 
    "H1": {
        "error": 0.12853681219480753, 
        "fit": "average_SEM", 
        "value": -0.03300750300986692
    }, 
    "H2": {
        "error": 0.11559169863107795, 
        "fit": "average_SEM", 
        "value": 0.21914560665609314
    }, 
    "L1": {
        "error": 0.1706892264731357, 
        "fit": "average_SEM", 
        "value": -0.11999106433747025
    }, 
    "L2": {
        "error": 0.1377639590089335, 
        "fit": "average_SEM", 
        "value": 0.0045000905015816295
    }
}