{
    "AX": {
        "error": 0.055630639260399274, 
        "fit": "average_SEM", 
        "value": 0.009356671369945009
    }, 
    "CDD": {
        "error": 5.790072534810255e-05, 
        "fit": "average_SEM", 
        "value": 1.8138095280543592e-05
    }, 
    "H1": {
        "error": 0.13814961008051949, 
        "fit": "average_SEM", 
        "value": -0.03251473002213364
    }, 
    "H2": {
        "error": 0.13581422901114193, 
        "fit": "average_SEM", 
        "value": -0.04970216938915352
    }, 
    "L1": {
        "error": 0.16525722372682622, 
        "fit": "average_SEM", 
        "value": -0.15112517698823164
    }, 
    "L2": {
        "error": 0.14174368576661503, 
        "fit": "average_SEM", 
        "value": -0.018736333788062134
    }
}