{
    "AX": {
        "error": 0.05984192501377303, 
        "fit": "average_SEM", 
        "value": 0.0060693106730468575
    }, 
    "CDD": {
        "error": 6.458978864544161e-05, 
        "fit": "average_SEM", 
        "value": 3.3685034092438095e-05
    }, 
    "H1": {
        "error": 0.13312609962705757, 
        "fit": "average_SEM", 
        "value": -0.020327390784708164
    }, 
    "H2": {
        "error": 0.13366759785411977, 
        "fit": "average_SEM", 
        "value": 0.23116730592834453
    }, 
    "L1": {
        "error": 0.15411668043962903, 
        "fit": "average_SEM", 
        "value": -0.145428026203687
    }, 
    "L2": {
        "error": 0.1249041204995264, 
        "fit": "average_SEM", 
        "value": 0.00699470745845853
    }
}