{
    "AX": {
        "error": 0.054367615889870886, 
        "fit": "average_SEM", 
        "value": 0.00770187615416944
    }, 
    "CDD": {
        "error": 2.8143120675910584e-05, 
        "fit": "average_SEM", 
        "value": 5.1823129372981685e-06
    }, 
    "H1": {
        "error": 0.1216470253792523, 
        "fit": "average_SEM", 
        "value": -0.05083176899158085
    }, 
    "H2": {
        "error": 0.10270887448457013, 
        "fit": "average_SEM", 
        "value": 0.22102730683982372
    }, 
    "L1": {
        "error": 0.1240457897012292, 
        "fit": "average_SEM", 
        "value": -0.1369975650780058
    }, 
    "L2": {
        "error": 0.16157354621432593, 
        "fit": "average_SEM", 
        "value": -0.011142393768144151
    }
}