{
    "AX": {
        "error": 0.06131236430750545, 
        "fit": "average_SEM", 
        "value": 0.004515518176291759
    }, 
    "CDD": {
        "error": 4.0142023401982103e-05, 
        "fit": "average_SEM", 
        "value": 5.1823129372981685e-06
    }, 
    "H1": {
        "error": 0.11424565162159682, 
        "fit": "average_SEM", 
        "value": -0.04301803065463901
    }, 
    "H2": {
        "error": 0.111897763527944, 
        "fit": "average_SEM", 
        "value": 0.21892808930327495
    }, 
    "L1": {
        "error": 0.15753014481091845, 
        "fit": "average_SEM", 
        "value": -0.13184165082251031
    }, 
    "L2": {
        "error": 0.15097288626436395, 
        "fit": "average_SEM", 
        "value": -0.016946505691157653
    }
}