{
    "AX": {
        "error": 0.05154135300223626, 
        "fit": "average_SEM", 
        "value": -0.001649074380232681
    }, 
    "CDD": {
        "error": 4.7034416801437166e-05, 
        "fit": "average_SEM", 
        "value": 1.5546938811894506e-05
    }, 
    "H1": {
        "error": 0.11089110782662083, 
        "fit": "average_SEM", 
        "value": -0.04797972857062026
    }, 
    "H2": {
        "error": 0.12231651846080098, 
        "fit": "average_SEM", 
        "value": 0.20085239636246116
    }, 
    "L1": {
        "error": 0.14652936940028582, 
        "fit": "average_SEM", 
        "value": -0.16059108598856256
    }, 
    "L2": {
        "error": 0.11412490877215663, 
        "fit": "average_SEM", 
        "value": -0.001850961920960496
    }
}