{
    "AX": {
        "error": 0.055235147213806055, 
        "fit": "average_SEM", 
        "value": -0.0048949019983410835
    }, 
    "CDD": {
        "error": 5.505981443192237e-05, 
        "fit": "average_SEM", 
        "value": 1.5546938811894506e-05
    }, 
    "H1": {
        "error": 0.1360803062032169, 
        "fit": "average_SEM", 
        "value": -0.04553232920588925
    }, 
    "H2": {
        "error": 0.12117476289768518, 
        "fit": "average_SEM", 
        "value": -0.06313358483215173
    }, 
    "L1": {
        "error": 0.139383776625692, 
        "fit": "average_SEM", 
        "value": -0.17264158111065625
    }, 
    "L2": {
        "error": 0.1494421407368156, 
        "fit": "average_SEM", 
        "value": -0.01749026100684811
    }
}