{
    "AX": {
        "error": 0.053365655561770156, 
        "fit": "average_SEM", 
        "value": -0.003063223422698987
    }, 
    "CDD": {
        "error": 8.972225099725544e-05, 
        "fit": "average_SEM", 
        "value": 5.441428584163077e-05
    }, 
    "H1": {
        "error": 0.12519670759644483, 
        "fit": "average_SEM", 
        "value": -0.044703191577961356
    }, 
    "H2": {
        "error": 0.12360275640395763, 
        "fit": "average_SEM", 
        "value": -0.02426806721681108
    }, 
    "L1": {
        "error": 0.14890758970743953, 
        "fit": "average_SEM", 
        "value": -0.15344398066711923
    }, 
    "L2": {
        "error": 0.1408786972647929, 
        "fit": "average_SEM", 
        "value": -0.02656334632386764
    }
}