{
    "AX": {
        "error": 0.06628351176108589, 
        "fit": "average_SEM", 
        "value": 0.009902001008110043
    }, 
    "CDD": {
        "error": 5.842897402781762e-05, 
        "fit": "average_SEM", 
        "value": 2.5911564686490845e-05
    }, 
    "H1": {
        "error": 0.12695381340010892, 
        "fit": "average_SEM", 
        "value": -0.04781699506177877
    }, 
    "H2": {
        "error": 0.12311901068028049, 
        "fit": "average_SEM", 
        "value": 0.21727591678500174
    }, 
    "L1": {
        "error": 0.16119746078360797, 
        "fit": "average_SEM", 
        "value": -0.1320645922794938
    }, 
    "L2": {
        "error": 0.11881917201663247, 
        "fit": "average_SEM", 
        "value": -0.000712072424357757
    }
}