{
    "AX": {
        "error": 0.05457999949014927, 
        "fit": "average_SEM", 
        "value": 0.0066250894276890905
    }, 
    "CDD": {
        "error": 6.287565758608366e-05, 
        "fit": "average_SEM", 
        "value": 2.332040821784176e-05
    }, 
    "H1": {
        "error": 0.12460822240093865, 
        "fit": "average_SEM", 
        "value": -0.060669260361464694
    }, 
    "H2": {
        "error": 0.1320011759822423, 
        "fit": "average_SEM", 
        "value": -0.07327754987782101
    }, 
    "L1": {
        "error": 0.15729206296005807, 
        "fit": "average_SEM", 
        "value": -0.13089339947036932
    }, 
    "L2": {
        "error": 0.13378732081539763, 
        "fit": "average_SEM", 
        "value": -0.03318304029138138
    }
}