{
    "AX": {
        "error": 0.05687138964159659, 
        "fit": "average_SEM", 
        "value": 0.002903910581759798
    }, 
    "CDD": {
        "error": 2.8143120675910584e-05, 
        "fit": "average_SEM", 
        "value": 5.1823129372981685e-06
    }, 
    "H1": {
        "error": 0.12950267463878526, 
        "fit": "average_SEM", 
        "value": -0.05123348608224963
    }, 
    "H2": {
        "error": 0.14131137086966417, 
        "fit": "average_SEM", 
        "value": -0.045542517867094526
    }, 
    "L1": {
        "error": 0.15031304241308138, 
        "fit": "average_SEM", 
        "value": -0.14907356952317058
    }, 
    "L2": {
        "error": 0.16273535174238307, 
        "fit": "average_SEM", 
        "value": -0.012438506291558345
    }
}