{
    "AX": {
        "error": 0.06333402232197016, 
        "fit": "average_SEM", 
        "value": 0.0030385571468893127
    }, 
    "CDD": {
        "error": 3.416971161763936e-05, 
        "fit": "average_SEM", 
        "value": 7.773469405947253e-06
    }, 
    "H1": {
        "error": 0.11260655107525071, 
        "fit": "average_SEM", 
        "value": -0.046109243193253255
    }, 
    "H2": {
        "error": 0.14504938932098327, 
        "fit": "average_SEM", 
        "value": 0.24231382102395096
    }, 
    "L1": {
        "error": 0.15773615791802126, 
        "fit": "average_SEM", 
        "value": -0.1283726877067238
    }, 
    "L2": {
        "error": 0.14566168101653318, 
        "fit": "average_SEM", 
        "value": 0.005963610803397993
    }
}