{
    "AX": {
        "error": 0.0597066986589702, 
        "fit": "average_SEM", 
        "value": -0.0006651028350461274
    }, 
    "CDD": {
        "error": 9.216233056291029e-05, 
        "fit": "average_SEM", 
        "value": 6.737006818487619e-05
    }, 
    "H1": {
        "error": 0.11691070077767186, 
        "fit": "average_SEM", 
        "value": -0.07427977068970601
    }, 
    "H2": {
        "error": 0.13367340992157423, 
        "fit": "average_SEM", 
        "value": 0.23442423373150328
    }, 
    "L1": {
        "error": 0.1527409230020295, 
        "fit": "average_SEM", 
        "value": -0.16829774367749148
    }, 
    "L2": {
        "error": 0.13478373605701993, 
        "fit": "average_SEM", 
        "value": -0.012678340793354437
    }
}