{
    "AX": {
        "error": 0.059325106137844266, 
        "fit": "average_SEM", 
        "value": 0.010086853371467442
    }, 
    "CDD": {
        "error": 2.0071011700991052e-05, 
        "fit": "average_SEM", 
        "value": 2.5911564686490842e-06
    }, 
    "H1": {
        "error": 0.0998074095558767, 
        "fit": "average_SEM", 
        "value": -0.022800038720015438
    }, 
    "H2": {
        "error": 0.1475196607895751, 
        "fit": "average_SEM", 
        "value": 0.23000563234672883
    }, 
    "L1": {
        "error": 0.15534596671506193, 
        "fit": "average_SEM", 
        "value": -0.1503944240976125
    }, 
    "L2": {
        "error": 0.13593448718737247, 
        "fit": "average_SEM", 
        "value": 0.01192906141319933
    }
}