{
    "AX": {
        "error": 0.06401248175243675, 
        "fit": "average_SEM", 
        "value": 0.002586248608592238
    }, 
    "CDD": {
        "error": 3.416971161763936e-05, 
        "fit": "average_SEM", 
        "value": 7.773469405947253e-06
    }, 
    "H1": {
        "error": 0.11630263843539777, 
        "fit": "average_SEM", 
        "value": -0.041920274567746676
    }, 
    "H2": {
        "error": 0.10787214465465317, 
        "fit": "average_SEM", 
        "value": 0.19400747160737714
    }, 
    "L1": {
        "error": 0.1726564319588486, 
        "fit": "average_SEM", 
        "value": -0.1739895221001158
    }, 
    "L2": {
        "error": 0.14508251596026236, 
        "fit": "average_SEM", 
        "value": -0.00894192256188641
    }
}