{
    "AX": {
        "error": 0.05382545595821464, 
        "fit": "average_SEM", 
        "value": 0.023444677856362735
    }, 
    "CDD": {
        "error": 4.7034416801437166e-05, 
        "fit": "average_SEM", 
        "value": 1.5546938811894506e-05
    }, 
    "H1": {
        "error": 0.12005670521309142, 
        "fit": "average_SEM", 
        "value": -0.040906138941257573
    }, 
    "H2": {
        "error": 0.1258269090415969, 
        "fit": "average_SEM", 
        "value": 0.23397430372424424
    }, 
    "L1": {
        "error": 0.17030518261262265, 
        "fit": "average_SEM", 
        "value": -0.1783906851662323
    }, 
    "L2": {
        "error": 0.12520770250147606, 
        "fit": "average_SEM", 
        "value": -0.010324868812070538
    }
}