{
    "AX": {
        "error": 0.061391213307878514, 
        "fit": "average_SEM", 
        "value": 0.004242782789515331
    }, 
    "CDD": {
        "error": 9.093170406626548e-05, 
        "fit": "average_SEM", 
        "value": 5.959659877892894e-05
    }, 
    "H1": {
        "error": 0.13799339896118198, 
        "fit": "average_SEM", 
        "value": -0.0391197261478131
    }, 
    "H2": {
        "error": 0.13386214916299308, 
        "fit": "average_SEM", 
        "value": 0.24783431057197353
    }, 
    "L1": {
        "error": 0.14626083639557455, 
        "fit": "average_SEM", 
        "value": -0.16500821081766237
    }, 
    "L2": {
        "error": 0.1510509385348768, 
        "fit": "average_SEM", 
        "value": -0.020544089621398597
    }
}