{
    "AX": {
        "error": 0.058527372030445356, 
        "fit": "average_SEM", 
        "value": -0.003427113368040106
    }, 
    "CDD": {
        "error": 3.910814956837816e-05, 
        "fit": "average_SEM", 
        "value": 1.0364625874596337e-05
    }, 
    "H1": {
        "error": 0.14212275685797982, 
        "fit": "average_SEM", 
        "value": -0.025869985996905598
    }, 
    "H2": {
        "error": 0.12263579254963693, 
        "fit": "average_SEM", 
        "value": -0.06315627380196626
    }, 
    "L1": {
        "error": 0.1649790074744733, 
        "fit": "average_SEM", 
        "value": -0.16836666027083994
    }, 
    "L2": {
        "error": 0.13804239983799502, 
        "fit": "average_SEM", 
        "value": -0.02434651884250343
    }
}