{
    "AX": {
        "error": 0.060254048910184814, 
        "fit": "average_SEM", 
        "value": 0.0004783988503428797
    }, 
    "CDD": {
        "error": 4.7034416801437166e-05, 
        "fit": "average_SEM", 
        "value": 1.5546938811894506e-05
    }, 
    "H1": {
        "error": 0.1386827074399723, 
        "fit": "average_SEM", 
        "value": -0.05890216656650106
    }, 
    "H2": {
        "error": 0.12830992367781258, 
        "fit": "average_SEM", 
        "value": 0.22316308571025728
    }, 
    "L1": {
        "error": 0.15444907913147723, 
        "fit": "average_SEM", 
        "value": -0.14954311867283346
    }, 
    "L2": {
        "error": 0.12663276146255734, 
        "fit": "average_SEM", 
        "value": -0.01799167172672848
    }
}