{
    "AX": {
        "error": 0.060308515481963136, 
        "fit": "average_SEM", 
        "value": -0.012164037606756514
    }, 
    "CDD": {
        "error": 0.00011928672588090518, 
        "fit": "average_SEM", 
        "value": 8.809932017660079e-05
    }, 
    "H1": {
        "error": 0.09573276332751214, 
        "fit": "average_SEM", 
        "value": -0.028503945017776762
    }, 
    "H2": {
        "error": 0.12377867146487494, 
        "fit": "average_SEM", 
        "value": 0.23676111740060152
    }, 
    "L1": {
        "error": 0.1737473891408767, 
        "fit": "average_SEM", 
        "value": -0.1367133985583981
    }, 
    "L2": {
        "error": 0.13064122161069885, 
        "fit": "average_SEM", 
        "value": 0.011064859025646
    }
}