{
    "AX": {
        "error": 0.06581800572170751, 
        "fit": "average_SEM", 
        "value": 0.0009502219928738971
    }, 
    "CDD": {
        "error": 5.8428974027817634e-05, 
        "fit": "average_SEM", 
        "value": 2.5911564686490845e-05
    }, 
    "H1": {
        "error": 0.11856693743086756, 
        "fit": "average_SEM", 
        "value": -0.03469344970556752
    }, 
    "H2": {
        "error": 0.12285610175094995, 
        "fit": "average_SEM", 
        "value": -0.03813638586822587
    }, 
    "L1": {
        "error": 0.1553941055637754, 
        "fit": "average_SEM", 
        "value": -0.15266766771674156
    }, 
    "L2": {
        "error": 0.13127043398221636, 
        "fit": "average_SEM", 
        "value": -0.004357469454407692
    }
}