{
    "AX": {
        "error": 0.05456200160055482, 
        "fit": "average_SEM", 
        "value": 0.007525664469964491
    }, 
    "CDD": {
        "error": 4.7034416801437166e-05, 
        "fit": "average_SEM", 
        "value": 1.5546938811894506e-05
    }, 
    "H1": {
        "error": 0.1393698873807153, 
        "fit": "average_SEM", 
        "value": -0.04079617680205653
    }, 
    "H2": {
        "error": 0.10483204338603326, 
        "fit": "average_SEM", 
        "value": -0.06543215668449799
    }, 
    "L1": {
        "error": 0.17158157920868017, 
        "fit": "average_SEM", 
        "value": -0.16275799294623236
    }, 
    "L2": {
        "error": 0.14680838639259577, 
        "fit": "average_SEM", 
        "value": 0.012250502780079841
    }
}