{
    "AX": {
        "error": 0.05934441369328892, 
        "fit": "average_SEM", 
        "value": -0.0026397972367703916
    }, 
    "CDD": {
        "error": 6.066492163027139e-05, 
        "fit": "average_SEM", 
        "value": 2.8502721155139927e-05
    }, 
    "H1": {
        "error": 0.13565969826859015, 
        "fit": "average_SEM", 
        "value": -0.023748465056996793
    }, 
    "H2": {
        "error": 0.1482832214555507, 
        "fit": "average_SEM", 
        "value": 0.2189277347138462
    }, 
    "L1": {
        "error": 0.16024123660244977, 
        "fit": "average_SEM", 
        "value": -0.14751990458656414
    }, 
    "L2": {
        "error": 0.11815307611280407, 
        "fit": "average_SEM", 
        "value": 0.010343430223292671
    }
}