{
    "AX": {
        "error": 0.062092484564658185, 
        "fit": "average_SEM", 
        "value": 0.016041215885585793
    }, 
    "CDD": {
        "error": 4.333208687876528e-05, 
        "fit": "average_SEM", 
        "value": 1.2955782343245422e-05
    }, 
    "H1": {
        "error": 0.14067446430624325, 
        "fit": "average_SEM", 
        "value": -0.03570955224665037
    }, 
    "H2": {
        "error": 0.12371619584641146, 
        "fit": "average_SEM", 
        "value": 0.19438151963986455
    }, 
    "L1": {
        "error": 0.1620115831366083, 
        "fit": "average_SEM", 
        "value": -0.13396151010723165
    }, 
    "L2": {
        "error": 0.12092689409302922, 
        "fit": "average_SEM", 
        "value": -0.017830308841075747
    }
}