{
    "AX": {
        "error": 0.05683809439958263, 
        "fit": "average_SEM", 
        "value": 0.018378664862636167
    }, 
    "CDD": {
        "error": 2.0071011700991052e-05, 
        "fit": "average_SEM", 
        "value": 2.5911564686490842e-06
    }, 
    "H1": {
        "error": 0.11784851415265372, 
        "fit": "average_SEM", 
        "value": -0.03256483714988766
    }, 
    "H2": {
        "error": 0.12295617363044438, 
        "fit": "average_SEM", 
        "value": 0.22613713527098298
    }, 
    "L1": {
        "error": 0.1662245043969942, 
        "fit": "average_SEM", 
        "value": -0.1513618596092177
    }, 
    "L2": {
        "error": 0.13413996266927025, 
        "fit": "average_SEM", 
        "value": -0.006135416403412819
    }
}