{
    "AX": {
        "error": 0.04704717644096377, 
        "fit": "average_SEM", 
        "value": 0.004027682421534943
    }, 
    "CDD": {
        "error": 6.458978864544161e-05, 
        "fit": "average_SEM", 
        "value": 3.3685034092438095e-05
    }, 
    "H1": {
        "error": 0.13182002615408636, 
        "fit": "average_SEM", 
        "value": -0.045131565708046155
    }, 
    "H2": {
        "error": 0.13359169778474564, 
        "fit": "average_SEM", 
        "value": 0.22469752091759196
    }, 
    "L1": {
        "error": 0.174802200159362, 
        "fit": "average_SEM", 
        "value": -0.1286978988830621
    }, 
    "L2": {
        "error": 0.16139357895215353, 
        "fit": "average_SEM", 
        "value": -0.010096362317805566
    }
}