{
    "AX": {
        "error": 0.056896741255121314, 
        "fit": "average_SEM", 
        "value": 0.007417407522901461
    }, 
    "CDD": {
        "error": 3.910814956837816e-05, 
        "fit": "average_SEM", 
        "value": 1.0364625874596337e-05
    }, 
    "H1": {
        "error": 0.12159496722675787, 
        "fit": "average_SEM", 
        "value": -0.031792694710505505
    }, 
    "H2": {
        "error": 0.1024837372806289, 
        "fit": "average_SEM", 
        "value": 0.23600055140753587
    }, 
    "L1": {
        "error": 0.1669386373096182, 
        "fit": "average_SEM", 
        "value": -0.12944656825081136
    }, 
    "L2": {
        "error": 0.1583107020951899, 
        "fit": "average_SEM", 
        "value": 0.021180835001481078
    }
}