{
    "AX": {
        "error": 0.06232327112466911, 
        "fit": "average_SEM", 
        "value": 0.0001527733732170115
    }, 
    "CDD": {
        "error": 4.333208687876528e-05, 
        "fit": "average_SEM", 
        "value": 1.2955782343245422e-05
    }, 
    "H1": {
        "error": 0.1258640490504926, 
        "fit": "average_SEM", 
        "value": -0.028746970335487277
    }, 
    "H2": {
        "error": 0.11738781593541321, 
        "fit": "average_SEM", 
        "value": 0.23904902186089505
    }, 
    "L1": {
        "error": 0.1665421407099988, 
        "fit": "average_SEM", 
        "value": -0.14456686032935978
    }, 
    "L2": {
        "error": 0.13760065496782445, 
        "fit": "average_SEM", 
        "value": -0.0012738369715710482
    }
}