{
    "AX": {
        "error": 0.04927655171715659, 
        "fit": "average_SEM", 
        "value": 0.007014821615302935
    }, 
    "CDD": {
        "error": 4.457483587697268e-05, 
        "fit": "average_SEM", 
        "value": 7.773469405947253e-06
    }, 
    "H1": {
        "error": 0.14112618983970793, 
        "fit": "average_SEM", 
        "value": -0.02264127294377734
    }, 
    "H2": {
        "error": 0.13621870691077922, 
        "fit": "average_SEM", 
        "value": 0.21831025557282072
    }, 
    "L1": {
        "error": 0.17311327608847224, 
        "fit": "average_SEM", 
        "value": -0.14907082606417438
    }, 
    "L2": {
        "error": 0.14837919160552507, 
        "fit": "average_SEM", 
        "value": -0.0038136978187443067
    }
}