{
    "AX": {
        "error": 0.04851026230207678, 
        "fit": "average_SEM", 
        "value": -0.0057384640977640325
    }, 
    "CDD": {
        "error": 2.8143120675910584e-05, 
        "fit": "average_SEM", 
        "value": 5.1823129372981685e-06
    }, 
    "H1": {
        "error": 0.15943430004262832, 
        "fit": "average_SEM", 
        "value": -0.03790999879905333
    }, 
    "H2": {
        "error": 0.12607390224032666, 
        "fit": "average_SEM", 
        "value": 0.22010584047529846
    }, 
    "L1": {
        "error": 0.16666613435808603, 
        "fit": "average_SEM", 
        "value": -0.13796747975672286
    }, 
    "L2": {
        "error": 0.1530016065269666, 
        "fit": "average_SEM", 
        "value": -0.0022706001764163375
    }
}