{
    "AX": {
        "error": 0.0660686176515739, 
        "fit": "average_SEM", 
        "value": 0.0019161592121236027
    }, 
    "CDD": {
        "error": 3.910814956837816e-05, 
        "fit": "average_SEM", 
        "value": 1.0364625874596337e-05
    }, 
    "H1": {
        "error": 0.13045270275152343, 
        "fit": "average_SEM", 
        "value": -0.052605702444755785
    }, 
    "H2": {
        "error": 0.12387642850354466, 
        "fit": "average_SEM", 
        "value": 0.2151142446945111
    }, 
    "L1": {
        "error": 0.16720952797781294, 
        "fit": "average_SEM", 
        "value": -0.14139402558406194
    }, 
    "L2": {
        "error": 0.14937465449295323, 
        "fit": "average_SEM", 
        "value": -0.00929821315803565
    }
}