{
    "AX": {
        "error": 0.060524314372866865, 
        "fit": "average_SEM", 
        "value": -0.0019441966787174655
    }, 
    "CDD": {
        "error": 5.842897402781762e-05, 
        "fit": "average_SEM", 
        "value": 2.5911564686490845e-05
    }, 
    "H1": {
        "error": 0.1376531411563227, 
        "fit": "average_SEM", 
        "value": -0.040956882977237305
    }, 
    "H2": {
        "error": 0.12132464351926538, 
        "fit": "average_SEM", 
        "value": 0.2243282956071198
    }, 
    "L1": {
        "error": 0.15403779890952454, 
        "fit": "average_SEM", 
        "value": -0.16509762373407283
    }, 
    "L2": {
        "error": 0.12987807026874848, 
        "fit": "average_SEM", 
        "value": -0.015304354020554457
    }
}