{
    "AX": {
        "error": 0.05631250222059588, 
        "fit": "average_SEM", 
        "value": 0.01043613434691603
    }, 
    "CDD": {
        "error": 0.0, 
        "fit": "average_SEM", 
        "value": 0.0
    }, 
    "H1": {
        "error": 0.1310758086067824, 
        "fit": "average_SEM", 
        "value": -0.05529671642192018
    }, 
    "H2": {
        "error": 0.12584550487421375, 
        "fit": "average_SEM", 
        "value": -0.05481153587267424
    }, 
    "L1": {
        "error": 0.15671164537988866, 
        "fit": "average_SEM", 
        "value": -0.14845578403522572
    }, 
    "L2": {
        "error": 0.12645258092950262, 
        "fit": "average_SEM", 
        "value": -0.019136196933686733
    }
}