{
    "AX": {
        "error": 0.06060696267888095, 
        "fit": "average_SEM", 
        "value": 0.0032737569068558513
    }, 
    "CDD": {
        "error": 7.108191478003536e-05, 
        "fit": "average_SEM", 
        "value": 2.5911564686490845e-05
    }, 
    "H1": {
        "error": 0.12369740264957639, 
        "fit": "average_SEM", 
        "value": -0.030153090913396834
    }, 
    "H2": {
        "error": 0.12175386348608479, 
        "fit": "average_SEM", 
        "value": 0.22372654276744772
    }, 
    "L1": {
        "error": 0.15752432202791958, 
        "fit": "average_SEM", 
        "value": -0.14003411364586402
    }, 
    "L2": {
        "error": 0.1343947697329792, 
        "fit": "average_SEM", 
        "value": 0.04092215674075608
    }
}