{
    "AX": {
        "error": 0.05534297322783932, 
        "fit": "average_SEM", 
        "value": 0.011092387791359215
    }, 
    "CDD": {
        "error": 2.0071011700991052e-05, 
        "fit": "average_SEM", 
        "value": 2.5911564686490842e-06
    }, 
    "H1": {
        "error": 0.13496657799584558, 
        "fit": "average_SEM", 
        "value": -0.023384185403119772
    }, 
    "H2": {
        "error": 0.13139980764138576, 
        "fit": "average_SEM", 
        "value": 0.22309205831261353
    }, 
    "L1": {
        "error": 0.1567093915059854, 
        "fit": "average_SEM", 
        "value": -0.1470706347686549
    }, 
    "L2": {
        "error": 0.12257660095558183, 
        "fit": "average_SEM", 
        "value": 0.007025199546478689
    }
}