{
    "AX": {
        "error": 0.06659523303400446, 
        "fit": "average_SEM", 
        "value": 0.010607201107389604
    }, 
    "CDD": {
        "error": 5.8428974027817634e-05, 
        "fit": "average_SEM", 
        "value": 2.5911564686490845e-05
    }, 
    "H1": {
        "error": 0.13716662373006852, 
        "fit": "average_SEM", 
        "value": -0.044747799867764115
    }, 
    "H2": {
        "error": 0.1306259584469953, 
        "fit": "average_SEM", 
        "value": 0.21136418251941602
    }, 
    "L1": {
        "error": 0.187041329420212, 
        "fit": "average_SEM", 
        "value": -0.1506210223549715
    }, 
    "L2": {
        "error": 0.13011897896682847, 
        "fit": "average_SEM", 
        "value": 0.005456992731584857
    }
}