{
    "AX": {
        "error": 0.06637681933113981, 
        "fit": "average_SEM", 
        "value": -0.00699806654981027
    }, 
    "CDD": {
        "error": 8.571353249510935e-05, 
        "fit": "average_SEM", 
        "value": 5.7005442310279854e-05
    }, 
    "H1": {
        "error": 0.1291213711998617, 
        "fit": "average_SEM", 
        "value": -0.024842807728176316
    }, 
    "H2": {
        "error": 0.10578992182999673, 
        "fit": "average_SEM", 
        "value": -0.030480009402769306
    }, 
    "L1": {
        "error": 0.165965726979677, 
        "fit": "average_SEM", 
        "value": -0.16749714044854044
    }, 
    "L2": {
        "error": 0.11475010883637778, 
        "fit": "average_SEM", 
        "value": -0.01689160535000459
    }
}