{
    "AX": {
        "error": 0.059051148722442964, 
        "fit": "average_SEM", 
        "value": 0.003813382567265459
    }, 
    "CDD": {
        "error": 6.933133900602446e-05, 
        "fit": "average_SEM", 
        "value": 4.145850349838535e-05
    }, 
    "H1": {
        "error": 0.12043104789775251, 
        "fit": "average_SEM", 
        "value": -0.029806110046532316
    }, 
    "H2": {
        "error": 0.1135112835115707, 
        "fit": "average_SEM", 
        "value": 0.21737132685860464
    }, 
    "L1": {
        "error": 0.15895259716990948, 
        "fit": "average_SEM", 
        "value": -0.1626868435802559
    }, 
    "L2": {
        "error": 0.1431906418579962, 
        "fit": "average_SEM", 
        "value": -0.016523020256621144
    }
}