{
    "AX": {
        "error": 0.059121321284040004, 
        "fit": "average_SEM", 
        "value": 0.007163140835473314
    }, 
    "CDD": {
        "error": 3.416971161763936e-05, 
        "fit": "average_SEM", 
        "value": 7.773469405947253e-06
    }, 
    "H1": {
        "error": 0.1066178932201461, 
        "fit": "average_SEM", 
        "value": -0.028893608693033458
    }, 
    "H2": {
        "error": 0.1367839242874354, 
        "fit": "average_SEM", 
        "value": 0.24685960138837496
    }, 
    "L1": {
        "error": 0.1639591062911837, 
        "fit": "average_SEM", 
        "value": -0.16033454093897792
    }, 
    "L2": {
        "error": 0.141430145309168, 
        "fit": "average_SEM", 
        "value": -0.001999423032005628
    }
}