{
    "AX": {
        "error": 0.06535597721179313, 
        "fit": "average_SEM", 
        "value": -0.00024003103414239982
    }, 
    "CDD": {
        "error": 2.8143120675910584e-05, 
        "fit": "average_SEM", 
        "value": 5.1823129372981685e-06
    }, 
    "H1": {
        "error": 0.09628824574068201, 
        "fit": "average_SEM", 
        "value": -0.050398339677000574
    }, 
    "H2": {
        "error": 0.12180935685292571, 
        "fit": "average_SEM", 
        "value": 0.19622934506818032
    }, 
    "L1": {
        "error": 0.1417047269302357, 
        "fit": "average_SEM", 
        "value": -0.15302090179175137
    }, 
    "L2": {
        "error": 0.1271545239897105, 
        "fit": "average_SEM", 
        "value": -0.003461640126382311
    }
}