{
    "AX": {
        "error": 0.05851613407237244, 
        "fit": "average_SEM", 
        "value": -0.010215957059214513
    }, 
    "CDD": {
        "error": 0.00011624282569917595, 
        "fit": "average_SEM", 
        "value": 7.514353783335536e-05
    }, 
    "H1": {
        "error": 0.1259722395388326, 
        "fit": "average_SEM", 
        "value": -0.03801240432318688
    }, 
    "H2": {
        "error": 0.12781094086485226, 
        "fit": "average_SEM", 
        "value": 0.22192000950453802
    }, 
    "L1": {
        "error": 0.15057875762566642, 
        "fit": "average_SEM", 
        "value": -0.16647783562851448
    }, 
    "L2": {
        "error": 0.13968546042137628, 
        "fit": "average_SEM", 
        "value": -0.02131891759733359
    }
}