{
    "AX": {
        "error": 0.06370948763276824, 
        "fit": "average_SEM", 
        "value": 0.005119950716228535
    }, 
    "CDD": {
        "error": 7.834713217907984e-05, 
        "fit": "average_SEM", 
        "value": 4.92319729043326e-05
    }, 
    "H1": {
        "error": 0.11470843229210052, 
        "fit": "average_SEM", 
        "value": -0.047224214909753454
    }, 
    "H2": {
        "error": 0.11000865262619233, 
        "fit": "average_SEM", 
        "value": 0.22886402880152065
    }, 
    "L1": {
        "error": 0.1756099388735579, 
        "fit": "average_SEM", 
        "value": -0.16554772958625108
    }, 
    "L2": {
        "error": 0.14261319371078227, 
        "fit": "average_SEM", 
        "value": -0.012812679704802576
    }
}