{
    "AX": {
        "error": 0.05376553010669416, 
        "fit": "average_SEM", 
        "value": 0.0075313464297020495
    }, 
    "CDD": {
        "error": 7.62268614080079e-05, 
        "fit": "average_SEM", 
        "value": 3.3685034092438095e-05
    }, 
    "H1": {
        "error": 0.1239965812332562, 
        "fit": "average_SEM", 
        "value": -0.04616459293756634
    }, 
    "H2": {
        "error": 0.1107262268391794, 
        "fit": "average_SEM", 
        "value": 0.20565342673410972
    }, 
    "L1": {
        "error": 0.15287268079638178, 
        "fit": "average_SEM", 
        "value": -0.13719649096019565
    }, 
    "L2": {
        "error": 0.15301018668576302, 
        "fit": "average_SEM", 
        "value": -0.0049493478312797375
    }
}