{
    "AX": {
        "error": 0.06492439979320586, 
        "fit": "average_SEM", 
        "value": 0.008220857137348502
    }, 
    "CDD": {
        "error": 0.0, 
        "fit": "average_SEM", 
        "value": 0.0
    }, 
    "H1": {
        "error": 0.13794569511783014, 
        "fit": "average_SEM", 
        "value": -0.0490904768773665
    }, 
    "H2": {
        "error": 0.12533557188367345, 
        "fit": "average_SEM", 
        "value": 0.21176315650033453
    }, 
    "L1": {
        "error": 0.14737736876048946, 
        "fit": "average_SEM", 
        "value": -0.1445679433333377
    }, 
    "L2": {
        "error": 0.11736517974355291, 
        "fit": "average_SEM", 
        "value": -0.00890436284050035
    }
}