{
    "AX": {
        "error": 0.06002818327402635, 
        "fit": "average_SEM", 
        "value": 0.0015050668919381375
    }, 
    "CDD": {
        "error": 6.893628542555215e-05, 
        "fit": "average_SEM", 
        "value": 3.109387762378901e-05
    }, 
    "H1": {
        "error": 0.13422143341849432, 
        "fit": "average_SEM", 
        "value": -0.04211570539822181
    }, 
    "H2": {
        "error": 0.13592214000452743, 
        "fit": "average_SEM", 
        "value": 0.23019404533940058
    }, 
    "L1": {
        "error": 0.1525129086242249, 
        "fit": "average_SEM", 
        "value": -0.16652691087219865
    }, 
    "L2": {
        "error": 0.12724249077016875, 
        "fit": "average_SEM", 
        "value": 0.012654076307080686
    }
}