{
    "AX": {
        "error": 0.055199478781216414, 
        "fit": "average_SEM", 
        "value": 0.005081717043261354
    }, 
    "CDD": {
        "error": 7.064833755078198e-05, 
        "fit": "average_SEM", 
        "value": 3.3685034092438095e-05
    }, 
    "H1": {
        "error": 0.11523383455799388, 
        "fit": "average_SEM", 
        "value": -0.02526856476276104
    }, 
    "H2": {
        "error": 0.14162896049200618, 
        "fit": "average_SEM", 
        "value": 0.21048138123005627
    }, 
    "L1": {
        "error": 0.15509562235684587, 
        "fit": "average_SEM", 
        "value": -0.15667623949314777
    }, 
    "L2": {
        "error": 0.15585903438710064, 
        "fit": "average_SEM", 
        "value": -0.03535410891248224
    }
}