{
    "AX": {
        "error": 0.05983196159517963, 
        "fit": "average_SEM", 
        "value": 0.0018605032547687492
    }, 
    "CDD": {
        "error": 4.7034416801437166e-05, 
        "fit": "average_SEM", 
        "value": 1.5546938811894506e-05
    }, 
    "H1": {
        "error": 0.1269470692887735, 
        "fit": "average_SEM", 
        "value": -0.029061986952243993
    }, 
    "H2": {
        "error": 0.1313255487746685, 
        "fit": "average_SEM", 
        "value": 0.22875342351035216
    }, 
    "L1": {
        "error": 0.1577091829432712, 
        "fit": "average_SEM", 
        "value": -0.15371265941842768
    }, 
    "L2": {
        "error": 0.12132209872582658, 
        "fit": "average_SEM", 
        "value": 0.02736017696443014
    }
}