{
    "AX": {
        "error": 0.06364786966490252, 
        "fit": "average_SEM", 
        "value": -0.0053245721384882925
    }, 
    "CDD": {
        "error": 9.43587239481425e-05, 
        "fit": "average_SEM", 
        "value": 4.145850374091727e-05
    }, 
    "H1": {
        "error": 0.1107647541244133, 
        "fit": "average_SEM", 
        "value": -0.03017665174944947
    }, 
    "H2": {
        "error": 0.11445010441959547, 
        "fit": "average_SEM", 
        "value": 0.2188884078214566
    }, 
    "L1": {
        "error": 0.16007953267286448, 
        "fit": "average_SEM", 
        "value": -0.13831751239097986
    }, 
    "L2": {
        "error": 0.1569159993125789, 
        "fit": "average_SEM", 
        "value": -0.019468464551027864
    }
}