{
    "AX": {
        "error": 0.06356432388815085, 
        "fit": "average_SEM", 
        "value": 0.0006594506150577218
    }, 
    "CDD": {
        "error": 2.0071011700991052e-05, 
        "fit": "average_SEM", 
        "value": 2.5911564686490842e-06
    }, 
    "H1": {
        "error": 0.15989277531736792, 
        "fit": "average_SEM", 
        "value": -0.049408271548842704
    }, 
    "H2": {
        "error": 0.12398785431672024, 
        "fit": "average_SEM", 
        "value": 0.22364348728830616
    }, 
    "L1": {
        "error": 0.18120051251053773, 
        "fit": "average_SEM", 
        "value": -0.1805037809458251
    }, 
    "L2": {
        "error": 0.1450996979964184, 
        "fit": "average_SEM", 
        "value": -0.020013699245949586
    }
}