{
    "AX": {
        "error": 0.05728983204411188, 
        "fit": "average_SEM", 
        "value": 0.01154413681360893
    }, 
    "CDD": {
        "error": 3.910814956837816e-05, 
        "fit": "average_SEM", 
        "value": 1.0364625874596337e-05
    }, 
    "H1": {
        "error": 0.11912848984572565, 
        "fit": "average_SEM", 
        "value": -0.028660616371780634
    }, 
    "H2": {
        "error": 0.10393478150759151, 
        "fit": "average_SEM", 
        "value": 0.23641713724161187
    }, 
    "L1": {
        "error": 0.15465070272391776, 
        "fit": "average_SEM", 
        "value": -0.14410653971329643
    }, 
    "L2": {
        "error": 0.10808949096453498, 
        "fit": "average_SEM", 
        "value": -0.036711750813992694
    }
}