{
    "AX": {
        "error": 0.05227234224072428, 
        "fit": "average_SEM", 
        "value": 0.0031091286063504716
    }, 
    "CDD": {
        "error": 5.5982153544286125e-05, 
        "fit": "average_SEM", 
        "value": 2.332040821784176e-05
    }, 
    "H1": {
        "error": 0.12466084519930504, 
        "fit": "average_SEM", 
        "value": -0.03853266100243976
    }, 
    "H2": {
        "error": 0.13311323862725172, 
        "fit": "average_SEM", 
        "value": 0.21462993063032626
    }, 
    "L1": {
        "error": 0.16633382111775397, 
        "fit": "average_SEM", 
        "value": -0.14400423184173025
    }, 
    "L2": {
        "error": 0.14015942461585507, 
        "fit": "average_SEM", 
        "value": -0.03389597344018209
    }
}