{
    "AX": {
        "error": 0.06996205845287844, 
        "fit": "average_SEM", 
        "value": -0.005412542268944284
    }, 
    "CDD": {
        "error": 7.064833755078198e-05, 
        "fit": "average_SEM", 
        "value": 3.3685034092438095e-05
    }, 
    "H1": {
        "error": 0.11900409415386605, 
        "fit": "average_SEM", 
        "value": -0.05417483052005991
    }, 
    "H2": {
        "error": 0.14114667885623153, 
        "fit": "average_SEM", 
        "value": 0.22819352528701226
    }, 
    "L1": {
        "error": 0.17778166821574606, 
        "fit": "average_SEM", 
        "value": -0.1797644975381748
    }, 
    "L2": {
        "error": 0.13928632543840827, 
        "fit": "average_SEM", 
        "value": 0.01800294752853612
    }
}