{
    "AX": {
        "error": 0.06473881176499684, 
        "fit": "average_SEM", 
        "value": -0.0011500887922011316
    }, 
    "CDD": {
        "error": 2.007101170099105e-05, 
        "fit": "average_SEM", 
        "value": 2.5911564686490842e-06
    }, 
    "H1": {
        "error": 0.12522694165491668, 
        "fit": "average_SEM", 
        "value": -0.05406086595418553
    }, 
    "H2": {
        "error": 0.1267126931247194, 
        "fit": "average_SEM", 
        "value": 0.23042589748899142
    }, 
    "L1": {
        "error": 0.14101361102247323, 
        "fit": "average_SEM", 
        "value": -0.13070566543998818
    }, 
    "L2": {
        "error": 0.12703711187882447, 
        "fit": "average_SEM", 
        "value": -0.004280047297167282
    }
}