{
    "AX": {
        "error": 0.06092388281729263, 
        "fit": "average_SEM", 
        "value": 0.0012684412281184147
    }, 
    "CDD": {
        "error": 3.910814956837816e-05, 
        "fit": "average_SEM", 
        "value": 1.0364625874596337e-05
    }, 
    "H1": {
        "error": 0.1332577240335811, 
        "fit": "average_SEM", 
        "value": -0.04331924355453035
    }, 
    "H2": {
        "error": 0.1301969054312385, 
        "fit": "average_SEM", 
        "value": 0.24746238002553583
    }, 
    "L1": {
        "error": 0.1545856236040741, 
        "fit": "average_SEM", 
        "value": -0.1426386575214565
    }, 
    "L2": {
        "error": 0.12362298553710152, 
        "fit": "average_SEM", 
        "value": -0.017448493764580537
    }
}