{
    "AX": {
        "error": 0.05460417414915885, 
        "fit": "average_SEM", 
        "value": 0.0005023414618335664
    }, 
    "CDD": {
        "error": 3.416971161763936e-05, 
        "fit": "average_SEM", 
        "value": 7.773469405947253e-06
    }, 
    "H1": {
        "error": 0.1178554671079183, 
        "fit": "average_SEM", 
        "value": -0.015297108395801236
    }, 
    "H2": {
        "error": 0.12122220758573933, 
        "fit": "average_SEM", 
        "value": 0.24472844675183297
    }, 
    "L1": {
        "error": 0.16444814234337674, 
        "fit": "average_SEM", 
        "value": -0.17497556058030264
    }, 
    "L2": {
        "error": 0.11368495951113171, 
        "fit": "average_SEM", 
        "value": -0.008584796216867592
    }
}