{
    "AX": {
        "error": 0.0595627274307989, 
        "fit": "average_SEM", 
        "value": 0.010240167670417577
    }, 
    "CDD": {
        "error": 3.910814956837816e-05, 
        "fit": "average_SEM", 
        "value": 1.0364625874596337e-05
    }, 
    "H1": {
        "error": 0.13212262663098673, 
        "fit": "average_SEM", 
        "value": -0.047370539555170885
    }, 
    "H2": {
        "error": 0.1254151358259677, 
        "fit": "average_SEM", 
        "value": -0.055036498536355796
    }, 
    "L1": {
        "error": 0.156172416747242, 
        "fit": "average_SEM", 
        "value": -0.1526329301375275
    }, 
    "L2": {
        "error": 0.13433608941997383, 
        "fit": "average_SEM", 
        "value": -0.00038202306410918633
    }
}