{
    "AX": {
        "error": 0.06993418339980224, 
        "fit": "average_SEM", 
        "value": -0.0014173525346753498
    }, 
    "CDD": {
        "error": 5.033038043180274e-05, 
        "fit": "average_SEM", 
        "value": 1.8138095280543592e-05
    }, 
    "H1": {
        "error": 0.1266300484760061, 
        "fit": "average_SEM", 
        "value": -0.025322789109001556
    }, 
    "H2": {
        "error": 0.12605451470262422, 
        "fit": "average_SEM", 
        "value": 0.21310923233007392
    }, 
    "L1": {
        "error": 0.1515192074284187, 
        "fit": "average_SEM", 
        "value": -0.14306939905703378
    }, 
    "L2": {
        "error": 0.11882897627395135, 
        "fit": "average_SEM", 
        "value": -0.004586623209373405
    }
}