{
    "AX": {
        "error": 0.05942535417944264, 
        "fit": "average_SEM", 
        "value": 0.00773603623577704
    }, 
    "CDD": {
        "error": 5.842897402781762e-05, 
        "fit": "average_SEM", 
        "value": 2.5911564686490845e-05
    }, 
    "H1": {
        "error": 0.12989854123164715, 
        "fit": "average_SEM", 
        "value": -0.0423778044176288
    }, 
    "H2": {
        "error": 0.1303401807340104, 
        "fit": "average_SEM", 
        "value": 0.2049856971638898
    }, 
    "L1": {
        "error": 0.16144846231798599, 
        "fit": "average_SEM", 
        "value": -0.17272592479906354
    }, 
    "L2": {
        "error": 0.1368078217446821, 
        "fit": "average_SEM", 
        "value": -0.0018297921167686581
    }
}