{
    "AX": {
        "error": 0.05514267576677209, 
        "fit": "average_SEM", 
        "value": -0.004019860424644624
    }, 
    "CDD": {
        "error": 4.7034416801437166e-05, 
        "fit": "average_SEM", 
        "value": 1.5546938811894506e-05
    }, 
    "H1": {
        "error": 0.10964086275323084, 
        "fit": "average_SEM", 
        "value": -0.023393896326888354
    }, 
    "H2": {
        "error": 0.13428925570864506, 
        "fit": "average_SEM", 
        "value": 0.22408795322213942
    }, 
    "L1": {
        "error": 0.1571399173556825, 
        "fit": "average_SEM", 
        "value": -0.1588128616567701
    }, 
    "L2": {
        "error": 0.15393391863518188, 
        "fit": "average_SEM", 
        "value": -0.019887325974802177
    }
}