{
    "AX": {
        "error": 0.06209740803814344, 
        "fit": "average_SEM", 
        "value": 0.0020287255999088907
    }, 
    "CDD": {
        "error": 2.8143120675910584e-05, 
        "fit": "average_SEM", 
        "value": 5.1823129372981685e-06
    }, 
    "H1": {
        "error": 0.13862619053301817, 
        "fit": "average_SEM", 
        "value": -0.05339325275272131
    }, 
    "H2": {
        "error": 0.12716097043482666, 
        "fit": "average_SEM", 
        "value": 0.2605479495289425
    }, 
    "L1": {
        "error": 0.16517841375138215, 
        "fit": "average_SEM", 
        "value": -0.1373976706371953
    }, 
    "L2": {
        "error": 0.13865736855512978, 
        "fit": "average_SEM", 
        "value": -0.011133363119248922
    }
}