{
    "AX": {
        "error": 0.05384944567380796, 
        "fit": "average_SEM", 
        "value": -0.005722966142153989
    }, 
    "CDD": {
        "error": 9.843157992670508e-05, 
        "fit": "average_SEM", 
        "value": 5.441428584163077e-05
    }, 
    "H1": {
        "error": 0.1224498853653091, 
        "fit": "average_SEM", 
        "value": 0.006251215882366523
    }, 
    "H2": {
        "error": 0.11056168324449278, 
        "fit": "average_SEM", 
        "value": 0.22868527431661884
    }, 
    "L1": {
        "error": 0.1787240297775932, 
        "fit": "average_SEM", 
        "value": -0.1362660616946717
    }, 
    "L2": {
        "error": 0.15215163538937962, 
        "fit": "average_SEM", 
        "value": 0.0026888819127634635
    }
}