{
    "AX": {
        "error": 0.059983235234240734, 
        "fit": "average_SEM", 
        "value": 0.006733763219866281
    }, 
    "CDD": {
        "error": 4.846435973051795e-05, 
        "fit": "average_SEM", 
        "value": 1.0364625874596337e-05
    }, 
    "H1": {
        "error": 0.13687727508653577, 
        "fit": "average_SEM", 
        "value": -0.04613305300784608
    }, 
    "H2": {
        "error": 0.1282233149432039, 
        "fit": "average_SEM", 
        "value": 0.22370745735242964
    }, 
    "L1": {
        "error": 0.1523132099572165, 
        "fit": "average_SEM", 
        "value": -0.1629364400044627
    }, 
    "L2": {
        "error": 0.14586867738968048, 
        "fit": "average_SEM", 
        "value": 0.003978148894384503
    }
}