{
    "AX": {
        "error": 0.04945406414869677, 
        "fit": "average_SEM", 
        "value": 0.008258376450976357
    }, 
    "CDD": {
        "error": 4.7034416801437166e-05, 
        "fit": "average_SEM", 
        "value": 1.5546938811894506e-05
    }, 
    "H1": {
        "error": 0.12233723609940379, 
        "fit": "average_SEM", 
        "value": -0.03911805521541586
    }, 
    "H2": {
        "error": 0.10533010517103593, 
        "fit": "average_SEM", 
        "value": 0.2202265005481119
    }, 
    "L1": {
        "error": 0.14935877889281973, 
        "fit": "average_SEM", 
        "value": -0.15249631145852618
    }, 
    "L2": {
        "error": 0.1555041687937489, 
        "fit": "average_SEM", 
        "value": 0.0062193617190738825
    }
}