{
    "AX": {
        "error": 0.055763622021809414, 
        "fit": "average_SEM", 
        "value": 0.001994841403211467
    }, 
    "CDD": {
        "error": 2.0071011700991052e-05, 
        "fit": "average_SEM", 
        "value": 2.5911564686490842e-06
    }, 
    "H1": {
        "error": 0.14124569965851913, 
        "fit": "average_SEM", 
        "value": -0.06660306984170651
    }, 
    "H2": {
        "error": 0.10713902988051117, 
        "fit": "average_SEM", 
        "value": -0.04215228584750245
    }, 
    "L1": {
        "error": 0.1467884946205532, 
        "fit": "average_SEM", 
        "value": -0.13732748063436398
    }, 
    "L2": {
        "error": 0.13435126196448932, 
        "fit": "average_SEM", 
        "value": -0.018802940925039972
    }
}