{
    "AX": {
        "error": 0.06031359075013592, 
        "fit": "average_SEM", 
        "value": -0.0026238825053345257
    }, 
    "CDD": {
        "error": 2.0071011700991052e-05, 
        "fit": "average_SEM", 
        "value": 2.5911564686490842e-06
    }, 
    "H1": {
        "error": 0.125071544392127, 
        "fit": "average_SEM", 
        "value": -0.05055888530478114
    }, 
    "H2": {
        "error": 0.12671040004476058, 
        "fit": "average_SEM", 
        "value": 0.230018876803418
    }, 
    "L1": {
        "error": 0.1444828521859068, 
        "fit": "average_SEM", 
        "value": -0.1597698384973531
    }, 
    "L2": {
        "error": 0.15105532384418827, 
        "fit": "average_SEM", 
        "value": 0.002600525641658654
    }
}