{
    "AX": {
        "error": 0.06614775681179189, 
        "fit": "average_SEM", 
        "value": -0.004781680161249824
    }, 
    "CDD": {
        "error": 8.81871131703828e-05, 
        "fit": "average_SEM", 
        "value": 4.923197314686452e-05
    }, 
    "H1": {
        "error": 0.12556790823898675, 
        "fit": "average_SEM", 
        "value": -0.044249295551950736
    }, 
    "H2": {
        "error": 0.13449648768808728, 
        "fit": "average_SEM", 
        "value": 0.22818597027411064
    }, 
    "L1": {
        "error": 0.1350556546962045, 
        "fit": "average_SEM", 
        "value": -0.14085613597805302
    }, 
    "L2": {
        "error": 0.13986084991686398, 
        "fit": "average_SEM", 
        "value": -0.03310020563561314
    }
}