{
    "AX": {
        "error": 0.050944838159503826, 
        "fit": "average_SEM", 
        "value": 0.007963897934920776
    }, 
    "CDD": {
        "error": 4.333208687876528e-05, 
        "fit": "average_SEM", 
        "value": 1.2955782343245422e-05
    }, 
    "H1": {
        "error": 0.10534017847189096, 
        "fit": "average_SEM", 
        "value": -0.04352988890605047
    }, 
    "H2": {
        "error": 0.13036004143694405, 
        "fit": "average_SEM", 
        "value": 0.22081305771522844
    }, 
    "L1": {
        "error": 0.15596283267581523, 
        "fit": "average_SEM", 
        "value": -0.1473153880176445
    }, 
    "L2": {
        "error": 0.14809286382761175, 
        "fit": "average_SEM", 
        "value": 0.025205779036817453
    }
}