{
    "AX": {
        "error": 0.06086230368064849, 
        "fit": "average_SEM", 
        "value": -0.0033122033297937983
    }, 
    "CDD": {
        "error": 5.329542424021876e-05, 
        "fit": "average_SEM", 
        "value": 2.0729251749192674e-05
    }, 
    "H1": {
        "error": 0.12380043151323378, 
        "fit": "average_SEM", 
        "value": -0.010729793500892508
    }, 
    "H2": {
        "error": 0.11479623537589853, 
        "fit": "average_SEM", 
        "value": 0.2316159779128308
    }, 
    "L1": {
        "error": 0.1711064620463711, 
        "fit": "average_SEM", 
        "value": -0.1462448425590992
    }, 
    "L2": {
        "error": 0.13578290429510312, 
        "fit": "average_SEM", 
        "value": -0.0012679199843357006
    }
}