{
    "AX": {
        "error": 0.056837139551107446, 
        "fit": "average_SEM", 
        "value": 0.006386992653521399
    }, 
    "CDD": {
        "error": 3.416971161763936e-05, 
        "fit": "average_SEM", 
        "value": 7.773469405947253e-06
    }, 
    "H1": {
        "error": 0.14116846200225106, 
        "fit": "average_SEM", 
        "value": -0.024339725954147677
    }, 
    "H2": {
        "error": 0.12941722224313415, 
        "fit": "average_SEM", 
        "value": 0.19934907720113795
    }, 
    "L1": {
        "error": 0.15285955005947438, 
        "fit": "average_SEM", 
        "value": -0.15769102075137198
    }, 
    "L2": {
        "error": 0.14278055679099147, 
        "fit": "average_SEM", 
        "value": -0.028244960967761776
    }
}