{
    "AX": {
        "error": 0.06587646702088687, 
        "fit": "average_SEM", 
        "value": -0.0058330752731611335
    }, 
    "CDD": {
        "error": 0.00013062502631636715, 
        "fit": "average_SEM", 
        "value": 0.00010105510276237813
    }, 
    "H1": {
        "error": 0.14615062226028483, 
        "fit": "average_SEM", 
        "value": -0.0213174461760597
    }, 
    "H2": {
        "error": 0.11780589525059738, 
        "fit": "average_SEM", 
        "value": 0.22732187441239754
    }, 
    "L1": {
        "error": 0.14797745527838574, 
        "fit": "average_SEM", 
        "value": -0.14140802302087346
    }, 
    "L2": {
        "error": 0.1310027745582528, 
        "fit": "average_SEM", 
        "value": -0.024620213287804896
    }
}