{
    "AX": {
        "error": 0.06727003671414573, 
        "fit": "average_SEM", 
        "value": 0.007932740077376366
    }, 
    "CDD": {
        "error": 4.457483587697268e-05, 
        "fit": "average_SEM", 
        "value": 7.773469405947253e-06
    }, 
    "H1": {
        "error": 0.13313655855613163, 
        "fit": "average_SEM", 
        "value": -0.04509760998189449
    }, 
    "H2": {
        "error": 0.11669393592769782, 
        "fit": "average_SEM", 
        "value": 0.24326198305934668
    }, 
    "L1": {
        "error": 0.15576305049146477, 
        "fit": "average_SEM", 
        "value": -0.1737987732301311
    }, 
    "L2": {
        "error": 0.14948246313665386, 
        "fit": "average_SEM", 
        "value": -0.00035331333589662487
    }
}