{
    "AX": {
        "error": 0.052582720755144086, 
        "fit": "average_SEM", 
        "value": -0.002881529036676511
    }, 
    "CDD": {
        "error": 5.329542424021875e-05, 
        "fit": "average_SEM", 
        "value": 2.0729251749192674e-05
    }, 
    "H1": {
        "error": 0.12945685409084962, 
        "fit": "average_SEM", 
        "value": -0.017098903802010075
    }, 
    "H2": {
        "error": 0.11814211694580187, 
        "fit": "average_SEM", 
        "value": 0.252631139025713
    }, 
    "L1": {
        "error": 0.15594144384686925, 
        "fit": "average_SEM", 
        "value": -0.15542129401583224
    }, 
    "L2": {
        "error": 0.13105502103793149, 
        "fit": "average_SEM", 
        "value": -0.007300833286717534
    }
}