{
    "AX": {
        "error": 0.060259168333610114, 
        "fit": "average_SEM", 
        "value": 0.007807198270650891
    }, 
    "CDD": {
        "error": 2.8143120675910584e-05, 
        "fit": "average_SEM", 
        "value": 5.1823129372981685e-06
    }, 
    "H1": {
        "error": 0.10221034208693712, 
        "fit": "average_SEM", 
        "value": -0.0501926058816025
    }, 
    "H2": {
        "error": 0.12739974826390954, 
        "fit": "average_SEM", 
        "value": 0.2363289973155285
    }, 
    "L1": {
        "error": 0.17509996818313384, 
        "fit": "average_SEM", 
        "value": -0.13741020287076633
    }, 
    "L2": {
        "error": 0.14104618330536525, 
        "fit": "average_SEM", 
        "value": -0.010349524952471257
    }
}