{
    "AX": {
        "error": 0.052090619169726925, 
        "fit": "average_SEM", 
        "value": -0.007388175682960233
    }, 
    "CDD": {
        "error": 0.00010435748448941934, 
        "fit": "average_SEM", 
        "value": 6.477891171622711e-05
    }, 
    "H1": {
        "error": 0.1350148948317226, 
        "fit": "average_SEM", 
        "value": -0.04687848776811734
    }, 
    "H2": {
        "error": 0.11833857717394436, 
        "fit": "average_SEM", 
        "value": 0.2385491679732998
    }, 
    "L1": {
        "error": 0.1625361943540351, 
        "fit": "average_SEM", 
        "value": -0.15009874754274885
    }, 
    "L2": {
        "error": 0.15348504044724753, 
        "fit": "average_SEM", 
        "value": 0.0035608035880917064
    }
}