{
    "AX": {
        "error": 0.05613707600193622, 
        "fit": "average_SEM", 
        "value": 0.012564094532475185
    }, 
    "CDD": {
        "error": 2.0071011700991052e-05, 
        "fit": "average_SEM", 
        "value": 2.5911564686490842e-06
    }, 
    "H1": {
        "error": 0.12486946122904839, 
        "fit": "average_SEM", 
        "value": -0.04206772805967678
    }, 
    "H2": {
        "error": 0.11243544390963305, 
        "fit": "average_SEM", 
        "value": -0.032099385253968646
    }, 
    "L1": {
        "error": 0.15323083830995565, 
        "fit": "average_SEM", 
        "value": -0.1536573953620973
    }, 
    "L2": {
        "error": 0.13847328238851456, 
        "fit": "average_SEM", 
        "value": -0.04749047328562786
    }
}