{
    "AX": {
        "error": 0.05862466251973558, 
        "fit": "average_SEM", 
        "value": 0.0004335701776047548
    }, 
    "CDD": {
        "error": 9.186551181894705e-05, 
        "fit": "average_SEM", 
        "value": 4.664081667821544e-05
    }, 
    "H1": {
        "error": 0.14337582050238962, 
        "fit": "average_SEM", 
        "value": -0.030520063467944662
    }, 
    "H2": {
        "error": 0.123635617187513, 
        "fit": "average_SEM", 
        "value": 0.20927529397110145
    }, 
    "L1": {
        "error": 0.15832245561590433, 
        "fit": "average_SEM", 
        "value": -0.16058125629012163
    }, 
    "L2": {
        "error": 0.14647024919544685, 
        "fit": "average_SEM", 
        "value": 0.04186937510967255
    }
}