{
    "AX": {
        "error": 0.06107041849114875, 
        "fit": "average_SEM", 
        "value": 0.007669420403059727
    }, 
    "CDD": {
        "error": 3.910814956837816e-05, 
        "fit": "average_SEM", 
        "value": 1.0364625874596337e-05
    }, 
    "H1": {
        "error": 0.12182327066899033, 
        "fit": "average_SEM", 
        "value": -0.05853978712887813
    }, 
    "H2": {
        "error": 0.1261335589648668, 
        "fit": "average_SEM", 
        "value": 0.21814419611667593
    }, 
    "L1": {
        "error": 0.14178658361416593, 
        "fit": "average_SEM", 
        "value": -0.15313121024519205
    }, 
    "L2": {
        "error": 0.14289433643671404, 
        "fit": "average_SEM", 
        "value": -0.0028176185364524524
    }
}