{
    "AX": {
        "error": 0.06399923275335889, 
        "fit": "average_SEM", 
        "value": -0.00045399277199370167
    }, 
    "CDD": {
        "error": 5.505981443192237e-05, 
        "fit": "average_SEM", 
        "value": 1.5546938811894506e-05
    }, 
    "H1": {
        "error": 0.13307435011164945, 
        "fit": "average_SEM", 
        "value": -0.047745918311799564
    }, 
    "H2": {
        "error": 0.13634486106251334, 
        "fit": "average_SEM", 
        "value": 0.24783501848578454
    }, 
    "L1": {
        "error": 0.15407307159153796, 
        "fit": "average_SEM", 
        "value": -0.182456224411726
    }, 
    "L2": {
        "error": 0.14240170520268783, 
        "fit": "average_SEM", 
        "value": -0.001728544586027662
    }
}