{
    "AX": {
        "error": 0.0574791816737229, 
        "fit": "average_SEM", 
        "value": 0.01622059496003203
    }, 
    "CDD": {
        "error": 6.506375186976077e-05, 
        "fit": "average_SEM", 
        "value": 2.5911564686490845e-05
    }, 
    "H1": {
        "error": 0.11489367086285474, 
        "fit": "average_SEM", 
        "value": -0.05580309012827153
    }, 
    "H2": {
        "error": 0.11683411942751673, 
        "fit": "average_SEM", 
        "value": -0.052329167424492576
    }, 
    "L1": {
        "error": 0.16365613415432537, 
        "fit": "average_SEM", 
        "value": -0.15173074571309067
    }, 
    "L2": {
        "error": 0.1160555228187182, 
        "fit": "average_SEM", 
        "value": -0.05330987514959513
    }
}