{
    "AX": {
        "error": 0.057263841469341326, 
        "fit": "average_SEM", 
        "value": 0.0018778432364342733
    }, 
    "CDD": {
        "error": 7.464287139238152e-05, 
        "fit": "average_SEM", 
        "value": 3.109387762378901e-05
    }, 
    "H1": {
        "error": 0.12941963163085546, 
        "fit": "average_SEM", 
        "value": -0.025256951649983723
    }, 
    "H2": {
        "error": 0.11622319642641793, 
        "fit": "average_SEM", 
        "value": 0.24712633055945238
    }, 
    "L1": {
        "error": 0.18732757161231087, 
        "fit": "average_SEM", 
        "value": -0.12902452239650303
    }, 
    "L2": {
        "error": 0.13150848805555537, 
        "fit": "average_SEM", 
        "value": -0.011870624948884748
    }
}