{
    "AX": {
        "error": 0.05370080832195158, 
        "fit": "average_SEM", 
        "value": -0.012409648345662086
    }, 
    "CDD": {
        "error": 0.00011615468420812078, 
        "fit": "average_SEM", 
        "value": 8.29170069967707e-05
    }, 
    "H1": {
        "error": 0.09967557583343015, 
        "fit": "average_SEM", 
        "value": -0.024140208112658
    }, 
    "H2": {
        "error": 0.14115518506795088, 
        "fit": "average_SEM", 
        "value": 0.24974293171738585
    }, 
    "L1": {
        "error": 0.14793195625612185, 
        "fit": "average_SEM", 
        "value": -0.11173784006386996
    }, 
    "L2": {
        "error": 0.14885186597671898, 
        "fit": "average_SEM", 
        "value": -0.01757854095970591
    }
}