{
    "AX": {
        "error": 0.061648927133149574, 
        "fit": "average_SEM", 
        "value": 0.010977852274663746
    }, 
    "CDD": {
        "error": 7.904125100778958e-05, 
        "fit": "average_SEM", 
        "value": 3.8867347029736266e-05
    }, 
    "H1": {
        "error": 0.14088967999354296, 
        "fit": "average_SEM", 
        "value": -0.03214803680311888
    }, 
    "H2": {
        "error": 0.10763690356508897, 
        "fit": "average_SEM", 
        "value": 0.21925019791039327
    }, 
    "L1": {
        "error": 0.13658595832311587, 
        "fit": "average_SEM", 
        "value": -0.14590841471993674
    }, 
    "L2": {
        "error": 0.1390599635017504, 
        "fit": "average_SEM", 
        "value": -0.04041638949420303
    }
}