{
    "AX": {
        "error": 0.060481106931612225, 
        "fit": "average_SEM", 
        "value": 0.015158691653535545
    }, 
    "CDD": {
        "error": 2.0071011700991052e-05, 
        "fit": "average_SEM", 
        "value": 2.5911564686490842e-06
    }, 
    "H1": {
        "error": 0.12425096368475659, 
        "fit": "average_SEM", 
        "value": -0.023643130820710213
    }, 
    "H2": {
        "error": 0.11926589909495364, 
        "fit": "average_SEM", 
        "value": 0.22061248787989218
    }, 
    "L1": {
        "error": 0.16876047849170026, 
        "fit": "average_SEM", 
        "value": -0.17612826178665272
    }, 
    "L2": {
        "error": 0.12098617261431292, 
        "fit": "average_SEM", 
        "value": 0.0007547240820713341
    }
}