{
    "AX": {
        "error": 0.06644971829033532, 
        "fit": "average_SEM", 
        "value": 0.008976204068373288
    }, 
    "CDD": {
        "error": 2.8143120675910584e-05, 
        "fit": "average_SEM", 
        "value": 5.1823129372981685e-06
    }, 
    "H1": {
        "error": 0.1318864184626784, 
        "fit": "average_SEM", 
        "value": -0.041891155939083546
    }, 
    "H2": {
        "error": 0.1444219121299416, 
        "fit": "average_SEM", 
        "value": -0.06800204132838795
    }, 
    "L1": {
        "error": 0.1705066464431376, 
        "fit": "average_SEM", 
        "value": -0.1548787023096035
    }, 
    "L2": {
        "error": 0.13319410215405567, 
        "fit": "average_SEM", 
        "value": -0.02409896595781902
    }
}