{
    "AX": {
        "error": 0.048922937074080006, 
        "fit": "average_SEM", 
        "value": -0.0003928633697796613
    }, 
    "CDD": {
        "error": 2.8143120675910587e-05, 
        "fit": "average_SEM", 
        "value": 5.1823129372981685e-06
    }, 
    "H1": {
        "error": 0.1172225726969757, 
        "fit": "average_SEM", 
        "value": -0.05866648028507673
    }, 
    "H2": {
        "error": 0.12936008620531125, 
        "fit": "average_SEM", 
        "value": 0.2389786308631301
    }, 
    "L1": {
        "error": 0.17295908595251225, 
        "fit": "average_SEM", 
        "value": -0.15280639039895808
    }, 
    "L2": {
        "error": 0.1360481695579909, 
        "fit": "average_SEM", 
        "value": -0.004363013551725695
    }
}