{
    "AX": {
        "error": 0.05621285081057938, 
        "fit": "average_SEM", 
        "value": 0.0067630513610007865
    }, 
    "CDD": {
        "error": 0.00011242074808457191, 
        "fit": "average_SEM", 
        "value": 8.55081637079517e-05
    }, 
    "H1": {
        "error": 0.13172454918041576, 
        "fit": "average_SEM", 
        "value": -0.03268965104361996
    }, 
    "H2": {
        "error": 0.11337763666200827, 
        "fit": "average_SEM", 
        "value": 0.22654821641432743
    }, 
    "L1": {
        "error": 0.18233686651897443, 
        "fit": "average_SEM", 
        "value": -0.13404493829390654
    }, 
    "L2": {
        "error": 0.11726328722154836, 
        "fit": "average_SEM", 
        "value": 0.005982619200828291
    }
}