{
    "AX": {
        "error": 0.070581508005831, 
        "fit": "average_SEM", 
        "value": 0.003195248486008495
    }, 
    "CDD": {
        "error": 0.0, 
        "fit": "average_SEM", 
        "value": 0.0
    }, 
    "H1": {
        "error": 0.12932769154623608, 
        "fit": "average_SEM", 
        "value": -0.03527821940757955
    }, 
    "H2": {
        "error": 0.11951768893663035, 
        "fit": "average_SEM", 
        "value": 0.21940690618939698
    }, 
    "L1": {
        "error": 0.14781092646726435, 
        "fit": "average_SEM", 
        "value": -0.1591753614503735
    }, 
    "L2": {
        "error": 0.14416021925529127, 
        "fit": "average_SEM", 
        "value": -0.024997936949754756
    }
}