{
    "AX": {
        "error": 0.06096827502692313, 
        "fit": "average_SEM", 
        "value": -0.0012692638014414116
    }, 
    "CDD": {
        "error": 2.8143120675910584e-05, 
        "fit": "average_SEM", 
        "value": 5.1823129372981685e-06
    }, 
    "H1": {
        "error": 0.11426765614562326, 
        "fit": "average_SEM", 
        "value": -0.03645575715539356
    }, 
    "H2": {
        "error": 0.120362716328622, 
        "fit": "average_SEM", 
        "value": 0.21625692071587158
    }, 
    "L1": {
        "error": 0.17584792001182245, 
        "fit": "average_SEM", 
        "value": -0.13759673690025617
    }, 
    "L2": {
        "error": 0.13910851924407355, 
        "fit": "average_SEM", 
        "value": 0.024509204303224882
    }
}