{
    "AX": {
        "error": 0.05563590112168285, 
        "fit": "average_SEM", 
        "value": -0.004734228299154589
    }, 
    "CDD": {
        "error": 7.834713217907984e-05, 
        "fit": "average_SEM", 
        "value": 4.92319729043326e-05
    }, 
    "H1": {
        "error": 0.13360702183594952, 
        "fit": "average_SEM", 
        "value": -0.031103135805460626
    }, 
    "H2": {
        "error": 0.1359763098214793, 
        "fit": "average_SEM", 
        "value": 0.20201829943495492
    }, 
    "L1": {
        "error": 0.18080576405477483, 
        "fit": "average_SEM", 
        "value": -0.15413196903343002
    }, 
    "L2": {
        "error": 0.11567180602021, 
        "fit": "average_SEM", 
        "value": -0.0036250048646858583
    }
}