{
    "AX": {
        "error": 0.05859645361722064, 
        "fit": "average_SEM", 
        "value": 0.007040887865393112
    }, 
    "CDD": {
        "error": 2.8143120675910584e-05, 
        "fit": "average_SEM", 
        "value": 5.1823129372981685e-06
    }, 
    "H1": {
        "error": 0.1384410579247022, 
        "fit": "average_SEM", 
        "value": -0.049976505292579534
    }, 
    "H2": {
        "error": 0.14099872429381788, 
        "fit": "average_SEM", 
        "value": 0.20628570317736983
    }, 
    "L1": {
        "error": 0.14510107167391942, 
        "fit": "average_SEM", 
        "value": -0.14933542431875443
    }, 
    "L2": {
        "error": 0.13307572710989218, 
        "fit": "average_SEM", 
        "value": 0.019821517956249105
    }
}