{
    "AX": {
        "error": 0.06054307772699753, 
        "fit": "average_SEM", 
        "value": -0.002325187949463725
    }, 
    "CDD": {
        "error": 3.910814956837816e-05, 
        "fit": "average_SEM", 
        "value": 1.0364625874596337e-05
    }, 
    "H1": {
        "error": 0.12129317972923777, 
        "fit": "average_SEM", 
        "value": -0.020064984638399133
    }, 
    "H2": {
        "error": 0.09525571750928431, 
        "fit": "average_SEM", 
        "value": 0.2132192530358831
    }, 
    "L1": {
        "error": 0.14821013532142058, 
        "fit": "average_SEM", 
        "value": -0.1565589883364737
    }, 
    "L2": {
        "error": 0.1471734425338148, 
        "fit": "average_SEM", 
        "value": -0.024911374455162633
    }
}