{
    "AX": {
        "error": 0.057995864525031485, 
        "fit": "average_SEM", 
        "value": 0.0003243871656498717
    }, 
    "CDD": {
        "error": 2.8143120675910584e-05, 
        "fit": "average_SEM", 
        "value": 5.1823129372981685e-06
    }, 
    "H1": {
        "error": 0.1402733000022145, 
        "fit": "average_SEM", 
        "value": -0.061455308178362124
    }, 
    "H2": {
        "error": 0.12288115380593288, 
        "fit": "average_SEM", 
        "value": 0.2382242641101281
    }, 
    "L1": {
        "error": 0.17198696590373283, 
        "fit": "average_SEM", 
        "value": -0.16440393409187284
    }, 
    "L2": {
        "error": 0.11819056774707538, 
        "fit": "average_SEM", 
        "value": 0.0005349361260111133
    }
}