{
    "AX": {
        "error": 0.049478951297492725, 
        "fit": "average_SEM", 
        "value": 0.004070372656375791
    }, 
    "CDD": {
        "error": 3.910814956837816e-05, 
        "fit": "average_SEM", 
        "value": 1.0364625874596337e-05
    }, 
    "H1": {
        "error": 0.11701773614565239, 
        "fit": "average_SEM", 
        "value": -0.05179209621467938
    }, 
    "H2": {
        "error": 0.1115028110844229, 
        "fit": "average_SEM", 
        "value": 0.21169928098097443
    }, 
    "L1": {
        "error": 0.1739699206283989, 
        "fit": "average_SEM", 
        "value": -0.14670072126512726
    }, 
    "L2": {
        "error": 0.13519966512408615, 
        "fit": "average_SEM", 
        "value": -0.0079176903644111
    }
}