{
    "AX": {
        "error": 0.05605137439774628, 
        "fit": "average_SEM", 
        "value": -0.003447679231370178
    }, 
    "CDD": {
        "error": 6.707890516275131e-05, 
        "fit": "average_SEM", 
        "value": 2.8502721155139927e-05
    }, 
    "H1": {
        "error": 0.12334661877320334, 
        "fit": "average_SEM", 
        "value": -0.032812123671950154
    }, 
    "H2": {
        "error": 0.12294057297459175, 
        "fit": "average_SEM", 
        "value": 0.2417347930992643
    }, 
    "L1": {
        "error": 0.1282774426229927, 
        "fit": "average_SEM", 
        "value": -0.1408811145229265
    }, 
    "L2": {
        "error": 0.13384410759860874, 
        "fit": "average_SEM", 
        "value": 0.018432982779146793
    }
}