{
    "AX": {
        "error": 0.06513167099197131, 
        "fit": "average_SEM", 
        "value": 0.0017569960434533035
    }, 
    "CDD": {
        "error": 2.0071011700991052e-05, 
        "fit": "average_SEM", 
        "value": 2.5911564686490842e-06
    }, 
    "H1": {
        "error": 0.12429496409611013, 
        "fit": "average_SEM", 
        "value": -0.04591125238415164
    }, 
    "H2": {
        "error": 0.11344489777351623, 
        "fit": "average_SEM", 
        "value": 0.23735939015944799
    }, 
    "L1": {
        "error": 0.1272857788246138, 
        "fit": "average_SEM", 
        "value": -0.13689666014203491
    }, 
    "L2": {
        "error": 0.14041918337159326, 
        "fit": "average_SEM", 
        "value": -0.015034304788180937
    }
}