{
    "AX": {
        "error": 0.06185228013699826, 
        "fit": "average_SEM", 
        "value": 0.01477365824005877
    }, 
    "CDD": {
        "error": 5.033038043180275e-05, 
        "fit": "average_SEM", 
        "value": 1.8138095280543592e-05
    }, 
    "H1": {
        "error": 0.1346467219632229, 
        "fit": "average_SEM", 
        "value": -0.06555005363964786
    }, 
    "H2": {
        "error": 0.11647378497383165, 
        "fit": "average_SEM", 
        "value": 0.2264258933564027
    }, 
    "L1": {
        "error": 0.13180714402357013, 
        "fit": "average_SEM", 
        "value": -0.1500357167950521
    }, 
    "L2": {
        "error": 0.11840968804347633, 
        "fit": "average_SEM", 
        "value": 0.003701894073431807
    }
}