{
    "AX": {
        "error": 0.06166991718325811, 
        "fit": "average_SEM", 
        "value": -0.002993568115440818
    }, 
    "CDD": {
        "error": 8.725306506509528e-05, 
        "fit": "average_SEM", 
        "value": 6.477891171622711e-05
    }, 
    "H1": {
        "error": 0.14080158529707987, 
        "fit": "average_SEM", 
        "value": -0.04243364903619901
    }, 
    "H2": {
        "error": 0.10586671229805811, 
        "fit": "average_SEM", 
        "value": 0.23109210145970185
    }, 
    "L1": {
        "error": 0.1611249471695093, 
        "fit": "average_SEM", 
        "value": -0.15909176215839882
    }, 
    "L2": {
        "error": 0.11433565520182722, 
        "fit": "average_SEM", 
        "value": -0.001038697233889252
    }
}