{
    "AX": {
        "error": 0.05809973507017382, 
        "fit": "average_SEM", 
        "value": 0.00958631912265749
    }, 
    "CDD": {
        "error": 9.036678844695423e-05, 
        "fit": "average_SEM", 
        "value": 5.7005442310279854e-05
    }, 
    "H1": {
        "error": 0.11562477029588179, 
        "fit": "average_SEM", 
        "value": -0.015460811795977254
    }, 
    "H2": {
        "error": 0.11812275984770827, 
        "fit": "average_SEM", 
        "value": 0.23707755830449362
    }, 
    "L1": {
        "error": 0.14793078814642763, 
        "fit": "average_SEM", 
        "value": -0.16209985335396293
    }, 
    "L2": {
        "error": 0.12490453512922597, 
        "fit": "average_SEM", 
        "value": -0.007408240278406689
    }
}