{
    "AX": {
        "error": 0.05884950589174507, 
        "fit": "average_SEM", 
        "value": 0.010023971771200497
    }, 
    "CDD": {
        "error": 3.416971161763936e-05, 
        "fit": "average_SEM", 
        "value": 7.773469405947253e-06
    }, 
    "H1": {
        "error": 0.14411231347740272, 
        "fit": "average_SEM", 
        "value": -0.041687720521197964
    }, 
    "H2": {
        "error": 0.12015715233455387, 
        "fit": "average_SEM", 
        "value": 0.22590559506012747
    }, 
    "L1": {
        "error": 0.1603759003613746, 
        "fit": "average_SEM", 
        "value": -0.13536944596659548
    }, 
    "L2": {
        "error": 0.15778030919790628, 
        "fit": "average_SEM", 
        "value": 0.012254144468655189
    }
}