{
    "AX": {
        "error": 0.05607979511893544, 
        "fit": "average_SEM", 
        "value": 0.0033066373221420993
    }, 
    "CDD": {
        "error": 5.329542424021876e-05, 
        "fit": "average_SEM", 
        "value": 2.0729251749192674e-05
    }, 
    "H1": {
        "error": 0.12034005747553438, 
        "fit": "average_SEM", 
        "value": -0.048552182184842724
    }, 
    "H2": {
        "error": 0.12293826163328735, 
        "fit": "average_SEM", 
        "value": 0.25155750575164953
    }, 
    "L1": {
        "error": 0.18529970905927562, 
        "fit": "average_SEM", 
        "value": -0.15059434086530624
    }, 
    "L2": {
        "error": 0.1435506570745189, 
        "fit": "average_SEM", 
        "value": 0.0015677574352594092
    }
}