{
    "AX": {
        "error": 0.05719372741969236, 
        "fit": "average_SEM", 
        "value": 0.011028091821935959
    }, 
    "CDD": {
        "error": 7.62268614080079e-05, 
        "fit": "average_SEM", 
        "value": 3.3685034092438095e-05
    }, 
    "H1": {
        "error": 0.12274694313191307, 
        "fit": "average_SEM", 
        "value": -0.026644239850187053
    }, 
    "H2": {
        "error": 0.12919984072275237, 
        "fit": "average_SEM", 
        "value": 0.2049415821985652
    }, 
    "L1": {
        "error": 0.15078527212558698, 
        "fit": "average_SEM", 
        "value": -0.16769154517290494
    }, 
    "L2": {
        "error": 0.12970954345834246, 
        "fit": "average_SEM", 
        "value": 0.01555264659570336
    }
}