{
    "AX": {
        "error": 0.06499361113749265, 
        "fit": "average_SEM", 
        "value": 6.210711629440387e-05
    }, 
    "CDD": {
        "error": 2.8143120675910584e-05, 
        "fit": "average_SEM", 
        "value": 5.1823129372981685e-06
    }, 
    "H1": {
        "error": 0.10693468211355713, 
        "fit": "average_SEM", 
        "value": -0.03781887594571647
    }, 
    "H2": {
        "error": 0.1437680367077655, 
        "fit": "average_SEM", 
        "value": 0.22691483194357714
    }, 
    "L1": {
        "error": 0.14956872739369034, 
        "fit": "average_SEM", 
        "value": -0.15114239471343657
    }, 
    "L2": {
        "error": 0.13629747479265988, 
        "fit": "average_SEM", 
        "value": -0.007673466597528507
    }
}