{
    "AX": {
        "error": 0.061664871499930496, 
        "fit": "average_SEM", 
        "value": -0.004065522828993077
    }, 
    "CDD": {
        "error": 6.707890516275131e-05, 
        "fit": "average_SEM", 
        "value": 2.8502721155139927e-05
    }, 
    "H1": {
        "error": 0.11380289395787456, 
        "fit": "average_SEM", 
        "value": -0.011692206776448682
    }, 
    "H2": {
        "error": 0.11267410935439724, 
        "fit": "average_SEM", 
        "value": 0.24156609668085974
    }, 
    "L1": {
        "error": 0.14830658569679228, 
        "fit": "average_SEM", 
        "value": -0.13819060226281485
    }, 
    "L2": {
        "error": 0.11464286714062874, 
        "fit": "average_SEM", 
        "value": 0.025540037437652548
    }
}