{
    "AX": {
        "error": 0.05496785353826877, 
        "fit": "average_SEM", 
        "value": 0.002777126171349664
    }, 
    "CDD": {
        "error": 6.205586166273207e-05, 
        "fit": "average_SEM", 
        "value": 1.5546938811894506e-05
    }, 
    "H1": {
        "error": 0.12725391783658732, 
        "fit": "average_SEM", 
        "value": -0.032611354485076544
    }, 
    "H2": {
        "error": 0.131739285069812, 
        "fit": "average_SEM", 
        "value": 0.23070485834032298
    }, 
    "L1": {
        "error": 0.186537089960749, 
        "fit": "average_SEM", 
        "value": -0.1334217722993344
    }, 
    "L2": {
        "error": 0.14601789776604135, 
        "fit": "average_SEM", 
        "value": -0.023106593207921834
    }
}