{
    "AX": {
        "error": 0.06255680897065491, 
        "fit": "average_SEM", 
        "value": 0.0001481459029794981
    }, 
    "CDD": {
        "error": 0.00012917957805276686, 
        "fit": "average_SEM", 
        "value": 6.737006842740811e-05
    }, 
    "H1": {
        "error": 0.11619777768017926, 
        "fit": "average_SEM", 
        "value": -0.04454682053765282
    }, 
    "H2": {
        "error": 0.1207645802458862, 
        "fit": "average_SEM", 
        "value": 0.20252235965648044
    }, 
    "L1": {
        "error": 0.15725751931696091, 
        "fit": "average_SEM", 
        "value": -0.12223542525995677
    }, 
    "L2": {
        "error": 0.13941049517752357, 
        "fit": "average_SEM", 
        "value": -0.024559648393187673
    }
}