{
    "AX": {
        "error": 0.06120763253179144, 
        "fit": "average_SEM", 
        "value": -0.004323204445730274
    }, 
    "CDD": {
        "error": 8.50337316750717e-05, 
        "fit": "average_SEM", 
        "value": 5.441428584163077e-05
    }, 
    "H1": {
        "error": 0.14790527425048824, 
        "fit": "average_SEM", 
        "value": -0.04189404453306148
    }, 
    "H2": {
        "error": 0.11944502674638305, 
        "fit": "average_SEM", 
        "value": 0.23332421345015367
    }, 
    "L1": {
        "error": 0.12916737781519225, 
        "fit": "average_SEM", 
        "value": -0.1277339388965629
    }, 
    "L2": {
        "error": 0.13598298247323903, 
        "fit": "average_SEM", 
        "value": 0.011502430269805094
    }
}