{
    "AX": {
        "error": 0.04786561104562945, 
        "fit": "average_SEM", 
        "value": -0.0075918758300152454
    }, 
    "CDD": {
        "error": 0.00011971525021880186, 
        "fit": "average_SEM", 
        "value": 0.00010623741521461245
    }, 
    "H1": {
        "error": 0.13867008562461416, 
        "fit": "average_SEM", 
        "value": -0.04240057181644564
    }, 
    "H2": {
        "error": 0.11760988156364714, 
        "fit": "average_SEM", 
        "value": 0.2211429670142631
    }, 
    "L1": {
        "error": 0.15352387240400567, 
        "fit": "average_SEM", 
        "value": -0.13994763722488035
    }, 
    "L2": {
        "error": 0.1351018668977017, 
        "fit": "average_SEM", 
        "value": 0.0002149503833303849
    }
}