{
    "AX": {
        "error": 0.0685590960012742, 
        "fit": "average_SEM", 
        "value": 0.010817240593799701
    }, 
    "CDD": {
        "error": 2.8143120675910584e-05, 
        "fit": "average_SEM", 
        "value": 5.1823129372981685e-06
    }, 
    "H1": {
        "error": 0.1339257453905641, 
        "fit": "average_SEM", 
        "value": -0.021722835662270276
    }, 
    "H2": {
        "error": 0.12649158135612137, 
        "fit": "average_SEM", 
        "value": 0.20859337410268683
    }, 
    "L1": {
        "error": 0.15948695237594623, 
        "fit": "average_SEM", 
        "value": -0.13313158531673253
    }, 
    "L2": {
        "error": 0.12429401066485822, 
        "fit": "average_SEM", 
        "value": -0.015600386869361197
    }
}