{
    "AX": {
        "error": 0.06168271576299763, 
        "fit": "average_SEM", 
        "value": -0.007729092411076029
    }, 
    "CDD": {
        "error": 7.733842285961624e-05, 
        "fit": "average_SEM", 
        "value": 4.664081643568352e-05
    }, 
    "H1": {
        "error": 0.13954823730581126, 
        "fit": "average_SEM", 
        "value": -0.03651385116390884
    }, 
    "H2": {
        "error": 0.12851415007281042, 
        "fit": "average_SEM", 
        "value": 0.24983867475142083
    }, 
    "L1": {
        "error": 0.15573401206438148, 
        "fit": "average_SEM", 
        "value": -0.11521901148371398
    }, 
    "L2": {
        "error": 0.13774313289571605, 
        "fit": "average_SEM", 
        "value": 0.0001619641591484348
    }
}