{
    "AX": {
        "error": 0.06364713015439377, 
        "fit": "average_SEM", 
        "value": -0.0015314287428433695
    }, 
    "CDD": {
        "error": 5.5982153544286125e-05, 
        "fit": "average_SEM", 
        "value": 2.332040821784176e-05
    }, 
    "H1": {
        "error": 0.11652329846550884, 
        "fit": "average_SEM", 
        "value": -0.047674244221222274
    }, 
    "H2": {
        "error": 0.13293601763727328, 
        "fit": "average_SEM", 
        "value": 0.23531558671966196
    }, 
    "L1": {
        "error": 0.14909090786241927, 
        "fit": "average_SEM", 
        "value": -0.13763553001141796
    }, 
    "L2": {
        "error": 0.14894627528694412, 
        "fit": "average_SEM", 
        "value": 0.013639427449864646
    }
}