{
    "AX": {
        "error": 0.063278518501498, 
        "fit": "average_SEM", 
        "value": 0.0050539270120983325
    }, 
    "CDD": {
        "error": 5.329542424021876e-05, 
        "fit": "average_SEM", 
        "value": 2.0729251749192674e-05
    }, 
    "H1": {
        "error": 0.13236169566118433, 
        "fit": "average_SEM", 
        "value": -0.028630897759770353
    }, 
    "H2": {
        "error": 0.11622164356817213, 
        "fit": "average_SEM", 
        "value": 0.21836457626971725
    }, 
    "L1": {
        "error": 0.15745711827401299, 
        "fit": "average_SEM", 
        "value": -0.15155835448143382
    }, 
    "L2": {
        "error": 0.13835326843456647, 
        "fit": "average_SEM", 
        "value": -0.0018952253740280867
    }
}