{
    "AX": {
        "error": 0.06564043544339102, 
        "fit": "average_SEM", 
        "value": 0.006875156867317855
    }, 
    "CDD": {
        "error": 0.00012640119785643626, 
        "fit": "average_SEM", 
        "value": 7.773469430200445e-05
    }, 
    "H1": {
        "error": 0.12714347266437034, 
        "fit": "average_SEM", 
        "value": -0.045011772194508616
    }, 
    "H2": {
        "error": 0.13833604840673294, 
        "fit": "average_SEM", 
        "value": 0.2215056473816124
    }, 
    "L1": {
        "error": 0.17138648043431692, 
        "fit": "average_SEM", 
        "value": -0.13025007996087273
    }, 
    "L2": {
        "error": 0.11072719771236474, 
        "fit": "average_SEM", 
        "value": -0.024548707320354878
    }
}