{
    "AX": {
        "error": 0.0642998580681402, 
        "fit": "average_SEM", 
        "value": 0.008977591677103191
    }, 
    "CDD": {
        "error": 3.910814956837816e-05, 
        "fit": "average_SEM", 
        "value": 1.0364625874596337e-05
    }, 
    "H1": {
        "error": 0.11592937563872287, 
        "fit": "average_SEM", 
        "value": -0.06510527336116259
    }, 
    "H2": {
        "error": 0.1288364671128371, 
        "fit": "average_SEM", 
        "value": 0.2360754752221207
    }, 
    "L1": {
        "error": 0.14861872458817163, 
        "fit": "average_SEM", 
        "value": -0.13624556451880684
    }, 
    "L2": {
        "error": 0.14089789389215085, 
        "fit": "average_SEM", 
        "value": -0.0124334588026007
    }
}