{
    "AX": {
        "error": 0.058059359869749354, 
        "fit": "average_SEM", 
        "value": 0.008120490350969097
    }, 
    "CDD": {
        "error": 0.0, 
        "fit": "average_SEM", 
        "value": 0.0
    }, 
    "H1": {
        "error": 0.1370838464729237, 
        "fit": "average_SEM", 
        "value": -0.055335806449875236
    }, 
    "H2": {
        "error": 0.11744900077669854, 
        "fit": "average_SEM", 
        "value": 0.2406988568060721
    }, 
    "L1": {
        "error": 0.13424806918489102, 
        "fit": "average_SEM", 
        "value": -0.14849169353644054
    }, 
    "L2": {
        "error": 0.1409320199236263, 
        "fit": "average_SEM", 
        "value": 0.01858159286978965
    }
}