{
    "AX": {
        "error": 0.05998734849563409, 
        "fit": "average_SEM", 
        "value": -0.004524946416010304
    }, 
    "CDD": {
        "error": 0.0001051396876980557, 
        "fit": "average_SEM", 
        "value": 8.032585052812162e-05
    }, 
    "H1": {
        "error": 0.10959093814414012, 
        "fit": "average_SEM", 
        "value": -0.04565021030139178
    }, 
    "H2": {
        "error": 0.11905928007055795, 
        "fit": "average_SEM", 
        "value": -0.04817194381903391
    }, 
    "L1": {
        "error": 0.16263477940162827, 
        "fit": "average_SEM", 
        "value": -0.13664939731049042
    }, 
    "L2": {
        "error": 0.1461981687198068, 
        "fit": "average_SEM", 
        "value": -0.01605701015990538
    }
}