{
    "AX": {
        "error": 0.05281836737688916, 
        "fit": "average_SEM", 
        "value": -0.014784824305873674
    }, 
    "CDD": {
        "error": 0.000106430586454039, 
        "fit": "average_SEM", 
        "value": 5.441428608416269e-05
    }, 
    "H1": {
        "error": 0.1381391447521749, 
        "fit": "average_SEM", 
        "value": -0.013693595250758032
    }, 
    "H2": {
        "error": 0.10536505836374584, 
        "fit": "average_SEM", 
        "value": 0.2568451885910084
    }, 
    "L1": {
        "error": 0.16423839642875074, 
        "fit": "average_SEM", 
        "value": -0.15887846716602022
    }, 
    "L2": {
        "error": 0.13980934708673418, 
        "fit": "average_SEM", 
        "value": 0.014649386154875781
    }
}