{
    "AX": {
        "error": 0.059441907893740306, 
        "fit": "average_SEM", 
        "value": 0.01268496145979346
    }, 
    "CDD": {
        "error": 3.910814956837816e-05, 
        "fit": "average_SEM", 
        "value": 1.0364625874596337e-05
    }, 
    "H1": {
        "error": 0.14021581619203963, 
        "fit": "average_SEM", 
        "value": -0.05894184333640927
    }, 
    "H2": {
        "error": 0.1378250089885476, 
        "fit": "average_SEM", 
        "value": -0.049896299536339936
    }, 
    "L1": {
        "error": 0.16405313954868608, 
        "fit": "average_SEM", 
        "value": -0.12548703620365512
    }, 
    "L2": {
        "error": 0.14459784428032718, 
        "fit": "average_SEM", 
        "value": -0.006710389947208266
    }
}