{
    "AX": {
        "error": 0.06413445029839465, 
        "fit": "average_SEM", 
        "value": 0.007316764149193963
    }, 
    "CDD": {
        "error": 7.477995813253663e-05, 
        "fit": "average_SEM", 
        "value": 2.332040846037368e-05
    }, 
    "H1": {
        "error": 0.12004561592376234, 
        "fit": "average_SEM", 
        "value": -0.05931788805804293
    }, 
    "H2": {
        "error": 0.1283957664469877, 
        "fit": "average_SEM", 
        "value": 0.22877323341866335
    }, 
    "L1": {
        "error": 0.16457987254514014, 
        "fit": "average_SEM", 
        "value": -0.15729435220904028
    }, 
    "L2": {
        "error": 0.13691219903092752, 
        "fit": "average_SEM", 
        "value": -0.015293205405275028
    }
}