{
    "AX": {
        "error": 0.05115916183693766, 
        "fit": "average_SEM", 
        "value": -0.002265476256676872
    }, 
    "CDD": {
        "error": 6.506375186976078e-05, 
        "fit": "average_SEM", 
        "value": 2.5911564686490845e-05
    }, 
    "H1": {
        "error": 0.12892399195037144, 
        "fit": "average_SEM", 
        "value": -0.02430317969847238
    }, 
    "H2": {
        "error": 0.13573360805100257, 
        "fit": "average_SEM", 
        "value": 0.23236134574593356
    }, 
    "L1": {
        "error": 0.15222265320882797, 
        "fit": "average_SEM", 
        "value": -0.152798438584432
    }, 
    "L2": {
        "error": 0.157555506835427, 
        "fit": "average_SEM", 
        "value": -0.009297015774063767
    }
}