{
    "AX": {
        "error": 0.04953791056783456, 
        "fit": "average_SEM", 
        "value": 0.009955485153477639
    }, 
    "CDD": {
        "error": 5.842897402781762e-05, 
        "fit": "average_SEM", 
        "value": 2.5911564686490845e-05
    }, 
    "H1": {
        "error": 0.12727074148122894, 
        "fit": "average_SEM", 
        "value": -0.048815559844175974
    }, 
    "H2": {
        "error": 0.11759182654790284, 
        "fit": "average_SEM", 
        "value": 0.19363124994561076
    }, 
    "L1": {
        "error": 0.18181429012125527, 
        "fit": "average_SEM", 
        "value": -0.168227455248901
    }, 
    "L2": {
        "error": 0.14444049183425092, 
        "fit": "average_SEM", 
        "value": -0.01436715604213532
    }
}