{
    "AX": {
        "error": 0.0654728533670422, 
        "fit": "average_SEM", 
        "value": 0.0051565925045603455
    }, 
    "CDD": {
        "error": 3.416971161763936e-05, 
        "fit": "average_SEM", 
        "value": 7.773469405947253e-06
    }, 
    "H1": {
        "error": 0.13132824433825108, 
        "fit": "average_SEM", 
        "value": -0.032200952107086775
    }, 
    "H2": {
        "error": 0.1458122251485859, 
        "fit": "average_SEM", 
        "value": 0.23488844946647683
    }, 
    "L1": {
        "error": 0.13560237647904988, 
        "fit": "average_SEM", 
        "value": -0.14717349941493013
    }, 
    "L2": {
        "error": 0.12100419356944273, 
        "fit": "average_SEM", 
        "value": 0.0037185985730805744
    }
}