{
    "AX": {
        "error": 0.06308270381627433, 
        "fit": "average_SEM", 
        "value": 0.0020641265553422274
    }, 
    "CDD": {
        "error": 9.622171825104515e-05, 
        "fit": "average_SEM", 
        "value": 4.664081667821544e-05
    }, 
    "H1": {
        "error": 0.13565915220164823, 
        "fit": "average_SEM", 
        "value": -0.01990494045894593
    }, 
    "H2": {
        "error": 0.11222408483390275, 
        "fit": "average_SEM", 
        "value": 0.23804477353890738
    }, 
    "L1": {
        "error": 0.1453845283808499, 
        "fit": "average_SEM", 
        "value": -0.15019930632940184
    }, 
    "L2": {
        "error": 0.1486198566230212, 
        "fit": "average_SEM", 
        "value": -0.011476584011688828
    }
}