{
    "AX": {
        "error": 0.06067544656591735, 
        "fit": "average_SEM", 
        "value": 0.009247924972927042
    }, 
    "CDD": {
        "error": 3.416971161763936e-05, 
        "fit": "average_SEM", 
        "value": 7.773469405947253e-06
    }, 
    "H1": {
        "error": 0.11848848717923305, 
        "fit": "average_SEM", 
        "value": -0.050412056719263396
    }, 
    "H2": {
        "error": 0.1357277361299265, 
        "fit": "average_SEM", 
        "value": 0.2106206989332956
    }, 
    "L1": {
        "error": 0.1627161673977112, 
        "fit": "average_SEM", 
        "value": -0.127013275725767
    }, 
    "L2": {
        "error": 0.12267970802110433, 
        "fit": "average_SEM", 
        "value": -0.003839576143460969
    }
}