{
    "AX": {
        "error": 0.062415839846658536, 
        "fit": "average_SEM", 
        "value": 0.00777325348414403
    }, 
    "CDD": {
        "error": 0.0, 
        "fit": "average_SEM", 
        "value": 0.0
    }, 
    "H1": {
        "error": 0.1241446370684001, 
        "fit": "average_SEM", 
        "value": -0.03331755198305473
    }, 
    "H2": {
        "error": 0.12485963130938027, 
        "fit": "average_SEM", 
        "value": 0.25750452928089845
    }, 
    "L1": {
        "error": 0.16040555352699484, 
        "fit": "average_SEM", 
        "value": -0.15348896076902746
    }, 
    "L2": {
        "error": 0.12618919131307776, 
        "fit": "average_SEM", 
        "value": 0.02911860582244117
    }
}