{
    "AX": {
        "error": 0.05828269410907399, 
        "fit": "average_SEM", 
        "value": 0.005017583817364842
    }, 
    "CDD": {
        "error": 7.108191478003536e-05, 
        "fit": "average_SEM", 
        "value": 2.5911564686490845e-05
    }, 
    "H1": {
        "error": 0.12819891046128526, 
        "fit": "average_SEM", 
        "value": -0.04064540630982568
    }, 
    "H2": {
        "error": 0.13762459846613764, 
        "fit": "average_SEM", 
        "value": 0.23347838688253736
    }, 
    "L1": {
        "error": 0.13446940236686408, 
        "fit": "average_SEM", 
        "value": -0.1422379079158418
    }, 
    "L2": {
        "error": 0.14470344448228745, 
        "fit": "average_SEM", 
        "value": -0.033286195832382265
    }
}