{
    "AX": {
        "error": 0.04633334871781652, 
        "fit": "average_SEM", 
        "value": 0.0053438001506341
    }, 
    "CDD": {
        "error": 2.8143120675910584e-05, 
        "fit": "average_SEM", 
        "value": 5.1823129372981685e-06
    }, 
    "H1": {
        "error": 0.12082377530121359, 
        "fit": "average_SEM", 
        "value": -0.037950212182477114
    }, 
    "H2": {
        "error": 0.15192008359761586, 
        "fit": "average_SEM", 
        "value": 0.23929977673105896
    }, 
    "L1": {
        "error": 0.15523521321940162, 
        "fit": "average_SEM", 
        "value": -0.11453875626126925
    }, 
    "L2": {
        "error": 0.11957691410688394, 
        "fit": "average_SEM", 
        "value": -0.017424349354890487
    }
}