{
    "AX": {
        "error": 0.060474886992439976, 
        "fit": "average_SEM", 
        "value": 0.005073427214908103
    }, 
    "CDD": {
        "error": 6.04958597456992e-05, 
        "fit": "average_SEM", 
        "value": 2.0729251749192674e-05
    }, 
    "H1": {
        "error": 0.12334988344530068, 
        "fit": "average_SEM", 
        "value": -0.04102314064318004
    }, 
    "H2": {
        "error": 0.1149008431358104, 
        "fit": "average_SEM", 
        "value": 0.21440244295323888
    }, 
    "L1": {
        "error": 0.141444819468413, 
        "fit": "average_SEM", 
        "value": -0.16778037009547309
    }, 
    "L2": {
        "error": 0.13259420970367528, 
        "fit": "average_SEM", 
        "value": -0.00948301302269101
    }
}