{
    "AX": {
        "error": 0.055889427343988635, 
        "fit": "average_SEM", 
        "value": -0.005451520905868771
    }, 
    "CDD": {
        "error": 3.910814956837816e-05, 
        "fit": "average_SEM", 
        "value": 1.0364625874596337e-05
    }, 
    "H1": {
        "error": 0.13822570597325495, 
        "fit": "average_SEM", 
        "value": -0.061336870592397945
    }, 
    "H2": {
        "error": 0.10952657325665863, 
        "fit": "average_SEM", 
        "value": 0.2176238175306935
    }, 
    "L1": {
        "error": 0.14343114206183688, 
        "fit": "average_SEM", 
        "value": -0.16701632258870328
    }, 
    "L2": {
        "error": 0.14068894637376497, 
        "fit": "average_SEM", 
        "value": 0.026439565303735434
    }
}