{
    "AX": {
        "error": 0.0637633539927818, 
        "fit": "average_SEM", 
        "value": -0.004912528357165987
    }, 
    "CDD": {
        "error": 0.00013925231836703385, 
        "fit": "average_SEM", 
        "value": 0.00010364625947355914
    }, 
    "H1": {
        "error": 0.14758267928227234, 
        "fit": "average_SEM", 
        "value": -0.018343362289791307
    }, 
    "H2": {
        "error": 0.12208981418308405, 
        "fit": "average_SEM", 
        "value": 0.2232323673029896
    }, 
    "L1": {
        "error": 0.15987447416430897, 
        "fit": "average_SEM", 
        "value": -0.13784124663410088
    }, 
    "L2": {
        "error": 0.13620504910295864, 
        "fit": "average_SEM", 
        "value": -0.008690824229658271
    }
}