{
    "AX": {
        "error": 0.050451516147912, 
        "fit": "average_SEM", 
        "value": 0.014859668161564817
    }, 
    "CDD": {
        "error": 6.04958597456992e-05, 
        "fit": "average_SEM", 
        "value": 2.0729251749192674e-05
    }, 
    "H1": {
        "error": 0.12059933842324004, 
        "fit": "average_SEM", 
        "value": -0.03648430596416195
    }, 
    "H2": {
        "error": 0.11282108219856683, 
        "fit": "average_SEM", 
        "value": 0.23721931545684735
    }, 
    "L1": {
        "error": 0.17740984047931185, 
        "fit": "average_SEM", 
        "value": -0.155281760248666
    }, 
    "L2": {
        "error": 0.12860233625184944, 
        "fit": "average_SEM", 
        "value": 0.0024149862768050906
    }
}