{
    "AX": {
        "error": 0.05139770865093188, 
        "fit": "average_SEM", 
        "value": -0.006069515917139749
    }, 
    "CDD": {
        "error": 0.00010899783856760593, 
        "fit": "average_SEM", 
        "value": 7.773469430200445e-05
    }, 
    "H1": {
        "error": 0.11364548435471805, 
        "fit": "average_SEM", 
        "value": -0.01714099107775837
    }, 
    "H2": {
        "error": 0.11787388763851314, 
        "fit": "average_SEM", 
        "value": 0.21649273298680782
    }, 
    "L1": {
        "error": 0.15070189913372042, 
        "fit": "average_SEM", 
        "value": -0.1267119274746316
    }, 
    "L2": {
        "error": 0.1317982641958564, 
        "fit": "average_SEM", 
        "value": -0.009280053037218749
    }
}