{
    "AX": {
        "error": 0.04953884897094988, 
        "fit": "average_SEM", 
        "value": 0.00941170411266891
    }, 
    "CDD": {
        "error": 6.049585974569921e-05, 
        "fit": "average_SEM", 
        "value": 2.0729251749192674e-05
    }, 
    "H1": {
        "error": 0.1203664589887053, 
        "fit": "average_SEM", 
        "value": -0.06058574728667736
    }, 
    "H2": {
        "error": 0.13348905886579757, 
        "fit": "average_SEM", 
        "value": -0.058174563428231824
    }, 
    "L1": {
        "error": 0.15796420433068625, 
        "fit": "average_SEM", 
        "value": -0.1363922329697137
    }, 
    "L2": {
        "error": 0.14098857346690555, 
        "fit": "average_SEM", 
        "value": -0.05207826698509355
    }
}