{
    "AX": {
        "error": 0.055394356738264844, 
        "fit": "average_SEM", 
        "value": -0.0023561029074092707
    }, 
    "CDD": {
        "error": 0.00014974242695916845, 
        "fit": "average_SEM", 
        "value": 3.627619225881063e-05
    }, 
    "H1": {
        "error": 0.1204550667016536, 
        "fit": "average_SEM", 
        "value": -0.020072820650724073
    }, 
    "H2": {
        "error": 0.14987990277882982, 
        "fit": "average_SEM", 
        "value": 0.22045843047089875
    }, 
    "L1": {
        "error": 0.17271099267460954, 
        "fit": "average_SEM", 
        "value": -0.14034294229738103
    }, 
    "L2": {
        "error": 0.1362358076491581, 
        "fit": "average_SEM", 
        "value": -0.003823547709422807
    }
}