{
    "AX": {
        "error": 0.058285148365318555, 
        "fit": "average_SEM", 
        "value": 0.004579328113080313
    }, 
    "CDD": {
        "error": 5.790072534810254e-05, 
        "fit": "average_SEM", 
        "value": 1.8138095280543592e-05
    }, 
    "H1": {
        "error": 0.1137189548959376, 
        "fit": "average_SEM", 
        "value": -0.03295414717188881
    }, 
    "H2": {
        "error": 0.11118466202105781, 
        "fit": "average_SEM", 
        "value": 0.2103427609661594
    }, 
    "L1": {
        "error": 0.1700322070534689, 
        "fit": "average_SEM", 
        "value": -0.15656755324453114
    }, 
    "L2": {
        "error": 0.13849809344168673, 
        "fit": "average_SEM", 
        "value": -0.0165544159982043
    }
}