{
    "AX": {
        "error": 0.05580086284626999, 
        "fit": "average_SEM", 
        "value": -0.0023396835907381805
    }, 
    "CDD": {
        "error": 2.8143120675910587e-05, 
        "fit": "average_SEM", 
        "value": 5.1823129372981685e-06
    }, 
    "H1": {
        "error": 0.11819361420996348, 
        "fit": "average_SEM", 
        "value": -0.018548683010158128
    }, 
    "H2": {
        "error": 0.11924843972508715, 
        "fit": "average_SEM", 
        "value": 0.24223149834821622
    }, 
    "L1": {
        "error": 0.14627219832750965, 
        "fit": "average_SEM", 
        "value": -0.13965231529437006
    }, 
    "L2": {
        "error": 0.13744144825046334, 
        "fit": "average_SEM", 
        "value": 0.010036055487580598
    }
}