{
    "AX": {
        "error": 0.05737632899548224, 
        "fit": "average_SEM", 
        "value": 0.0037332958813446264
    }, 
    "CDD": {
        "error": 5.033038043180275e-05, 
        "fit": "average_SEM", 
        "value": 1.8138095280543592e-05
    }, 
    "H1": {
        "error": 0.14329074450382787, 
        "fit": "average_SEM", 
        "value": -0.02288341732346453
    }, 
    "H2": {
        "error": 0.1038824982373282, 
        "fit": "average_SEM", 
        "value": 0.24922877469410498
    }, 
    "L1": {
        "error": 0.14336898872528137, 
        "fit": "average_SEM", 
        "value": -0.11537069076827416
    }, 
    "L2": {
        "error": 0.14188639103753753, 
        "fit": "average_SEM", 
        "value": -0.010796550831097798
    }
}