{
    "AX": {
        "error": 0.05397473142205418, 
        "fit": "average_SEM", 
        "value": -0.0016284331145773952
    }, 
    "CDD": {
        "error": 8.818711200362008e-05, 
        "fit": "average_SEM", 
        "value": 4.92319729043326e-05
    }, 
    "H1": {
        "error": 0.13256866654345534, 
        "fit": "average_SEM", 
        "value": -0.04549146981250184
    }, 
    "H2": {
        "error": 0.13802598293254315, 
        "fit": "average_SEM", 
        "value": 0.21234604062822957
    }, 
    "L1": {
        "error": 0.1372747829947733, 
        "fit": "average_SEM", 
        "value": -0.12202983083892226
    }, 
    "L2": {
        "error": 0.13906436440633527, 
        "fit": "average_SEM", 
        "value": 2.471336241190632e-05
    }
}