{
    "AX": {
        "error": 0.05435806154775777, 
        "fit": "average_SEM", 
        "value": 0.00774684141894492
    }, 
    "CDD": {
        "error": 2.8143120675910584e-05, 
        "fit": "average_SEM", 
        "value": 5.1823129372981685e-06
    }, 
    "H1": {
        "error": 0.10910600306229837, 
        "fit": "average_SEM", 
        "value": -0.04093334787224497
    }, 
    "H2": {
        "error": 0.12261201748974353, 
        "fit": "average_SEM", 
        "value": 0.2109816319619616
    }, 
    "L1": {
        "error": 0.16318789281126378, 
        "fit": "average_SEM", 
        "value": -0.12153572944613794
    }, 
    "L2": {
        "error": 0.14753507326809343, 
        "fit": "average_SEM", 
        "value": 0.004503469025560965
    }
}