{
    "AX": {
        "error": 0.062164213756649406, 
        "fit": "average_SEM", 
        "value": 0.004527254200850924
    }, 
    "CDD": {
        "error": 4.7034416801437166e-05, 
        "fit": "average_SEM", 
        "value": 1.5546938811894506e-05
    }, 
    "H1": {
        "error": 0.13096645938950835, 
        "fit": "average_SEM", 
        "value": -0.049364633303290856
    }, 
    "H2": {
        "error": 0.11725537997136712, 
        "fit": "average_SEM", 
        "value": 0.2353264925070107
    }, 
    "L1": {
        "error": 0.12534142053423022, 
        "fit": "average_SEM", 
        "value": -0.14053043912475308
    }, 
    "L2": {
        "error": 0.12900405667614134, 
        "fit": "average_SEM", 
        "value": -0.011840169482093188
    }
}