{
    "AX": {
        "error": 0.06087482406220136, 
        "fit": "average_SEM", 
        "value": -0.003390235513021859
    }, 
    "CDD": {
        "error": 3.416971161763936e-05, 
        "fit": "average_SEM", 
        "value": 7.773469405947253e-06
    }, 
    "H1": {
        "error": 0.12399564325050354, 
        "fit": "average_SEM", 
        "value": -0.03214847777659694
    }, 
    "H2": {
        "error": 0.14140450058806586, 
        "fit": "average_SEM", 
        "value": 0.22074042659951373
    }, 
    "L1": {
        "error": 0.15397054023149426, 
        "fit": "average_SEM", 
        "value": -0.14298756546728933
    }, 
    "L2": {
        "error": 0.1396628135908316, 
        "fit": "average_SEM", 
        "value": -0.009724125409654031
    }
}