{
    "AX": {
        "error": 0.05779197012983145, 
        "fit": "average_SEM", 
        "value": 0.012527692455720777
    }, 
    "CDD": {
        "error": 2.0071011700991052e-05, 
        "fit": "average_SEM", 
        "value": 2.5911564686490842e-06
    }, 
    "H1": {
        "error": 0.12775393871899135, 
        "fit": "average_SEM", 
        "value": -0.005043806397588923
    }, 
    "H2": {
        "error": 0.14151807822184054, 
        "fit": "average_SEM", 
        "value": 0.22654012015555053
    }, 
    "L1": {
        "error": 0.15872556871577181, 
        "fit": "average_SEM", 
        "value": -0.12842708968843605
    }, 
    "L2": {
        "error": 0.12727551349150976, 
        "fit": "average_SEM", 
        "value": 0.011636713240295648
    }
}