{
    "AX": {
        "error": 0.05408371686831712, 
        "fit": "average_SEM", 
        "value": -0.0030812025138099368
    }, 
    "CDD": {
        "error": 2.0071011700991052e-05, 
        "fit": "average_SEM", 
        "value": 2.5911564686490842e-06
    }, 
    "H1": {
        "error": 0.12346150371900114, 
        "fit": "average_SEM", 
        "value": -0.04647913216613233
    }, 
    "H2": {
        "error": 0.11899406256277223, 
        "fit": "average_SEM", 
        "value": 0.26911571581537524
    }, 
    "L1": {
        "error": 0.14235282226521792, 
        "fit": "average_SEM", 
        "value": -0.14862845643462302
    }, 
    "L2": {
        "error": 0.13919635330368219, 
        "fit": "average_SEM", 
        "value": -0.007915117716765962
    }
}