{
    "AX": {
        "error": 0.05774517062159451, 
        "fit": "average_SEM", 
        "value": -0.004355509111580128
    }, 
    "CDD": {
        "error": 2.0071011700991052e-05, 
        "fit": "average_SEM", 
        "value": 2.5911564686490842e-06
    }, 
    "H1": {
        "error": 0.1402848137827106, 
        "fit": "average_SEM", 
        "value": -0.021128227127095063
    }, 
    "H2": {
        "error": 0.1172505623900373, 
        "fit": "average_SEM", 
        "value": 0.21512226420648706
    }, 
    "L1": {
        "error": 0.16923672414656338, 
        "fit": "average_SEM", 
        "value": -0.13636338307211796
    }, 
    "L2": {
        "error": 0.1345990622063279, 
        "fit": "average_SEM", 
        "value": -0.012220970203634352
    }
}