{
    "AX": {
        "error": 0.059225563910260466, 
        "fit": "average_SEM", 
        "value": 0.014051652565103722
    }, 
    "CDD": {
        "error": 3.416971161763936e-05, 
        "fit": "average_SEM", 
        "value": 7.773469405947253e-06
    }, 
    "H1": {
        "error": 0.12400181572732755, 
        "fit": "average_SEM", 
        "value": -0.012740757979918272
    }, 
    "H2": {
        "error": 0.12778224614159053, 
        "fit": "average_SEM", 
        "value": 0.2402041140322884
    }, 
    "L1": {
        "error": 0.1538824073770156, 
        "fit": "average_SEM", 
        "value": -0.16379771886580177
    }, 
    "L2": {
        "error": 0.1385648000615422, 
        "fit": "average_SEM", 
        "value": -0.01624059081853678
    }
}