{
    "AX": {
        "error": 0.05842809153516227, 
        "fit": "average_SEM", 
        "value": 0.0028533019785148403
    }, 
    "CDD": {
        "error": 2.0071011700991052e-05, 
        "fit": "average_SEM", 
        "value": 2.5911564686490842e-06
    }, 
    "H1": {
        "error": 0.13441297621130824, 
        "fit": "average_SEM", 
        "value": -0.025336807143564025
    }, 
    "H2": {
        "error": 0.12262072480797184, 
        "fit": "average_SEM", 
        "value": 0.22409161759229998
    }, 
    "L1": {
        "error": 0.13284712698328308, 
        "fit": "average_SEM", 
        "value": -0.15612198716650408
    }, 
    "L2": {
        "error": 0.14527125230653679, 
        "fit": "average_SEM", 
        "value": -0.036939034595464666
    }
}