{
    "AX": {
        "error": 0.0613054772791769, 
        "fit": "average_SEM", 
        "value": 0.0053550716111203656
    }, 
    "CDD": {
        "error": 6.893628542555215e-05, 
        "fit": "average_SEM", 
        "value": 3.109387762378901e-05
    }, 
    "H1": {
        "error": 0.1294267282197218, 
        "fit": "average_SEM", 
        "value": -0.03386400587138875
    }, 
    "H2": {
        "error": 0.128853064951551, 
        "fit": "average_SEM", 
        "value": 0.23198311501182617
    }, 
    "L1": {
        "error": 0.13658187908992142, 
        "fit": "average_SEM", 
        "value": -0.1399327494863731
    }, 
    "L2": {
        "error": 0.1460486738827796, 
        "fit": "average_SEM", 
        "value": 0.010773575770993677
    }
}