{
    "AX": {
        "error": 0.07004362658093474, 
        "fit": "average_SEM", 
        "value": -0.004570190259255469
    }, 
    "CDD": {
        "error": 3.910814956837816e-05, 
        "fit": "average_SEM", 
        "value": 1.0364625874596337e-05
    }, 
    "H1": {
        "error": 0.1183836252825163, 
        "fit": "average_SEM", 
        "value": -0.035892124349872274
    }, 
    "H2": {
        "error": 0.13897496700666823, 
        "fit": "average_SEM", 
        "value": 0.24331140285357833
    }, 
    "L1": {
        "error": 0.15093225117586004, 
        "fit": "average_SEM", 
        "value": -0.1446968748253615
    }, 
    "L2": {
        "error": 0.12406777018744873, 
        "fit": "average_SEM", 
        "value": -0.0037183983367867768
    }
}