{
    "AX": {
        "error": 0.06327382106354296, 
        "fit": "average_SEM", 
        "value": -0.013552336147404276
    }, 
    "CDD": {
        "error": 3.910814956837816e-05, 
        "fit": "average_SEM", 
        "value": 1.0364625874596337e-05
    }, 
    "H1": {
        "error": 0.1328754315957271, 
        "fit": "average_SEM", 
        "value": -0.03112824078416452
    }, 
    "H2": {
        "error": 0.13392999834316566, 
        "fit": "average_SEM", 
        "value": 0.23623343655102266
    }, 
    "L1": {
        "error": 0.15971990432662084, 
        "fit": "average_SEM", 
        "value": -0.14825774266694983
    }, 
    "L2": {
        "error": 0.13165058361262702, 
        "fit": "average_SEM", 
        "value": -0.00476969414545844
    }
}