{
    "AX": {
        "error": 0.07211827065346643, 
        "fit": "average_SEM", 
        "value": 0.0011321839798862736
    }, 
    "CDD": {
        "error": 7.064833755078197e-05, 
        "fit": "average_SEM", 
        "value": 4.4049659967034437e-05
    }, 
    "H1": {
        "error": 0.117720476320018, 
        "fit": "average_SEM", 
        "value": -0.01876486707866813
    }, 
    "H2": {
        "error": 0.12416446078882042, 
        "fit": "average_SEM", 
        "value": 0.23222358400623003
    }, 
    "L1": {
        "error": 0.1370623832880623, 
        "fit": "average_SEM", 
        "value": -0.138102166193615
    }, 
    "L2": {
        "error": 0.13109952229141095, 
        "fit": "average_SEM", 
        "value": -0.013829469098709524
    }
}