{
    "AX": {
        "error": 0.05367367954208444, 
        "fit": "average_SEM", 
        "value": 0.0012917253848475714
    }, 
    "CDD": {
        "error": 0.00012572417084639892, 
        "fit": "average_SEM", 
        "value": 6.477891292888671e-05
    }, 
    "H1": {
        "error": 0.13077161285729572, 
        "fit": "average_SEM", 
        "value": -0.025821199878312957
    }, 
    "H2": {
        "error": 0.1395171070732282, 
        "fit": "average_SEM", 
        "value": 0.21226027831435204
    }, 
    "L1": {
        "error": 0.13881572321805344, 
        "fit": "average_SEM", 
        "value": -0.15045146732591091
    }, 
    "L2": {
        "error": 0.14254190733485408, 
        "fit": "average_SEM", 
        "value": -0.005293355928733945
    }
}