{
    "AX": {
        "error": 0.06512185153009477, 
        "fit": "average_SEM", 
        "value": 0.00698319740598284
    }, 
    "CDD": {
        "error": 0.00022353163405844763, 
        "fit": "average_SEM", 
        "value": 0.00031093878327131583
    }, 
    "H1": {
        "error": 0.12297619115456787, 
        "fit": "average_SEM", 
        "value": -0.028268934181930185
    }, 
    "H2": {
        "error": 0.11638788300458276, 
        "fit": "average_SEM", 
        "value": -0.03435634430594898
    }, 
    "L1": {
        "error": 0.19126721764650198, 
        "fit": "average_SEM", 
        "value": -0.1575829444414315
    }, 
    "L2": {
        "error": 0.14359262220191005, 
        "fit": "average_SEM", 
        "value": -0.005898206898321708
    }
}