{
    "AX": {
        "error": 0.07273059951841138, 
        "fit": "average_SEM", 
        "value": 0.008983785558666569
    }, 
    "CDD": {
        "error": 0.00031483113701447627, 
        "fit": "average_SEM", 
        "value": 0.000545438470847633
    }, 
    "H1": {
        "error": 0.130393624329605, 
        "fit": "average_SEM", 
        "value": -0.0026649868911287435
    }, 
    "H2": {
        "error": 0.11895347736932706, 
        "fit": "average_SEM", 
        "value": -0.040562201660941356
    }, 
    "L1": {
        "error": 0.1651154752996743, 
        "fit": "average_SEM", 
        "value": -0.1383071263723347
    }, 
    "L2": {
        "error": 0.12365768093618751, 
        "fit": "average_SEM", 
        "value": 0.01070512571410897
    }
}