{
    "AX": {
        "error": 0.06255289498852132, 
        "fit": "average_SEM", 
        "value": 0.0037571474288900695
    }, 
    "CDD": {
        "error": 0.00010224319946809359, 
        "fit": "average_SEM", 
        "value": 6.737006830614216e-05
    }, 
    "H1": {
        "error": 0.12416796212257647, 
        "fit": "average_SEM", 
        "value": -0.02899938775129461
    }, 
    "H2": {
        "error": 0.13190309719302185, 
        "fit": "average_SEM", 
        "value": -0.04109611066135888
    }, 
    "L1": {
        "error": 0.1689706965210934, 
        "fit": "average_SEM", 
        "value": -0.1352578882613064
    }, 
    "L2": {
        "error": 0.13704001273019342, 
        "fit": "average_SEM", 
        "value": 0.010730388325464446
    }
}