{
    "AX": {
        "error": 0.056386336478489334, 
        "fit": "average_SEM", 
        "value": 0.018146959013817347
    }, 
    "CDD": {
        "error": 8.967539608279419e-05, 
        "fit": "average_SEM", 
        "value": 4.793639479127402e-05
    }, 
    "H1": {
        "error": 0.1365396904854018, 
        "fit": "average_SEM", 
        "value": -0.027447481098352
    }, 
    "H2": {
        "error": 0.13057222163387877, 
        "fit": "average_SEM", 
        "value": -0.05494044781092574
    }, 
    "L1": {
        "error": 0.1819276367919711, 
        "fit": "average_SEM", 
        "value": -0.13655382773261712
    }, 
    "L2": {
        "error": 0.14379633329706804, 
        "fit": "average_SEM", 
        "value": -0.0111572009162046
    }
}