{
    "AX": {
        "error": 0.059284081639210784, 
        "fit": "average_SEM", 
        "value": 0.006303841596430478
    }, 
    "CDD": {
        "error": 0.00013149219469925228, 
        "fit": "average_SEM", 
        "value": 0.00013603571496787482
    }, 
    "H1": {
        "error": 0.1290614209099346, 
        "fit": "average_SEM", 
        "value": -0.033060101797188206
    }, 
    "H2": {
        "error": 0.12145525135331364, 
        "fit": "average_SEM", 
        "value": -0.051216398237738756
    }, 
    "L1": {
        "error": 0.17999271294868266, 
        "fit": "average_SEM", 
        "value": -0.15318811595789156
    }, 
    "L2": {
        "error": 0.13912539599539744, 
        "fit": "average_SEM", 
        "value": 0.011391131971807529
    }
}