{
    "AX": {
        "error": 0.06614456979423286, 
        "fit": "average_SEM", 
        "value": 0.004523259437458667
    }, 
    "CDD": {
        "error": 0.00024236538106142138, 
        "fit": "average_SEM", 
        "value": 0.0003575796039513079
    }, 
    "H1": {
        "error": 0.1384779272304604, 
        "fit": "average_SEM", 
        "value": -0.01824012017265583
    }, 
    "H2": {
        "error": 0.10846471477955237, 
        "fit": "average_SEM", 
        "value": -0.06046763478540621
    }, 
    "L1": {
        "error": 0.17865887087034696, 
        "fit": "average_SEM", 
        "value": -0.13869487753060336
    }, 
    "L2": {
        "error": 0.13631541713450174, 
        "fit": "average_SEM", 
        "value": -0.01776681661576731
    }
}