{
    "AX": {
        "error": 0.0727972528860145, 
        "fit": "average_SEM", 
        "value": 0.013781523171928711
    }, 
    "CDD": {
        "error": 0.0002798110515366279, 
        "fit": "average_SEM", 
        "value": 0.00047677281011904903
    }, 
    "H1": {
        "error": 0.13773667397055134, 
        "fit": "average_SEM", 
        "value": -0.040211410194994336
    }, 
    "H2": {
        "error": 0.11910305118024433, 
        "fit": "average_SEM", 
        "value": -0.06395238726399839
    }, 
    "L1": {
        "error": 0.17568569813093127, 
        "fit": "average_SEM", 
        "value": -0.14930863771005534
    }, 
    "L2": {
        "error": 0.13519246522750247, 
        "fit": "average_SEM", 
        "value": -0.0146113673375415
    }
}