{
    "AX": {
        "error": 0.0605583950278595, 
        "fit": "average_SEM", 
        "value": 0.005019782672510094
    }, 
    "CDD": {
        "error": 0.0002233460406220578, 
        "fit": "average_SEM", 
        "value": 0.0002940962670739585
    }, 
    "H1": {
        "error": 0.14372451401550448, 
        "fit": "average_SEM", 
        "value": -0.02915229817153886
    }, 
    "H2": {
        "error": 0.12715287955505844, 
        "fit": "average_SEM", 
        "value": -0.06389301564971296
    }, 
    "L1": {
        "error": 0.16965606343696613, 
        "fit": "average_SEM", 
        "value": -0.16234821471395358
    }, 
    "L2": {
        "error": 0.1439054417340806, 
        "fit": "average_SEM", 
        "value": -0.034492238882618646
    }
}