{
    "AX": {
        "error": 0.06311278884048535, 
        "fit": "average_SEM", 
        "value": 2.520013173731665e-05
    }, 
    "CDD": {
        "error": 0.00013210634815617335, 
        "fit": "average_SEM", 
        "value": 0.00010882857216832538
    }, 
    "H1": {
        "error": 0.12105473361247411, 
        "fit": "average_SEM", 
        "value": -0.009382773377001285
    }, 
    "H2": {
        "error": 0.11962175868853231, 
        "fit": "average_SEM", 
        "value": 0.23024574586500723
    }, 
    "L1": {
        "error": 0.17148973188654087, 
        "fit": "average_SEM", 
        "value": -0.1314679275926513
    }, 
    "L2": {
        "error": 0.13493965937546695, 
        "fit": "average_SEM", 
        "value": 0.007797941776031317
    }
}