{
    "AX": {
        "error": 0.06383615628205412, 
        "fit": "average_SEM", 
        "value": 0.004430683686708411
    }, 
    "CDD": {
        "error": 2.8143120675910587e-05, 
        "fit": "average_SEM", 
        "value": 5.1823129372981685e-06
    }, 
    "H1": {
        "error": 0.13281112428413233, 
        "fit": "average_SEM", 
        "value": -0.03424023872078882
    }, 
    "H2": {
        "error": 0.11966430452440914, 
        "fit": "average_SEM", 
        "value": 0.23150184449429315
    }, 
    "L1": {
        "error": 0.13176368656288218, 
        "fit": "average_SEM", 
        "value": -0.12934829135580608
    }, 
    "L2": {
        "error": 0.1434318988064993, 
        "fit": "average_SEM", 
        "value": 0.006213542019637922
    }
}