{
    "AX": {
        "error": 0.054155162229576274, 
        "fit": "average_SEM", 
        "value": 0.006680461127931873
    }, 
    "CDD": {
        "error": 5.1932808076352614e-05, 
        "fit": "average_SEM", 
        "value": 1.2955782343245422e-05
    }, 
    "H1": {
        "error": 0.12136405439281779, 
        "fit": "average_SEM", 
        "value": -0.020865422564869125
    }, 
    "H2": {
        "error": 0.1260313072295665, 
        "fit": "average_SEM", 
        "value": 0.23810941620419424
    }, 
    "L1": {
        "error": 0.14517992647333813, 
        "fit": "average_SEM", 
        "value": -0.1429325604517847
    }, 
    "L2": {
        "error": 0.14402715214431452, 
        "fit": "average_SEM", 
        "value": -0.0002002414714903959
    }
}