{
    "AX": {
        "error": 0.054284590049722435, 
        "fit": "average_SEM", 
        "value": 0.002457742216453577
    }, 
    "CDD": {
        "error": 4.3332086878765275e-05, 
        "fit": "average_SEM", 
        "value": 1.2955782343245422e-05
    }, 
    "H1": {
        "error": 0.12238433543943529, 
        "fit": "average_SEM", 
        "value": -0.04674383805055792
    }, 
    "H2": {
        "error": 0.12966720419746502, 
        "fit": "average_SEM", 
        "value": 0.21032161894254386
    }, 
    "L1": {
        "error": 0.1539982345441881, 
        "fit": "average_SEM", 
        "value": -0.12831981249619276
    }, 
    "L2": {
        "error": 0.14914469561768184, 
        "fit": "average_SEM", 
        "value": -0.004404309498204384
    }
}