{
    "AX": {
        "error": 0.05927215025622278, 
        "fit": "average_SEM", 
        "value": -0.0037370281701441855
    }, 
    "CDD": {
        "error": 6.271255573524955e-05, 
        "fit": "average_SEM", 
        "value": 3.109387762378901e-05
    }, 
    "H1": {
        "error": 0.13280538333260028, 
        "fit": "average_SEM", 
        "value": -0.06339717727387324
    }, 
    "H2": {
        "error": 0.12604617060802026, 
        "fit": "average_SEM", 
        "value": -0.0664664858370088
    }, 
    "L1": {
        "error": 0.17958857827742322, 
        "fit": "average_SEM", 
        "value": -0.1582251721942157
    }, 
    "L2": {
        "error": 0.14031545680389976, 
        "fit": "average_SEM", 
        "value": -0.02688543850866457
    }
}