{
    "AX": {
        "error": 0.059934850587234134, 
        "fit": "average_SEM", 
        "value": -0.001902229090531667
    }, 
    "CDD": {
        "error": 3.910814956837816e-05, 
        "fit": "average_SEM", 
        "value": 1.0364625874596337e-05
    }, 
    "H1": {
        "error": 0.13070682605065922, 
        "fit": "average_SEM", 
        "value": -0.044879283662885426
    }, 
    "H2": {
        "error": 0.11805888514308785, 
        "fit": "average_SEM", 
        "value": 0.23285448925259214
    }, 
    "L1": {
        "error": 0.14092528349228242, 
        "fit": "average_SEM", 
        "value": -0.13249147143991044
    }, 
    "L2": {
        "error": 0.14709345210007202, 
        "fit": "average_SEM", 
        "value": 0.02601995278770725
    }
}