{
    "AX": {
        "error": 0.06206590087458876, 
        "fit": "average_SEM", 
        "value": 0.007441743519060158
    }, 
    "CDD": {
        "error": 6.049585974569921e-05, 
        "fit": "average_SEM", 
        "value": 2.0729251749192674e-05
    }, 
    "H1": {
        "error": 0.11864119625954869, 
        "fit": "average_SEM", 
        "value": -0.05843166366685182
    }, 
    "H2": {
        "error": 0.1227361675170094, 
        "fit": "average_SEM", 
        "value": -0.0516746897289219
    }, 
    "L1": {
        "error": 0.14276590139952702, 
        "fit": "average_SEM", 
        "value": -0.16717980711255223
    }, 
    "L2": {
        "error": 0.14078310216536064, 
        "fit": "average_SEM", 
        "value": -0.029654309735633433
    }
}