{
    "AX": {
        "error": 0.04785261453583738, 
        "fit": "average_SEM", 
        "value": 0.012944777884210149
    }, 
    "CDD": {
        "error": 0.00012637418616256993, 
        "fit": "average_SEM", 
        "value": 8.032585077065354e-05
    }, 
    "H1": {
        "error": 0.12617747686121847, 
        "fit": "average_SEM", 
        "value": 0.007934442148446881
    }, 
    "H2": {
        "error": 0.13803972874654918, 
        "fit": "average_SEM", 
        "value": -0.022722239976671214
    }, 
    "L1": {
        "error": 0.1490105953352555, 
        "fit": "average_SEM", 
        "value": -0.13144844349978183
    }, 
    "L2": {
        "error": 0.13217268288949569, 
        "fit": "average_SEM", 
        "value": -0.012875577222560726
    }
}