{
    "AX": {
        "error": 0.05962579286348671, 
        "fit": "average_SEM", 
        "value": 0.00190616468898952
    }, 
    "CDD": {
        "error": 9.186551181894705e-05, 
        "fit": "average_SEM", 
        "value": 4.664081667821544e-05
    }, 
    "H1": {
        "error": 0.12275294509831132, 
        "fit": "average_SEM", 
        "value": -0.03677052486212536
    }, 
    "H2": {
        "error": 0.09798243934634536, 
        "fit": "average_SEM", 
        "value": -0.058306474909962464
    }, 
    "L1": {
        "error": 0.19780498259188492, 
        "fit": "average_SEM", 
        "value": -0.16958804706810043
    }, 
    "L2": {
        "error": 0.1440214677384756, 
        "fit": "average_SEM", 
        "value": -0.05857955125005295
    }
}