{
    "AX": {
        "error": 0.05271134117614372, 
        "fit": "average_SEM", 
        "value": 0.0062432512708862
    }, 
    "CDD": {
        "error": 3.416971161763936e-05, 
        "fit": "average_SEM", 
        "value": 7.773469405947253e-06
    }, 
    "H1": {
        "error": 0.11486246674016345, 
        "fit": "average_SEM", 
        "value": -0.027767668711506606
    }, 
    "H2": {
        "error": 0.12416655672720278, 
        "fit": "average_SEM", 
        "value": 0.2081319027580321
    }, 
    "L1": {
        "error": 0.15595002264852262, 
        "fit": "average_SEM", 
        "value": -0.12826855326226602
    }, 
    "L2": {
        "error": 0.12312261887163814, 
        "fit": "average_SEM", 
        "value": -0.012763867146956424
    }
}