{
    "AX": {
        "error": 0.05452518207421399, 
        "fit": "average_SEM", 
        "value": 0.0017332034806410471
    }, 
    "CDD": {
        "error": 9.216233171401921e-05, 
        "fit": "average_SEM", 
        "value": 3.62761908036191e-05
    }, 
    "H1": {
        "error": 0.1348354458446576, 
        "fit": "average_SEM", 
        "value": -0.042886736096503834
    }, 
    "H2": {
        "error": 0.12551834660746666, 
        "fit": "average_SEM", 
        "value": -0.060554268017100794
    }, 
    "L1": {
        "error": 0.17360882516079063, 
        "fit": "average_SEM", 
        "value": -0.16466518038359937
    }, 
    "L2": {
        "error": 0.12601019152294934, 
        "fit": "average_SEM", 
        "value": -0.011044707440790565
    }
}