{
    "AX": {
        "error": 0.06604824066723394, 
        "fit": "average_SEM", 
        "value": -0.00214915854545931
    }, 
    "CDD": {
        "error": 6.458978864544161e-05, 
        "fit": "average_SEM", 
        "value": 1.8138095280543592e-05
    }, 
    "H1": {
        "error": 0.13700494770182192, 
        "fit": "average_SEM", 
        "value": -0.05719281390969021
    }, 
    "H2": {
        "error": 0.1236908524721595, 
        "fit": "average_SEM", 
        "value": 0.2265946072836717
    }, 
    "L1": {
        "error": 0.187496456110277, 
        "fit": "average_SEM", 
        "value": -0.14651290000377534
    }, 
    "L2": {
        "error": 0.13393514291586192, 
        "fit": "average_SEM", 
        "value": -0.0007881959512208899
    }
}