{
    "AX": {
        "error": 0.06140026531054856, 
        "fit": "average_SEM", 
        "value": 0.002323704271899866
    }, 
    "CDD": {
        "error": 0.00018321001887282518, 
        "fit": "average_SEM", 
        "value": 0.00015028707857709379
    }, 
    "H1": {
        "error": 0.1395055745134019, 
        "fit": "average_SEM", 
        "value": -0.02634405258189266
    }, 
    "H2": {
        "error": 0.1185792678128603, 
        "fit": "average_SEM", 
        "value": -0.06315486768677753
    }, 
    "L1": {
        "error": 0.17807590479406607, 
        "fit": "average_SEM", 
        "value": -0.16107908372456828
    }, 
    "L2": {
        "error": 0.11553425680878657, 
        "fit": "average_SEM", 
        "value": -0.02455024078177909
    }
}