{
    "AX": {
        "error": 0.052623763262124375, 
        "fit": "average_SEM", 
        "value": 0.005455577692676646
    }, 
    "CDD": {
        "error": 3.910814956837816e-05, 
        "fit": "average_SEM", 
        "value": 1.0364625874596337e-05
    }, 
    "H1": {
        "error": 0.13041690740631057, 
        "fit": "average_SEM", 
        "value": -0.01673473693081178
    }, 
    "H2": {
        "error": 0.11804292332691059, 
        "fit": "average_SEM", 
        "value": -0.011231373607491454
    }, 
    "L1": {
        "error": 0.17335721950112737, 
        "fit": "average_SEM", 
        "value": -0.11099542846592764
    }, 
    "L2": {
        "error": 0.12767368137476437, 
        "fit": "average_SEM", 
        "value": 0.012405940997996367
    }
}