{
    "AX": {
        "error": 0.06351018339173936, 
        "fit": "average_SEM", 
        "value": -0.009276406897212534
    }, 
    "CDD": {
        "error": 0.0001554474287577673, 
        "fit": "average_SEM", 
        "value": 0.0001062374156996763
    }, 
    "H1": {
        "error": 0.16293536426543545, 
        "fit": "average_SEM", 
        "value": -0.0483994211560154
    }, 
    "H2": {
        "error": 0.11242676811949846, 
        "fit": "average_SEM", 
        "value": -0.04177945323754102
    }, 
    "L1": {
        "error": 0.15479599581508963, 
        "fit": "average_SEM", 
        "value": -0.16228987801393183
    }, 
    "L2": {
        "error": 0.14123132824402285, 
        "fit": "average_SEM", 
        "value": -0.02852001293407132
    }
}