{
    "AX": {
        "error": 0.054723867289535606, 
        "fit": "average_SEM", 
        "value": -0.010511026546979944
    }, 
    "CDD": {
        "error": 0.00010821197516219547, 
        "fit": "average_SEM", 
        "value": 6.477891195875903e-05
    }, 
    "H1": {
        "error": 0.13974299046193683, 
        "fit": "average_SEM", 
        "value": -0.041047800871698806
    }, 
    "H2": {
        "error": 0.12612963808001804, 
        "fit": "average_SEM", 
        "value": -0.03367909639879751
    }, 
    "L1": {
        "error": 0.14931166923040087, 
        "fit": "average_SEM", 
        "value": -0.13983253088081254
    }, 
    "L2": {
        "error": 0.11501713164956981, 
        "fit": "average_SEM", 
        "value": -0.023520659910476145
    }
}