{
    "AX": {
        "error": 0.06131304804697859, 
        "fit": "average_SEM", 
        "value": 0.0026433566847117616
    }, 
    "CDD": {
        "error": 6.506375186976077e-05, 
        "fit": "average_SEM", 
        "value": 2.5911564686490845e-05
    }, 
    "H1": {
        "error": 0.144439370465664, 
        "fit": "average_SEM", 
        "value": -0.03143427431059535
    }, 
    "H2": {
        "error": 0.13685665983245282, 
        "fit": "average_SEM", 
        "value": 0.22335506989620627
    }, 
    "L1": {
        "error": 0.1503730065237024, 
        "fit": "average_SEM", 
        "value": -0.15075709846181173
    }, 
    "L2": {
        "error": 0.1274594149191357, 
        "fit": "average_SEM", 
        "value": -0.019240680422323447
    }
}