{
    "AX": {
        "error": 0.05932039777298799, 
        "fit": "average_SEM", 
        "value": 0.003948527498869226
    }, 
    "CDD": {
        "error": 7.9256916486423e-05, 
        "fit": "average_SEM", 
        "value": 5.182312937298169e-05
    }, 
    "H1": {
        "error": 0.1144977776459507, 
        "fit": "average_SEM", 
        "value": -0.0610098538454622
    }, 
    "H2": {
        "error": 0.1409794402880389, 
        "fit": "average_SEM", 
        "value": -0.05381454762537032
    }, 
    "L1": {
        "error": 0.1446126971053568, 
        "fit": "average_SEM", 
        "value": -0.1343158483544054
    }, 
    "L2": {
        "error": 0.13804737974214343, 
        "fit": "average_SEM", 
        "value": 0.0006583745125681162
    }
}