{
    "AX": {
        "error": 0.06347646077851696, 
        "fit": "average_SEM", 
        "value": 0.0004557768193384012
    }, 
    "CDD": {
        "error": 9.479189446172597e-05, 
        "fit": "average_SEM", 
        "value": 5.7005442310279854e-05
    }, 
    "H1": {
        "error": 0.13292498811154027, 
        "fit": "average_SEM", 
        "value": -0.023977918298138928
    }, 
    "H2": {
        "error": 0.15052093187455354, 
        "fit": "average_SEM", 
        "value": -0.06534231679979711
    }, 
    "L1": {
        "error": 0.1587929770663698, 
        "fit": "average_SEM", 
        "value": -0.14309024267907564
    }, 
    "L2": {
        "error": 0.1305521019816054, 
        "fit": "average_SEM", 
        "value": -0.04161938925778183
    }
}