{
    "AX": {
        "error": 0.0570269925114848, 
        "fit": "average_SEM", 
        "value": -0.0049495441693579775
    }, 
    "CDD": {
        "error": 0.00012132984575727803, 
        "fit": "average_SEM", 
        "value": 5.700544303787562e-05
    }, 
    "H1": {
        "error": 0.10147590936014485, 
        "fit": "average_SEM", 
        "value": -0.011149698189304521
    }, 
    "H2": {
        "error": 0.10830406807012914, 
        "fit": "average_SEM", 
        "value": -0.048365701500248784
    }, 
    "L1": {
        "error": 0.1535282927894467, 
        "fit": "average_SEM", 
        "value": -0.12990573601952443
    }, 
    "L2": {
        "error": 0.1316137346971005, 
        "fit": "average_SEM", 
        "value": -0.04169924621625493
    }
}