{
    "AX": {
        "error": 0.05605877384157396, 
        "fit": "average_SEM", 
        "value": 0.004538389651255178
    }, 
    "CDD": {
        "error": 6.066492163027139e-05, 
        "fit": "average_SEM", 
        "value": 2.8502721155139927e-05
    }, 
    "H1": {
        "error": 0.12404661849026877, 
        "fit": "average_SEM", 
        "value": -0.03410805997264106
    }, 
    "H2": {
        "error": 0.10894277200823671, 
        "fit": "average_SEM", 
        "value": 0.22348779247452816
    }, 
    "L1": {
        "error": 0.16566522969345876, 
        "fit": "average_SEM", 
        "value": -0.13729248160185914
    }, 
    "L2": {
        "error": 0.14313308656059676, 
        "fit": "average_SEM", 
        "value": 0.028714646228278677
    }
}