{
    "AX": {
        "error": 0.06429122651302469, 
        "fit": "average_SEM", 
        "value": 0.009183226381234514
    }, 
    "CDD": {
        "error": 5.790072534810255e-05, 
        "fit": "average_SEM", 
        "value": 1.8138095280543592e-05
    }, 
    "H1": {
        "error": 0.13431516554868328, 
        "fit": "average_SEM", 
        "value": -0.01991659893343846
    }, 
    "H2": {
        "error": 0.12005831588781615, 
        "fit": "average_SEM", 
        "value": 0.21578933499986305
    }, 
    "L1": {
        "error": 0.1564305348663822, 
        "fit": "average_SEM", 
        "value": -0.1389978257478409
    }, 
    "L2": {
        "error": 0.14497311118712472, 
        "fit": "average_SEM", 
        "value": -0.005061248834923996
    }
}