{
    "AX": {
        "error": 0.05472305744394439, 
        "fit": "average_SEM", 
        "value": 0.0011054733962131043
    }, 
    "CDD": {
        "error": 3.416971161763936e-05, 
        "fit": "average_SEM", 
        "value": 7.773469405947253e-06
    }, 
    "H1": {
        "error": 0.14388797495750355, 
        "fit": "average_SEM", 
        "value": -0.03256984699595099
    }, 
    "H2": {
        "error": 0.12998823754930908, 
        "fit": "average_SEM", 
        "value": 0.2381142883716772
    }, 
    "L1": {
        "error": 0.13230520740998208, 
        "fit": "average_SEM", 
        "value": -0.1698217259099086
    }, 
    "L2": {
        "error": 0.12682990155848162, 
        "fit": "average_SEM", 
        "value": -0.016205154060541342
    }
}