{
    "AX": {
        "error": 0.05610719542081326, 
        "fit": "average_SEM", 
        "value": 1.7462123651057482e-05
    }, 
    "CDD": {
        "error": 5.5982153544286125e-05, 
        "fit": "average_SEM", 
        "value": 2.332040821784176e-05
    }, 
    "H1": {
        "error": 0.12738500678090817, 
        "fit": "average_SEM", 
        "value": -0.0422800871077925
    }, 
    "H2": {
        "error": 0.11753620974897264, 
        "fit": "average_SEM", 
        "value": 0.20436689499765634
    }, 
    "L1": {
        "error": 0.17806909209017238, 
        "fit": "average_SEM", 
        "value": -0.16964335112910098
    }, 
    "L2": {
        "error": 0.1426074568108565, 
        "fit": "average_SEM", 
        "value": -0.02561141710417966
    }
}