{
    "AX": {
        "error": 0.04337389170295097, 
        "fit": "average_SEM", 
        "value": -0.011126386595424264
    }, 
    "CDD": {
        "error": 0.0, 
        "fit": "average_SEM", 
        "value": 0.0
    }, 
    "H1": {
        "error": 0.12440722492896608, 
        "fit": "average_SEM", 
        "value": -0.04129616786570599
    }, 
    "H2": {
        "error": 0.11447140348557916, 
        "fit": "average_SEM", 
        "value": 0.22032438317934672
    }, 
    "L1": {
        "error": 0.14941142146592953, 
        "fit": "average_SEM", 
        "value": -0.147201645335493
    }, 
    "L2": {
        "error": 0.13051278884705095, 
        "fit": "average_SEM", 
        "value": -0.005469263826186458
    }
}