{
    "AX": {
        "error": 0.05860744911762823, 
        "fit": "average_SEM", 
        "value": 0.006389804030186496
    }, 
    "CDD": {
        "error": 7.367613290238558e-05, 
        "fit": "average_SEM", 
        "value": 3.8867347029736266e-05
    }, 
    "H1": {
        "error": 0.15000653487828747, 
        "fit": "average_SEM", 
        "value": -0.03517339114332572
    }, 
    "H2": {
        "error": 0.14046532863659092, 
        "fit": "average_SEM", 
        "value": -0.036768544698134065
    }, 
    "L1": {
        "error": 0.14138830477563497, 
        "fit": "average_SEM", 
        "value": -0.1382148490830635
    }, 
    "L2": {
        "error": 0.14745582976373353, 
        "fit": "average_SEM", 
        "value": -0.01978775274195262
    }
}