{
    "AX": {
        "error": 0.06553114709029646, 
        "fit": "average_SEM", 
        "value": 0.0019865786841061586
    }, 
    "CDD": {
        "error": 2.0071011700991052e-05, 
        "fit": "average_SEM", 
        "value": 2.5911564686490842e-06
    }, 
    "H1": {
        "error": 0.11912701410805637, 
        "fit": "average_SEM", 
        "value": -0.024326090712565928
    }, 
    "H2": {
        "error": 0.13310838152450485, 
        "fit": "average_SEM", 
        "value": 0.22815264839058122
    }, 
    "L1": {
        "error": 0.16195354906401532, 
        "fit": "average_SEM", 
        "value": -0.12535805419708293
    }, 
    "L2": {
        "error": 0.13216383099531645, 
        "fit": "average_SEM", 
        "value": -0.001674503074415649
    }
}