{
    "AX": {
        "error": 0.06259450410270732, 
        "fit": "average_SEM", 
        "value": 0.018339308083523066
    }, 
    "CDD": {
        "error": 2.0071011700991052e-05, 
        "fit": "average_SEM", 
        "value": 2.5911564686490842e-06
    }, 
    "H1": {
        "error": 0.11898444768336999, 
        "fit": "average_SEM", 
        "value": -0.013681292231194676
    }, 
    "H2": {
        "error": 0.13278753641657656, 
        "fit": "average_SEM", 
        "value": 0.2459471232102563
    }, 
    "L1": {
        "error": 0.16000886030281353, 
        "fit": "average_SEM", 
        "value": -0.14214332766835772
    }, 
    "L2": {
        "error": 0.104122255998001, 
        "fit": "average_SEM", 
        "value": -0.025189315906027333
    }
}