{
    "AX": {
        "error": 0.054581047792338945, 
        "fit": "average_SEM", 
        "value": 0.009128217886366958
    }, 
    "CDD": {
        "error": 5.033038043180274e-05, 
        "fit": "average_SEM", 
        "value": 1.8138095280543592e-05
    }, 
    "H1": {
        "error": 0.11313928527552429, 
        "fit": "average_SEM", 
        "value": -0.03212889366938422
    }, 
    "H2": {
        "error": 0.12477233877241602, 
        "fit": "average_SEM", 
        "value": 0.21714980527758598
    }, 
    "L1": {
        "error": 0.16804429390611625, 
        "fit": "average_SEM", 
        "value": -0.13128441788721829
    }, 
    "L2": {
        "error": 0.12822508538799046, 
        "fit": "average_SEM", 
        "value": 0.00723098758753622
    }
}