{
    "AX": {
        "error": 0.06010474954014225, 
        "fit": "average_SEM", 
        "value": -0.013664456870174035
    }, 
    "CDD": {
        "error": 5.5982153544286125e-05, 
        "fit": "average_SEM", 
        "value": 2.332040821784176e-05
    }, 
    "H1": {
        "error": 0.1298457149751851, 
        "fit": "average_SEM", 
        "value": -0.03752796921811144
    }, 
    "H2": {
        "error": 0.09990430437791996, 
        "fit": "average_SEM", 
        "value": 0.2412478994578123
    }, 
    "L1": {
        "error": 0.13095752830101898, 
        "fit": "average_SEM", 
        "value": -0.13910230315329197
    }, 
    "L2": {
        "error": 0.1269389786483863, 
        "fit": "average_SEM", 
        "value": -0.0303862496977672
    }
}