{
    "AX": {
        "error": 0.05749689264243631, 
        "fit": "average_SEM", 
        "value": 0.009779876380586453
    }, 
    "CDD": {
        "error": 4.333208687876528e-05, 
        "fit": "average_SEM", 
        "value": 1.2955782343245422e-05
    }, 
    "H1": {
        "error": 0.12423066904531653, 
        "fit": "average_SEM", 
        "value": -0.061964330537981976
    }, 
    "H2": {
        "error": 0.11608705079892992, 
        "fit": "average_SEM", 
        "value": 0.19483216125518082
    }, 
    "L1": {
        "error": 0.15695826537892457, 
        "fit": "average_SEM", 
        "value": -0.15667182009250002
    }, 
    "L2": {
        "error": 0.12846179329584773, 
        "fit": "average_SEM", 
        "value": -0.04199088407525172
    }
}