{
    "AX": {
        "error": 0.05139248369689215, 
        "fit": "average_SEM", 
        "value": -0.009498704077365498
    }, 
    "CDD": {
        "error": 5.8428974027817634e-05, 
        "fit": "average_SEM", 
        "value": 2.5911564686490845e-05
    }, 
    "H1": {
        "error": 0.1324904963700538, 
        "fit": "average_SEM", 
        "value": -0.023272816955674593
    }, 
    "H2": {
        "error": 0.1489691411907986, 
        "fit": "average_SEM", 
        "value": -0.05095820072456263
    }, 
    "L1": {
        "error": 0.1858706741029208, 
        "fit": "average_SEM", 
        "value": -0.1217625397417578
    }, 
    "L2": {
        "error": 0.14741765641815616, 
        "fit": "average_SEM", 
        "value": -0.003955361138408383
    }
}