{
    "AX": {
        "error": 0.05329635891349956, 
        "fit": "average_SEM", 
        "value": -0.010275978523471471
    }, 
    "CDD": {
        "error": 0.00011615468502242516, 
        "fit": "average_SEM", 
        "value": 8.291700723930261e-05
    }, 
    "H1": {
        "error": 0.13548452126449578, 
        "fit": "average_SEM", 
        "value": -0.03707565685811763
    }, 
    "H2": {
        "error": 0.13456759945742006, 
        "fit": "average_SEM", 
        "value": -0.04295131448210062
    }, 
    "L1": {
        "error": 0.13199238136555885, 
        "fit": "average_SEM", 
        "value": -0.13705536705286553
    }, 
    "L2": {
        "error": 0.1458503309025913, 
        "fit": "average_SEM", 
        "value": 0.0016193540369082863
    }
}