{
    "AX": {
        "error": 0.06128478728588343, 
        "fit": "average_SEM", 
        "value": 0.01599490470640982
    }, 
    "CDD": {
        "error": 8.491320313877317e-05, 
        "fit": "average_SEM", 
        "value": 3.109387786632093e-05
    }, 
    "H1": {
        "error": 0.12810516373554864, 
        "fit": "average_SEM", 
        "value": -0.041058103396305036
    }, 
    "H2": {
        "error": 0.10080249051898396, 
        "fit": "average_SEM", 
        "value": 0.21485545724475136
    }, 
    "L1": {
        "error": 0.17814249768972185, 
        "fit": "average_SEM", 
        "value": -0.15380804357895006
    }, 
    "L2": {
        "error": 0.12890608869620193, 
        "fit": "average_SEM", 
        "value": -0.036118701237258695
    }
}