{
    "AX": {
        "error": 0.06119962037374132, 
        "fit": "average_SEM", 
        "value": -0.010761781359906308
    }, 
    "CDD": {
        "error": 0.0001241117246848818, 
        "fit": "average_SEM", 
        "value": 0.0001243755109802199
    }, 
    "H1": {
        "error": 0.11192994497419795, 
        "fit": "average_SEM", 
        "value": -0.02396448515355587
    }, 
    "H2": {
        "error": 0.11810946662177897, 
        "fit": "average_SEM", 
        "value": -0.03357969298182676
    }, 
    "L1": {
        "error": 0.17768454374525816, 
        "fit": "average_SEM", 
        "value": -0.14536021249368786
    }, 
    "L2": {
        "error": 0.12039904301705576, 
        "fit": "average_SEM", 
        "value": 0.0019217437831684947
    }
}