{
    "AX": {
        "error": 0.05908966266222577, 
        "fit": "average_SEM", 
        "value": 0.013621335247686753
    }, 
    "CDD": {
        "error": 3.416971161763936e-05, 
        "fit": "average_SEM", 
        "value": 7.773469405947253e-06
    }, 
    "H1": {
        "error": 0.13868442657995073, 
        "fit": "average_SEM", 
        "value": -0.03009233921766281
    }, 
    "H2": {
        "error": 0.1445855218032704, 
        "fit": "average_SEM", 
        "value": -0.048505854657075055
    }, 
    "L1": {
        "error": 0.17580317532110318, 
        "fit": "average_SEM", 
        "value": -0.11156560943927615
    }, 
    "L2": {
        "error": 0.14984913610025175, 
        "fit": "average_SEM", 
        "value": 0.01620143906135733
    }
}