{
    "AX": {
        "error": 0.0535913553408479, 
        "fit": "average_SEM", 
        "value": 0.015713873414400344
    }, 
    "CDD": {
        "error": 3.416971161763936e-05, 
        "fit": "average_SEM", 
        "value": 7.773469405947253e-06
    }, 
    "H1": {
        "error": 0.1163607796806419, 
        "fit": "average_SEM", 
        "value": -0.06470007929407681
    }, 
    "H2": {
        "error": 0.12993028352078678, 
        "fit": "average_SEM", 
        "value": 0.22239403976127506
    }, 
    "L1": {
        "error": 0.15959404998717905, 
        "fit": "average_SEM", 
        "value": -0.13934012755053118
    }, 
    "L2": {
        "error": 0.13462824191168707, 
        "fit": "average_SEM", 
        "value": -0.023508074029814453
    }
}