{
    "AX": {
        "error": 0.05828059642477807, 
        "fit": "average_SEM", 
        "value": 0.0010595975598941246
    }, 
    "CDD": {
        "error": 5.842897402781762e-05, 
        "fit": "average_SEM", 
        "value": 2.5911564686490845e-05
    }, 
    "H1": {
        "error": 0.13796281121182977, 
        "fit": "average_SEM", 
        "value": -0.044859089023278405
    }, 
    "H2": {
        "error": 0.14994873231710917, 
        "fit": "average_SEM", 
        "value": 0.22401336478069425
    }, 
    "L1": {
        "error": 0.17233515750852638, 
        "fit": "average_SEM", 
        "value": -0.13548770236472288
    }, 
    "L2": {
        "error": 0.12716978761282627, 
        "fit": "average_SEM", 
        "value": 0.010568057109291354
    }
}