{
    "AX": {
        "error": 0.06992378996663491, 
        "fit": "average_SEM", 
        "value": 0.0033106537147735557
    }, 
    "CDD": {
        "error": 5.329542424021875e-05, 
        "fit": "average_SEM", 
        "value": 2.0729251749192674e-05
    }, 
    "H1": {
        "error": 0.12173919937445381, 
        "fit": "average_SEM", 
        "value": -0.04048464492661878
    }, 
    "H2": {
        "error": 0.12235694956922827, 
        "fit": "average_SEM", 
        "value": -0.06083103425335139
    }, 
    "L1": {
        "error": 0.1555300947072696, 
        "fit": "average_SEM", 
        "value": -0.14083710642104658
    }, 
    "L2": {
        "error": 0.13354186817890767, 
        "fit": "average_SEM", 
        "value": -0.04144672579132021
    }
}