{
    "AX": {
        "error": 0.056147012192735574, 
        "fit": "average_SEM", 
        "value": -0.006137294011811415
    }, 
    "CDD": {
        "error": 0.0001323129257972544, 
        "fit": "average_SEM", 
        "value": 0.00011919319804292172
    }, 
    "H1": {
        "error": 0.11004375987378452, 
        "fit": "average_SEM", 
        "value": -0.026179776823846625
    }, 
    "H2": {
        "error": 0.19392904419299442, 
        "fit": "average_SEM", 
        "value": 0.08083688199185417
    }, 
    "L1": {
        "error": 0.16800634883670676, 
        "fit": "average_SEM", 
        "value": -0.15315972634901603
    }, 
    "L2": {
        "error": 0.12808869910055118, 
        "fit": "average_SEM", 
        "value": 0.00019150837324559687
    }
}