{
    "AX": {
        "error": 0.0648288853100109, 
        "fit": "average_SEM", 
        "value": -0.007297011220362038
    }, 
    "CDD": {
        "error": 0.00010487960149213759, 
        "fit": "average_SEM", 
        "value": 8.550816346541978e-05
    }, 
    "H1": {
        "error": 0.11668484659992426, 
        "fit": "average_SEM", 
        "value": -0.007900363051642973
    }, 
    "H2": {
        "error": 0.09153710080549392, 
        "fit": "average_SEM", 
        "value": -0.05200594505877234
    }, 
    "L1": {
        "error": 0.1549749662214233, 
        "fit": "average_SEM", 
        "value": -0.15247140189361139
    }, 
    "L2": {
        "error": 0.1435431030967672, 
        "fit": "average_SEM", 
        "value": 0.004962368992467722
    }
}