{
    "AX": {
        "error": 0.06181704775016424, 
        "fit": "average_SEM", 
        "value": -0.005843780830036849
    }, 
    "CDD": {
        "error": 0.0001323129273235779, 
        "fit": "average_SEM", 
        "value": 8.809932090419655e-05
    }, 
    "H1": {
        "error": 0.12008730905327367, 
        "fit": "average_SEM", 
        "value": 0.0005957496042052905
    }, 
    "H2": {
        "error": 0.1390460596632196, 
        "fit": "average_SEM", 
        "value": -0.035812691447790715
    }, 
    "L1": {
        "error": 0.15667598407031397, 
        "fit": "average_SEM", 
        "value": -0.1359383016359061
    }, 
    "L2": {
        "error": 0.14439317229095952, 
        "fit": "average_SEM", 
        "value": -0.025598867051303386
    }
}