{
    "AX": {
        "error": 0.07096778176854662, 
        "fit": "average_SEM", 
        "value": 0.004328228170440222
    }, 
    "CDD": {
        "error": 0.0001119338115665335, 
        "fit": "average_SEM", 
        "value": 9.069047640271795e-05
    }, 
    "H1": {
        "error": 0.11695125704902168, 
        "fit": "average_SEM", 
        "value": -0.014316611333439748
    }, 
    "H2": {
        "error": 0.12111183644802538, 
        "fit": "average_SEM", 
        "value": 0.23535771870519967
    }, 
    "L1": {
        "error": 0.18325404697494518, 
        "fit": "average_SEM", 
        "value": -0.14912101494458815
    }, 
    "L2": {
        "error": 0.15831975255958203, 
        "fit": "average_SEM", 
        "value": 0.015359659511159408
    }
}