{
    "AX": {
        "error": 0.0566915388312849, 
        "fit": "average_SEM", 
        "value": 0.016076398470128577
    }, 
    "CDD": {
        "error": 2.8143120675910584e-05, 
        "fit": "average_SEM", 
        "value": 5.1823129372981685e-06
    }, 
    "H1": {
        "error": 0.11417684448827935, 
        "fit": "average_SEM", 
        "value": 0.0062338890779453015
    }, 
    "H2": {
        "error": 0.12396946298869634, 
        "fit": "average_SEM", 
        "value": -0.030573169411703325
    }, 
    "L1": {
        "error": 0.16195225612713401, 
        "fit": "average_SEM", 
        "value": -0.14677858306483055
    }, 
    "L2": {
        "error": 0.14281719718386504, 
        "fit": "average_SEM", 
        "value": -0.018504416131569692
    }
}