{
    "AX": {
        "error": 0.062119165851193335, 
        "fit": "average_SEM", 
        "value": -0.004244131609448231
    }, 
    "CDD": {
        "error": 0.0001011682129960955, 
        "fit": "average_SEM", 
        "value": 7.514353783335536e-05
    }, 
    "H1": {
        "error": 0.13044666504961597, 
        "fit": "average_SEM", 
        "value": -0.020971932087559254
    }, 
    "H2": {
        "error": 0.12292855938140992, 
        "fit": "average_SEM", 
        "value": -0.0496848182209457
    }, 
    "L1": {
        "error": 0.15097865681935027, 
        "fit": "average_SEM", 
        "value": -0.14434259073265518
    }, 
    "L2": {
        "error": 0.13921358799775846, 
        "fit": "average_SEM", 
        "value": -0.02709069204283878
    }
}