{
    "AX": {
        "error": 0.0633669927895143, 
        "fit": "average_SEM", 
        "value": 0.0044777610108819015
    }, 
    "CDD": {
        "error": 5.7900725348102557e-05, 
        "fit": "average_SEM", 
        "value": 1.8138095280543592e-05
    }, 
    "H1": {
        "error": 0.13425498535451208, 
        "fit": "average_SEM", 
        "value": -0.047132129711098966
    }, 
    "H2": {
        "error": 0.12114197561845433, 
        "fit": "average_SEM", 
        "value": -0.06237692167439188
    }, 
    "L1": {
        "error": 0.14117213371218654, 
        "fit": "average_SEM", 
        "value": -0.119371148738234
    }, 
    "L2": {
        "error": 0.12248962047795958, 
        "fit": "average_SEM", 
        "value": -0.04900816306859876
    }
}