{
    "AX": {
        "error": 0.06180853812320957, 
        "fit": "average_SEM", 
        "value": 0.005856576100147019
    }, 
    "CDD": {
        "error": 5.193280807635261e-05, 
        "fit": "average_SEM", 
        "value": 1.2955782343245422e-05
    }, 
    "H1": {
        "error": 0.12605488745367588, 
        "fit": "average_SEM", 
        "value": -0.0465434270973977
    }, 
    "H2": {
        "error": 0.1225337408724032, 
        "fit": "average_SEM", 
        "value": -0.05236468147098397
    }, 
    "L1": {
        "error": 0.1425205487704841, 
        "fit": "average_SEM", 
        "value": -0.17026280468174568
    }, 
    "L2": {
        "error": 0.14793425457083365, 
        "fit": "average_SEM", 
        "value": -0.030537332481859872
    }
}