{
    "AX": {
        "error": 0.05733356090337122, 
        "fit": "average_SEM", 
        "value": 0.017803065791486005
    }, 
    "CDD": {
        "error": 2.8143120675910584e-05, 
        "fit": "average_SEM", 
        "value": 5.1823129372981685e-06
    }, 
    "H1": {
        "error": 0.1208676625508661, 
        "fit": "average_SEM", 
        "value": -0.016623395850668507
    }, 
    "H2": {
        "error": 0.1124957215315408, 
        "fit": "average_SEM", 
        "value": -0.036910165149796136
    }, 
    "L1": {
        "error": 0.1493381189467986, 
        "fit": "average_SEM", 
        "value": -0.14423007827426773
    }, 
    "L2": {
        "error": 0.13971500421010047, 
        "fit": "average_SEM", 
        "value": -0.003806682536378503
    }
}