{
    "AX": {
        "error": 0.059173949947183, 
        "fit": "average_SEM", 
        "value": -0.006573731470840964
    }, 
    "CDD": {
        "error": 4.333208687876528e-05, 
        "fit": "average_SEM", 
        "value": 1.2955782343245422e-05
    }, 
    "H1": {
        "error": 0.13010349165392504, 
        "fit": "average_SEM", 
        "value": 0.0011907706308799486
    }, 
    "H2": {
        "error": 0.12122746238317954, 
        "fit": "average_SEM", 
        "value": -0.015078020099341909
    }, 
    "L1": {
        "error": 0.12754470283922315, 
        "fit": "average_SEM", 
        "value": -0.12562158151219288
    }, 
    "L2": {
        "error": 0.1146512850686295, 
        "fit": "average_SEM", 
        "value": 0.010868133084538082
    }
}