{
    "AX": {
        "error": 0.06720985419421674, 
        "fit": "average_SEM", 
        "value": 0.0014679443867256245
    }, 
    "CDD": {
        "error": 4.3332086878765275e-05, 
        "fit": "average_SEM", 
        "value": 1.2955782343245422e-05
    }, 
    "H1": {
        "error": 0.13942053743745284, 
        "fit": "average_SEM", 
        "value": -0.0379070353655455
    }, 
    "H2": {
        "error": 0.11370610095730052, 
        "fit": "average_SEM", 
        "value": 0.22232072427868843
    }, 
    "L1": {
        "error": 0.13922579280403302, 
        "fit": "average_SEM", 
        "value": -0.11544209044756523
    }, 
    "L2": {
        "error": 0.12647636312198904, 
        "fit": "average_SEM", 
        "value": 0.03370918244084654
    }
}