{
    "AX": {
        "error": 0.07086748909402081, 
        "fit": "average_SEM", 
        "value": 0.001062735866677637
    }, 
    "CDD": {
        "error": 5.329542424021875e-05, 
        "fit": "average_SEM", 
        "value": 2.0729251749192674e-05
    }, 
    "H1": {
        "error": 0.11834089966619431, 
        "fit": "average_SEM", 
        "value": -0.03659929031661401
    }, 
    "H2": {
        "error": 0.11641995466915668, 
        "fit": "average_SEM", 
        "value": -0.035005596501287074
    }, 
    "L1": {
        "error": 0.14417634063469215, 
        "fit": "average_SEM", 
        "value": -0.12995494908342758
    }, 
    "L2": {
        "error": 0.1428854419472302, 
        "fit": "average_SEM", 
        "value": -0.026485134180014334
    }
}