{
    "AX": {
        "error": 0.06400029768416082, 
        "fit": "average_SEM", 
        "value": 0.0020311945932917296
    }, 
    "CDD": {
        "error": 0.00011928672666311367, 
        "fit": "average_SEM", 
        "value": 8.809932041913271e-05
    }, 
    "H1": {
        "error": 0.13658885472836305, 
        "fit": "average_SEM", 
        "value": -0.0300341295156007
    }, 
    "H2": {
        "error": 0.12197209820058072, 
        "fit": "average_SEM", 
        "value": -0.03009500933888679
    }, 
    "L1": {
        "error": 0.16200774683417246, 
        "fit": "average_SEM", 
        "value": -0.13161021254103009
    }, 
    "L2": {
        "error": 0.14298384345528564, 
        "fit": "average_SEM", 
        "value": 0.03400256757546837
    }
}