{
    "AX": {
        "error": 0.06437788173126052, 
        "fit": "average_SEM", 
        "value": 0.0011343708873027935
    }, 
    "CDD": {
        "error": 5.5982153544286125e-05, 
        "fit": "average_SEM", 
        "value": 2.332040821784176e-05
    }, 
    "H1": {
        "error": 0.1239385773972008, 
        "fit": "average_SEM", 
        "value": -0.04929251079447568
    }, 
    "H2": {
        "error": 0.10870416507865671, 
        "fit": "average_SEM", 
        "value": -0.05946226193821834
    }, 
    "L1": {
        "error": 0.1349795816139484, 
        "fit": "average_SEM", 
        "value": -0.14764317985003192
    }, 
    "L2": {
        "error": 0.1326915436952553, 
        "fit": "average_SEM", 
        "value": 0.011834293192562958
    }
}