{
    "AX": {
        "error": 0.05258559088964356, 
        "fit": "average_SEM", 
        "value": 0.003634298875416183
    }, 
    "CDD": {
        "error": 2.0071011700991052e-05, 
        "fit": "average_SEM", 
        "value": 2.5911564686490842e-06
    }, 
    "H1": {
        "error": 0.1301401398948949, 
        "fit": "average_SEM", 
        "value": -0.00342384502873756
    }, 
    "H2": {
        "error": 0.12563254326832135, 
        "fit": "average_SEM", 
        "value": -0.07669573490663122
    }, 
    "L1": {
        "error": 0.13331062848474196, 
        "fit": "average_SEM", 
        "value": -0.15535415165747204
    }, 
    "L2": {
        "error": 0.1435239756994572, 
        "fit": "average_SEM", 
        "value": -9.160058883329232e-05
    }
}