{
    "AX": {
        "error": 0.058349958196854804, 
        "fit": "average_SEM", 
        "value": 0.007172400034808864
    }, 
    "CDD": {
        "error": 3.416971161763936e-05, 
        "fit": "average_SEM", 
        "value": 7.773469405947253e-06
    }, 
    "H1": {
        "error": 0.1560265148035174, 
        "fit": "average_SEM", 
        "value": -0.012549741802892337
    }, 
    "H2": {
        "error": 0.1258578909707729, 
        "fit": "average_SEM", 
        "value": -0.032867778234261395
    }, 
    "L1": {
        "error": 0.15306593630898063, 
        "fit": "average_SEM", 
        "value": -0.13653327250115885
    }, 
    "L2": {
        "error": 0.15617737963503173, 
        "fit": "average_SEM", 
        "value": 0.006285099151621883
    }
}