{
    "AX": {
        "error": 0.06443867989015549, 
        "fit": "average_SEM", 
        "value": 0.010418027833414575
    }, 
    "CDD": {
        "error": 5.033038043180274e-05, 
        "fit": "average_SEM", 
        "value": 1.8138095280543592e-05
    }, 
    "H1": {
        "error": 0.1214434273060864, 
        "fit": "average_SEM", 
        "value": -0.04097092123314117
    }, 
    "H2": {
        "error": 0.13496389532747274, 
        "fit": "average_SEM", 
        "value": -0.05751489445246989
    }, 
    "L1": {
        "error": 0.13356501883925676, 
        "fit": "average_SEM", 
        "value": -0.14476953826573055
    }, 
    "L2": {
        "error": 0.12575416100493664, 
        "fit": "average_SEM", 
        "value": 0.03546491104255741
    }
}