{
    "AX": {
        "error": 0.07133327980808575, 
        "fit": "average_SEM", 
        "value": -0.006863030729194483
    }, 
    "CDD": {
        "error": 0.00010089788901519782, 
        "fit": "average_SEM", 
        "value": 6.996122465352528e-05
    }, 
    "H1": {
        "error": 0.12861982559365354, 
        "fit": "average_SEM", 
        "value": -0.0409807127492968
    }, 
    "H2": {
        "error": 0.13508959741747614, 
        "fit": "average_SEM", 
        "value": -0.05063429793420558
    }, 
    "L1": {
        "error": 0.13994361213078169, 
        "fit": "average_SEM", 
        "value": -0.14636646361711125
    }, 
    "L2": {
        "error": 0.13343329552485225, 
        "fit": "average_SEM", 
        "value": -0.04587901805837949
    }
}