{
    "AX": {
        "error": 0.062326476464576855, 
        "fit": "average_SEM", 
        "value": 0.0039999108703341335
    }, 
    "CDD": {
        "error": 6.506375186976077e-05, 
        "fit": "average_SEM", 
        "value": 2.5911564686490845e-05
    }, 
    "H1": {
        "error": 0.12474403294456927, 
        "fit": "average_SEM", 
        "value": 0.01471929440740496
    }, 
    "H2": {
        "error": 0.11188929342308693, 
        "fit": "average_SEM", 
        "value": -0.057258601500264676
    }, 
    "L1": {
        "error": 0.12618352633269392, 
        "fit": "average_SEM", 
        "value": -0.15646193691839774
    }, 
    "L2": {
        "error": 0.15128273580982413, 
        "fit": "average_SEM", 
        "value": -0.013338597075198777
    }
}