{
    "AX": {
        "error": 0.05998446913549165, 
        "fit": "average_SEM", 
        "value": -0.0007622241765299502
    }, 
    "CDD": {
        "error": 2.8143120675910584e-05, 
        "fit": "average_SEM", 
        "value": 5.1823129372981685e-06
    }, 
    "H1": {
        "error": 0.1095342423277918, 
        "fit": "average_SEM", 
        "value": -0.061475307110716436
    }, 
    "H2": {
        "error": 0.09382238686193764, 
        "fit": "average_SEM", 
        "value": -0.05320649557203675
    }, 
    "L1": {
        "error": 0.15207889656045742, 
        "fit": "average_SEM", 
        "value": -0.14441354594503839
    }, 
    "L2": {
        "error": 0.13549432282427104, 
        "fit": "average_SEM", 
        "value": -0.022537805931642653
    }
}