{
    "AX": {
        "error": 0.06026956779581953, 
        "fit": "average_SEM", 
        "value": -0.009223097776218008
    }, 
    "CDD": {
        "error": 9.479189446172594e-05, 
        "fit": "average_SEM", 
        "value": 5.7005442310279854e-05
    }, 
    "H1": {
        "error": 0.13478644424701608, 
        "fit": "average_SEM", 
        "value": -0.051352031433877225
    }, 
    "H2": {
        "error": 0.10941028053527709, 
        "fit": "average_SEM", 
        "value": -0.04541700795137634
    }, 
    "L1": {
        "error": 0.16223702033681286, 
        "fit": "average_SEM", 
        "value": -0.1674175217791344
    }, 
    "L2": {
        "error": 0.12201003593165137, 
        "fit": "average_SEM", 
        "value": 0.003642823096985618
    }
}