{
    "AX": {
        "error": 0.06376280208703287, 
        "fit": "average_SEM", 
        "value": 0.004206556711384716
    }, 
    "CDD": {
        "error": 8.760450094337905e-05, 
        "fit": "average_SEM", 
        "value": 3.62761908036191e-05
    }, 
    "H1": {
        "error": 0.13030075000451757, 
        "fit": "average_SEM", 
        "value": -0.013476262288168072
    }, 
    "H2": {
        "error": 0.12506768233718055, 
        "fit": "average_SEM", 
        "value": -0.048056833107451284
    }, 
    "L1": {
        "error": 0.13697304986280223, 
        "fit": "average_SEM", 
        "value": -0.15653828057305266
    }, 
    "L2": {
        "error": 0.15598448635337264, 
        "fit": "average_SEM", 
        "value": -0.008394768123980611
    }
}