{
    "AX": {
        "error": 0.0644703822595395, 
        "fit": "average_SEM", 
        "value": -0.007602787499005596
    }, 
    "CDD": {
        "error": 4.7034416801437166e-05, 
        "fit": "average_SEM", 
        "value": 1.5546938811894506e-05
    }, 
    "H1": {
        "error": 0.1314482616107105, 
        "fit": "average_SEM", 
        "value": -0.05043668546519863
    }, 
    "H2": {
        "error": 0.1177579417086518, 
        "fit": "average_SEM", 
        "value": -0.06110034214798361
    }, 
    "L1": {
        "error": 0.16317390586101993, 
        "fit": "average_SEM", 
        "value": -0.12789957518010245
    }, 
    "L2": {
        "error": 0.15218972272494152, 
        "fit": "average_SEM", 
        "value": -0.019581970219345143
    }
}