{
    "AX": {
        "error": 0.05646438045520414, 
        "fit": "average_SEM", 
        "value": -0.010921556128111357
    }, 
    "CDD": {
        "error": 0.00013385209520657828, 
        "fit": "average_SEM", 
        "value": 0.00011401088462055971
    }, 
    "H1": {
        "error": 0.10391675797201581, 
        "fit": "average_SEM", 
        "value": -0.03642119845996301
    }, 
    "H2": {
        "error": 0.12878602392867847, 
        "fit": "average_SEM", 
        "value": -0.04492268762163197
    }, 
    "L1": {
        "error": 0.15960011293890186, 
        "fit": "average_SEM", 
        "value": -0.13765998227366558
    }, 
    "L2": {
        "error": 0.12104490643516547, 
        "fit": "average_SEM", 
        "value": -0.013141509843990207
    }
}