{
    "AX": {
        "error": 0.058594279562452174, 
        "fit": "average_SEM", 
        "value": -0.011353448638692499
    }, 
    "CDD": {
        "error": 0.00014204371043922447, 
        "fit": "average_SEM", 
        "value": 0.00011660204205933647
    }, 
    "H1": {
        "error": 0.12312520098510084, 
        "fit": "average_SEM", 
        "value": -0.0064880426216404885
    }, 
    "H2": {
        "error": 0.11876119607517815, 
        "fit": "average_SEM", 
        "value": -0.030994956191473952
    }, 
    "L1": {
        "error": 0.13435257026807293, 
        "fit": "average_SEM", 
        "value": -0.16042715633908908
    }, 
    "L2": {
        "error": 0.13875814083547533, 
        "fit": "average_SEM", 
        "value": -0.021807196918719757
    }
}