{
    "AX": {
        "error": 0.057975640158601356, 
        "fit": "average_SEM", 
        "value": -0.004039718420244753
    }, 
    "CDD": {
        "error": 7.62268614080079e-05, 
        "fit": "average_SEM", 
        "value": 3.3685034092438095e-05
    }, 
    "H1": {
        "error": 0.1143572638047001, 
        "fit": "average_SEM", 
        "value": -0.043490195104095616
    }, 
    "H2": {
        "error": 0.10520529748044649, 
        "fit": "average_SEM", 
        "value": -0.01499159075707818
    }, 
    "L1": {
        "error": 0.14411808346968108, 
        "fit": "average_SEM", 
        "value": -0.13591368063838066
    }, 
    "L2": {
        "error": 0.14626112886753606, 
        "fit": "average_SEM", 
        "value": -0.008016712575530013
    }
}