{
    "AX": {
        "error": 0.05260817893024088, 
        "fit": "average_SEM", 
        "value": -0.005050072012818418
    }, 
    "CDD": {
        "error": 0.00010089788901519782, 
        "fit": "average_SEM", 
        "value": 6.996122465352528e-05
    }, 
    "H1": {
        "error": 0.11909833331750366, 
        "fit": "average_SEM", 
        "value": -0.06153455642828097
    }, 
    "H2": {
        "error": 0.11403695577784852, 
        "fit": "average_SEM", 
        "value": -0.04913316264307165
    }, 
    "L1": {
        "error": 0.16369911544267116, 
        "fit": "average_SEM", 
        "value": -0.15743688081856816
    }, 
    "L2": {
        "error": 0.1533387627865323, 
        "fit": "average_SEM", 
        "value": -0.024342344872032604
    }
}