{
    "AX": {
        "error": 0.06211637248449818, 
        "fit": "average_SEM", 
        "value": -0.0024757341205258855
    }, 
    "CDD": {
        "error": 2.0071011700991052e-05, 
        "fit": "average_SEM", 
        "value": 2.5911564686490842e-06
    }, 
    "H1": {
        "error": 0.12485441132221071, 
        "fit": "average_SEM", 
        "value": -0.06294443089670192
    }, 
    "H2": {
        "error": 0.11933489952348617, 
        "fit": "average_SEM", 
        "value": -0.050834573363924086
    }, 
    "L1": {
        "error": 0.14218206284622315, 
        "fit": "average_SEM", 
        "value": -0.1637574096113288
    }, 
    "L2": {
        "error": 0.13024491006713512, 
        "fit": "average_SEM", 
        "value": -0.02282561835212012
    }
}