{
    "AX": {
        "error": 0.062347502862869206, 
        "fit": "average_SEM", 
        "value": 0.004998306029786666
    }, 
    "CDD": {
        "error": 5.790072534810255e-05, 
        "fit": "average_SEM", 
        "value": 1.8138095280543592e-05
    }, 
    "H1": {
        "error": 0.12319673410111513, 
        "fit": "average_SEM", 
        "value": -0.016821870271814986
    }, 
    "H2": {
        "error": 0.12169218286247067, 
        "fit": "average_SEM", 
        "value": -0.029843529457381616
    }, 
    "L1": {
        "error": 0.1336469628912762, 
        "fit": "average_SEM", 
        "value": -0.11997488087702853
    }, 
    "L2": {
        "error": 0.13464635366070227, 
        "fit": "average_SEM", 
        "value": -0.03583083409466781
    }
}