{
    "AX": {
        "error": 0.06696770594632462, 
        "fit": "average_SEM", 
        "value": 0.007370218097336571
    }, 
    "CDD": {
        "error": 5.505981443192237e-05, 
        "fit": "average_SEM", 
        "value": 1.5546938811894506e-05
    }, 
    "H1": {
        "error": 0.14572246162558827, 
        "fit": "average_SEM", 
        "value": -0.05427476522163488
    }, 
    "H2": {
        "error": 0.1358028144563052, 
        "fit": "average_SEM", 
        "value": -0.06488132866409918
    }, 
    "L1": {
        "error": 0.15273820432779442, 
        "fit": "average_SEM", 
        "value": -0.13312992399247983
    }, 
    "L2": {
        "error": 0.1237448801084629, 
        "fit": "average_SEM", 
        "value": -0.03688436135804902
    }
}