{
    "AX": {
        "error": 0.06600329813385837, 
        "fit": "average_SEM", 
        "value": -0.0033593659364366127
    }, 
    "CDD": {
        "error": 8.279614466830156e-05, 
        "fit": "average_SEM", 
        "value": 3.6276190561087183e-05
    }, 
    "H1": {
        "error": 0.13100916685073088, 
        "fit": "average_SEM", 
        "value": -0.020129644480766727
    }, 
    "H2": {
        "error": 0.12985200174437944, 
        "fit": "average_SEM", 
        "value": -0.06724933291164538
    }, 
    "L1": {
        "error": 0.13295030339262826, 
        "fit": "average_SEM", 
        "value": -0.14333280195326856
    }, 
    "L2": {
        "error": 0.15075925099425613, 
        "fit": "average_SEM", 
        "value": -0.045458265265187946
    }
}