{
    "AX": {
        "error": 0.0638853403794745, 
        "fit": "average_SEM", 
        "value": -0.01628101692185737
    }, 
    "CDD": {
        "error": 0.00011905754770142436, 
        "fit": "average_SEM", 
        "value": 0.00010882857168326154
    }, 
    "H1": {
        "error": 0.12727098105766213, 
        "fit": "average_SEM", 
        "value": 0.007778623060827764
    }, 
    "H2": {
        "error": 0.12257533777797823, 
        "fit": "average_SEM", 
        "value": -0.04230866716825403
    }, 
    "L1": {
        "error": 0.15159767567814683, 
        "fit": "average_SEM", 
        "value": -0.14597726996677618
    }, 
    "L2": {
        "error": 0.13224578439256504, 
        "fit": "average_SEM", 
        "value": -0.01970568344598481
    }
}