{
    "AX": {
        "error": 0.06463531488431912, 
        "fit": "average_SEM", 
        "value": 0.004177878346596723
    }, 
    "CDD": {
        "error": 5.329542424021876e-05, 
        "fit": "average_SEM", 
        "value": 2.0729251749192674e-05
    }, 
    "H1": {
        "error": 0.12599839340460756, 
        "fit": "average_SEM", 
        "value": -0.052529776620212944
    }, 
    "H2": {
        "error": 0.10736729417661516, 
        "fit": "average_SEM", 
        "value": -0.03704797515529208
    }, 
    "L1": {
        "error": 0.1475179349641235, 
        "fit": "average_SEM", 
        "value": -0.13685340721470615
    }, 
    "L2": {
        "error": 0.1187403575356161, 
        "fit": "average_SEM", 
        "value": -0.004377419709150369
    }
}