{
    "AX": {
        "error": 0.07736091409848109, 
        "fit": "average_SEM", 
        "value": -0.004789832341096674
    }, 
    "CDD": {
        "error": 0.00012637418540905877, 
        "fit": "average_SEM", 
        "value": 8.032585052812162e-05
    }, 
    "H1": {
        "error": 0.12730609122455858, 
        "fit": "average_SEM", 
        "value": -0.04451139487585654
    }, 
    "H2": {
        "error": 0.1196314653469067, 
        "fit": "average_SEM", 
        "value": -0.017982431148023656
    }, 
    "L1": {
        "error": 0.13215560571645324, 
        "fit": "average_SEM", 
        "value": -0.13001383400987834
    }, 
    "L2": {
        "error": 0.12153447038454915, 
        "fit": "average_SEM", 
        "value": 0.010032042860984802
    }
}