{
    "AX": {
        "error": 0.07012214217957834, 
        "fit": "average_SEM", 
        "value": 0.0018427851212133343
    }, 
    "CDD": {
        "error": 3.910814956837816e-05, 
        "fit": "average_SEM", 
        "value": 1.0364625874596337e-05
    }, 
    "H1": {
        "error": 0.1312880987209049, 
        "fit": "average_SEM", 
        "value": -0.007926477859534013
    }, 
    "H2": {
        "error": 0.12403355359848953, 
        "fit": "average_SEM", 
        "value": -0.05368724169093184
    }, 
    "L1": {
        "error": 0.15949442925444748, 
        "fit": "average_SEM", 
        "value": -0.1491063493769616
    }, 
    "L2": {
        "error": 0.11607689341202987, 
        "fit": "average_SEM", 
        "value": 0.0008956975769251585
    }
}