{
    "AX": {
        "error": 0.06638702639291184, 
        "fit": "average_SEM", 
        "value": 0.0036964341280205796
    }, 
    "CDD": {
        "error": 0.00011266342588478973, 
        "fit": "average_SEM", 
        "value": 8.032585052812162e-05
    }, 
    "H1": {
        "error": 0.11260724062833884, 
        "fit": "average_SEM", 
        "value": -0.047603992333946125
    }, 
    "H2": {
        "error": 0.144075274245507, 
        "fit": "average_SEM", 
        "value": -0.06123785160792371
    }, 
    "L1": {
        "error": 0.14349134617658033, 
        "fit": "average_SEM", 
        "value": -0.1326387173202723
    }, 
    "L2": {
        "error": 0.11424723571470728, 
        "fit": "average_SEM", 
        "value": -0.00853755984765788
    }
}