{
    "AX": {
        "error": 0.0554155577212903, 
        "fit": "average_SEM", 
        "value": -0.004295600561696726
    }, 
    "CDD": {
        "error": 0.00012042607087461626, 
        "fit": "average_SEM", 
        "value": 0.0001399224495495825
    }, 
    "H1": {
        "error": 0.1316619206154112, 
        "fit": "average_SEM", 
        "value": -0.0375202561612241
    }, 
    "H2": {
        "error": 0.1059767794059005, 
        "fit": "average_SEM", 
        "value": -0.0471137221310831
    }, 
    "L1": {
        "error": 0.15857587626266628, 
        "fit": "average_SEM", 
        "value": -0.14285164508037268
    }, 
    "L2": {
        "error": 0.11728731647837537, 
        "fit": "average_SEM", 
        "value": -0.048900052743556445
    }
}