{
    "AX": {
        "error": 0.053000092615908274, 
        "fit": "average_SEM", 
        "value": -0.003833743427821901
    }, 
    "CDD": {
        "error": 2.0071011700991052e-05, 
        "fit": "average_SEM", 
        "value": 2.5911564686490842e-06
    }, 
    "H1": {
        "error": 0.1317705344443045, 
        "fit": "average_SEM", 
        "value": -0.026119632518384606
    }, 
    "H2": {
        "error": 0.12600097893595738, 
        "fit": "average_SEM", 
        "value": -0.043061100516933945
    }, 
    "L1": {
        "error": 0.13937565234091254, 
        "fit": "average_SEM", 
        "value": -0.1375571700608513
    }, 
    "L2": {
        "error": 0.10130201070496275, 
        "fit": "average_SEM", 
        "value": 0.0017248723461913565
    }
}