{
    "AX": {
        "error": 0.06003394024449105, 
        "fit": "average_SEM", 
        "value": -0.018384132419790453
    }, 
    "CDD": {
        "error": 0.00014677190966537164, 
        "fit": "average_SEM", 
        "value": 0.0001425136065032954
    }, 
    "H1": {
        "error": 0.1166184578795163, 
        "fit": "average_SEM", 
        "value": 0.0825680163000167
    }, 
    "H2": {
        "error": 0.12597027122082324, 
        "fit": "average_SEM", 
        "value": -0.02861161237427344
    }, 
    "L1": {
        "error": 0.15691161091420663, 
        "fit": "average_SEM", 
        "value": -0.11961199504633745
    }, 
    "L2": {
        "error": 0.14920531777042906, 
        "fit": "average_SEM", 
        "value": -0.002277298194045822
    }
}