{
    "AX": {
        "error": 0.060914443556535, 
        "fit": "average_SEM", 
        "value": -0.002094261068850756
    }, 
    "CDD": {
        "error": 3.910814956837816e-05, 
        "fit": "average_SEM", 
        "value": 1.0364625874596337e-05
    }, 
    "H1": {
        "error": 0.13931892019612252, 
        "fit": "average_SEM", 
        "value": -0.03472538587617843
    }, 
    "H2": {
        "error": 0.11810628961844591, 
        "fit": "average_SEM", 
        "value": 0.23986834346627195
    }, 
    "L1": {
        "error": 0.14452383130612872, 
        "fit": "average_SEM", 
        "value": -0.15189231000064563
    }, 
    "L2": {
        "error": 0.12465189593019065, 
        "fit": "average_SEM", 
        "value": 0.006602911041894307
    }
}