{
    "AX": {
        "error": 0.06481735749274564, 
        "fit": "average_SEM", 
        "value": 0.014198242558632047
    }, 
    "CDD": {
        "error": 6.506375186976077e-05, 
        "fit": "average_SEM", 
        "value": 2.5911564686490845e-05
    }, 
    "H1": {
        "error": 0.11794318205339879, 
        "fit": "average_SEM", 
        "value": -0.030878773739095776
    }, 
    "H2": {
        "error": 0.11786183066843596, 
        "fit": "average_SEM", 
        "value": 0.22686328833612304
    }, 
    "L1": {
        "error": 0.158955829776032, 
        "fit": "average_SEM", 
        "value": -0.15503928809969997
    }, 
    "L2": {
        "error": 0.1319019015172654, 
        "fit": "average_SEM", 
        "value": 0.010642481416774293
    }
}