{
    "AX": {
        "error": 0.055260513763921514, 
        "fit": "average_SEM", 
        "value": 0.0014731604877548912
    }, 
    "CDD": {
        "error": 0.00010504223083697825, 
        "fit": "average_SEM", 
        "value": 7.255238112217437e-05
    }, 
    "H1": {
        "error": 0.11398358230129423, 
        "fit": "average_SEM", 
        "value": 0.09711803658865392
    }, 
    "H2": {
        "error": 0.11178490545275466, 
        "fit": "average_SEM", 
        "value": -0.042304244998376817
    }, 
    "L1": {
        "error": 0.14527830010228593, 
        "fit": "average_SEM", 
        "value": -0.1578867441431309
    }, 
    "L2": {
        "error": 0.1251944912226585, 
        "fit": "average_SEM", 
        "value": 0.008982290331429492
    }
}