{
    "AX": {
        "error": 0.06290343370831189, 
        "fit": "average_SEM", 
        "value": -0.016232565237927096
    }, 
    "CDD": {
        "error": 9.34863584445082e-05, 
        "fit": "average_SEM", 
        "value": 5.182312937298169e-05
    }, 
    "H1": {
        "error": 0.13512665567542326, 
        "fit": "average_SEM", 
        "value": 0.0026650271533677976
    }, 
    "H2": {
        "error": 0.13728417087176947, 
        "fit": "average_SEM", 
        "value": 0.21774659945319097
    }, 
    "L1": {
        "error": 0.14456714392206255, 
        "fit": "average_SEM", 
        "value": -0.1020757654759412
    }, 
    "L2": {
        "error": 0.1369274811430189, 
        "fit": "average_SEM", 
        "value": -0.005392557596011708
    }
}