{
    "AX": {
        "error": 0.05242290284251502, 
        "fit": "average_SEM", 
        "value": 0.00047483255038969217
    }, 
    "CDD": {
        "error": 5.5982153544286125e-05, 
        "fit": "average_SEM", 
        "value": 2.332040821784176e-05
    }, 
    "H1": {
        "error": 0.13693410585013735, 
        "fit": "average_SEM", 
        "value": -0.019352843658998607
    }, 
    "H2": {
        "error": 0.11533647410156792, 
        "fit": "average_SEM", 
        "value": 0.2205234449900066
    }, 
    "L1": {
        "error": 0.16117663493407824, 
        "fit": "average_SEM", 
        "value": -0.13361261632914345
    }, 
    "L2": {
        "error": 0.13543961578912717, 
        "fit": "average_SEM", 
        "value": -0.003604182185760389
    }
}