{
    "AX": {
        "error": 0.06758041707444745, 
        "fit": "average_SEM", 
        "value": -0.00023890315690853944
    }, 
    "CDD": {
        "error": 4.333208687876528e-05, 
        "fit": "average_SEM", 
        "value": 1.2955782343245422e-05
    }, 
    "H1": {
        "error": 0.1261437082193053, 
        "fit": "average_SEM", 
        "value": 0.09247629325836897
    }, 
    "H2": {
        "error": 0.10755026844286687, 
        "fit": "average_SEM", 
        "value": -0.06350303158008803
    }, 
    "L1": {
        "error": 0.1323321068330856, 
        "fit": "average_SEM", 
        "value": -0.13592953824700088
    }, 
    "L2": {
        "error": 0.13797706516708985, 
        "fit": "average_SEM", 
        "value": -0.01568277270562248
    }
}