{
    "AX": {
        "error": 0.053580179265995884, 
        "fit": "average_SEM", 
        "value": -0.00423857219866477
    }, 
    "CDD": {
        "error": 3.910814956837816e-05, 
        "fit": "average_SEM", 
        "value": 1.0364625874596337e-05
    }, 
    "H1": {
        "error": 0.12317355756049833, 
        "fit": "average_SEM", 
        "value": -0.051843886054120956
    }, 
    "H2": {
        "error": 0.12841437482302528, 
        "fit": "average_SEM", 
        "value": 0.22810693997889758
    }, 
    "L1": {
        "error": 0.11780488772211624, 
        "fit": "average_SEM", 
        "value": -0.12616274075116962
    }, 
    "L2": {
        "error": 0.1352552935310405, 
        "fit": "average_SEM", 
        "value": 0.03396872505545616
    }
}