{
    "AX": {
        "error": 0.05923576019125746, 
        "fit": "average_SEM", 
        "value": -0.0013462872729481509
    }, 
    "CDD": {
        "error": 2.8143120675910584e-05, 
        "fit": "average_SEM", 
        "value": 5.1823129372981685e-06
    }, 
    "H1": {
        "error": 0.1279667370777491, 
        "fit": "average_SEM", 
        "value": -0.01739262362631659
    }, 
    "H2": {
        "error": 0.13797013018538754, 
        "fit": "average_SEM", 
        "value": -0.02263903309891854
    }, 
    "L1": {
        "error": 0.14402313280949128, 
        "fit": "average_SEM", 
        "value": -0.12441213071967165
    }, 
    "L2": {
        "error": 0.1160711366259037, 
        "fit": "average_SEM", 
        "value": -0.03521978796828383
    }
}