{
    "AX": {
        "error": 0.06395596742746261, 
        "fit": "average_SEM", 
        "value": 0.00174966930305042
    }, 
    "CDD": {
        "error": 5.329542424021875e-05, 
        "fit": "average_SEM", 
        "value": 2.0729251749192674e-05
    }, 
    "H1": {
        "error": 0.13995496617600647, 
        "fit": "average_SEM", 
        "value": -0.04216360693972092
    }, 
    "H2": {
        "error": 0.11986662791294056, 
        "fit": "average_SEM", 
        "value": 0.2417847069911659
    }, 
    "L1": {
        "error": 0.1348368751666843, 
        "fit": "average_SEM", 
        "value": -0.12388935521400223
    }, 
    "L2": {
        "error": 0.1464905587642318, 
        "fit": "average_SEM", 
        "value": -0.012861370803633084
    }
}