{
    "AX": {
        "error": 0.054431748651100634, 
        "fit": "average_SEM", 
        "value": -0.0005180044448934495
    }, 
    "CDD": {
        "error": 8.899636180085485e-05, 
        "fit": "average_SEM", 
        "value": 5.182312937298169e-05
    }, 
    "H1": {
        "error": 0.12318250295979331, 
        "fit": "average_SEM", 
        "value": -0.016084215109973835
    }, 
    "H2": {
        "error": 0.1254540888303691, 
        "fit": "average_SEM", 
        "value": 0.22354329625765482
    }, 
    "L1": {
        "error": 0.1464063542781261, 
        "fit": "average_SEM", 
        "value": -0.11785904788412153
    }, 
    "L2": {
        "error": 0.14249562469028493, 
        "fit": "average_SEM", 
        "value": 0.010432597679512885
    }
}