{
    "AX": {
        "error": 0.06087616230003486, 
        "fit": "average_SEM", 
        "value": -0.0013064597490786884
    }, 
    "CDD": {
        "error": 0.0001087155821680473, 
        "fit": "average_SEM", 
        "value": 6.99612248960572e-05
    }, 
    "H1": {
        "error": 0.14059232885258302, 
        "fit": "average_SEM", 
        "value": -0.025454648584127427
    }, 
    "H2": {
        "error": 0.1286630562385609, 
        "fit": "average_SEM", 
        "value": 0.23566757248093684
    }, 
    "L1": {
        "error": 0.1333689638942442, 
        "fit": "average_SEM", 
        "value": -0.1346497103339061
    }, 
    "L2": {
        "error": 0.12446626935154506, 
        "fit": "average_SEM", 
        "value": -0.012474504770943895
    }
}