{
    "AX": {
        "error": 0.06532081820935001, 
        "fit": "average_SEM", 
        "value": -0.014774566445945917
    }, 
    "CDD": {
        "error": 9.260577657430334e-05, 
        "fit": "average_SEM", 
        "value": 7.255238112217437e-05
    }, 
    "H1": {
        "error": 0.11890507843060329, 
        "fit": "average_SEM", 
        "value": -0.041728816103811066
    }, 
    "H2": {
        "error": 0.1468183997218288, 
        "fit": "average_SEM", 
        "value": 0.23771651356170576
    }, 
    "L1": {
        "error": 0.15000790437461883, 
        "fit": "average_SEM", 
        "value": -0.1321362205722835
    }, 
    "L2": {
        "error": 0.14759414564528775, 
        "fit": "average_SEM", 
        "value": -0.010151719837449492
    }
}