{
    "AX": {
        "error": 0.057215994710715194, 
        "fit": "average_SEM", 
        "value": 0.0023919064614650173
    }, 
    "CDD": {
        "error": 3.416971161763936e-05, 
        "fit": "average_SEM", 
        "value": 7.773469405947253e-06
    }, 
    "H1": {
        "error": 0.15385190576564275, 
        "fit": "average_SEM", 
        "value": -0.05166756044297169
    }, 
    "H2": {
        "error": 0.10114988190868496, 
        "fit": "average_SEM", 
        "value": -0.05130550067018096
    }, 
    "L1": {
        "error": 0.15356537736645767, 
        "fit": "average_SEM", 
        "value": -0.1345600595062327
    }, 
    "L2": {
        "error": 0.16679743764206215, 
        "fit": "average_SEM", 
        "value": -0.009824773261789233
    }
}