{
    "AX": {
        "error": 0.05877415343950909, 
        "fit": "average_SEM", 
        "value": 0.00446144367257754
    }, 
    "CDD": {
        "error": 5.329542424021876e-05, 
        "fit": "average_SEM", 
        "value": 2.0729251749192674e-05
    }, 
    "H1": {
        "error": 0.1515645591290183, 
        "fit": "average_SEM", 
        "value": -0.025487213298523177
    }, 
    "H2": {
        "error": 0.13804703451606254, 
        "fit": "average_SEM", 
        "value": 0.21267089495862213
    }, 
    "L1": {
        "error": 0.15455583461928343, 
        "fit": "average_SEM", 
        "value": -0.1443524808079625
    }, 
    "L2": {
        "error": 0.14992312753714793, 
        "fit": "average_SEM", 
        "value": 0.03629266076010632
    }
}