{
    "AX": {
        "error": 0.056248373436434455, 
        "fit": "average_SEM", 
        "value": 0.00546586527658898
    }, 
    "CDD": {
        "error": 2.0071011700991052e-05, 
        "fit": "average_SEM", 
        "value": 2.5911564686490842e-06
    }, 
    "H1": {
        "error": 0.11830505464863181, 
        "fit": "average_SEM", 
        "value": -0.03942009816528298
    }, 
    "H2": {
        "error": 0.1077699506772484, 
        "fit": "average_SEM", 
        "value": 0.24454316732784112
    }, 
    "L1": {
        "error": 0.14866298660886035, 
        "fit": "average_SEM", 
        "value": -0.12661740795592777
    }, 
    "L2": {
        "error": 0.14819267814904466, 
        "fit": "average_SEM", 
        "value": 0.007902284597973146
    }
}