{
    "AX": {
        "error": 0.06291282439459069, 
        "fit": "average_SEM", 
        "value": 0.004496775719841631
    }, 
    "CDD": {
        "error": 3.416971161763936e-05, 
        "fit": "average_SEM", 
        "value": 7.773469405947253e-06
    }, 
    "H1": {
        "error": 0.12488819040729114, 
        "fit": "average_SEM", 
        "value": -0.01913433538429672
    }, 
    "H2": {
        "error": 0.10960308374479473, 
        "fit": "average_SEM", 
        "value": 0.20874254914621512
    }, 
    "L1": {
        "error": 0.1677081470496793, 
        "fit": "average_SEM", 
        "value": -0.13339321472061177
    }, 
    "L2": {
        "error": 0.11105515525988002, 
        "fit": "average_SEM", 
        "value": -0.0059924822688723605
    }
}