{
    "AX": {
        "error": 0.0551068755725722, 
        "fit": "average_SEM", 
        "value": -0.0009147090914969643
    }, 
    "CDD": {
        "error": 7.222539698112773e-05, 
        "fit": "average_SEM", 
        "value": 3.6276190561087183e-05
    }, 
    "H1": {
        "error": 0.1242942688070591, 
        "fit": "average_SEM", 
        "value": -0.03665175246230016
    }, 
    "H2": {
        "error": 0.11626745126373722, 
        "fit": "average_SEM", 
        "value": 0.2429734313239654
    }, 
    "L1": {
        "error": 0.14944840507093277, 
        "fit": "average_SEM", 
        "value": -0.13221152227682373
    }, 
    "L2": {
        "error": 0.1397840882834895, 
        "fit": "average_SEM", 
        "value": -0.004612758941948414
    }
}