{
    "AX": {
        "error": 0.044811694368733786, 
        "fit": "average_SEM", 
        "value": 0.004222183271000783
    }, 
    "CDD": {
        "error": 0.0, 
        "fit": "average_SEM", 
        "value": 0.0
    }, 
    "H1": {
        "error": 0.12691586966190513, 
        "fit": "average_SEM", 
        "value": -0.04069375399655352
    }, 
    "H2": {
        "error": 0.12121185774743846, 
        "fit": "average_SEM", 
        "value": 0.23937488632897536
    }, 
    "L1": {
        "error": 0.13789247476375494, 
        "fit": "average_SEM", 
        "value": -0.1201234130768474
    }, 
    "L2": {
        "error": 0.12852634072817173, 
        "fit": "average_SEM", 
        "value": 0.030507536371199726
    }
}