{
    "AX": {
        "error": 0.0486486766928873, 
        "fit": "average_SEM", 
        "value": -0.0016680718690622598
    }, 
    "CDD": {
        "error": 5.033038043180275e-05, 
        "fit": "average_SEM", 
        "value": 1.8138095280543592e-05
    }, 
    "H1": {
        "error": 0.1002629244321869, 
        "fit": "average_SEM", 
        "value": 0.09371873900915186
    }, 
    "H2": {
        "error": 0.13582239709666277, 
        "fit": "average_SEM", 
        "value": -0.02991591949442712
    }, 
    "L1": {
        "error": 0.17862082004493388, 
        "fit": "average_SEM", 
        "value": -0.14211587824005012
    }, 
    "L2": {
        "error": 0.15046896101986168, 
        "fit": "average_SEM", 
        "value": 0.011933093353460815
    }
}