{
    "AX": {
        "error": 0.058022914629499024, 
        "fit": "average_SEM", 
        "value": -0.0005058404213438432
    }, 
    "CDD": {
        "error": 5.505981443192237e-05, 
        "fit": "average_SEM", 
        "value": 1.5546938811894506e-05
    }, 
    "H1": {
        "error": 0.12102217739595056, 
        "fit": "average_SEM", 
        "value": -0.056365854339674115
    }, 
    "H2": {
        "error": 0.12796254628546086, 
        "fit": "average_SEM", 
        "value": 0.21264555043308064
    }, 
    "L1": {
        "error": 0.14763858180423306, 
        "fit": "average_SEM", 
        "value": -0.11894995845699062
    }, 
    "L2": {
        "error": 0.13173958960384244, 
        "fit": "average_SEM", 
        "value": 0.02865982356791695
    }
}