{
    "AX": {
        "error": 0.05850747014699132, 
        "fit": "average_SEM", 
        "value": -0.021576476681123797
    }, 
    "CDD": {
        "error": 0.00012637418611199868, 
        "fit": "average_SEM", 
        "value": 0.00010623741545714437
    }, 
    "H1": {
        "error": 0.11405628320592827, 
        "fit": "average_SEM", 
        "value": 0.0014753597492623764
    }, 
    "H2": {
        "error": 0.12932529513033392, 
        "fit": "average_SEM", 
        "value": 0.25885491441003977
    }, 
    "L1": {
        "error": 0.13366754344409656, 
        "fit": "average_SEM", 
        "value": -0.11450951561176528
    }, 
    "L2": {
        "error": 0.12312356570593498, 
        "fit": "average_SEM", 
        "value": -0.0008325923777495821
    }
}