{
    "AX": {
        "error": 0.05657120185295247, 
        "fit": "average_SEM", 
        "value": 0.003573071620000216
    }, 
    "CDD": {
        "error": 7.464287139238152e-05, 
        "fit": "average_SEM", 
        "value": 3.109387762378901e-05
    }, 
    "H1": {
        "error": 0.13332019685744928, 
        "fit": "average_SEM", 
        "value": 0.0911912737491851
    }, 
    "H2": {
        "error": 0.1532482419673041, 
        "fit": "average_SEM", 
        "value": -0.029616500499347845
    }, 
    "L1": {
        "error": 0.15438710932344954, 
        "fit": "average_SEM", 
        "value": -0.14188442651648075
    }, 
    "L2": {
        "error": 0.1429605859330433, 
        "fit": "average_SEM", 
        "value": -0.006542422379061464
    }
}