{
    "AX": {
        "error": 0.05727031181090189, 
        "fit": "average_SEM", 
        "value": 0.014666675175976706
    }, 
    "CDD": {
        "error": 2.8143120675910584e-05, 
        "fit": "average_SEM", 
        "value": 5.1823129372981685e-06
    }, 
    "H1": {
        "error": 0.11598394723999073, 
        "fit": "average_SEM", 
        "value": -0.04021029123105109
    }, 
    "H2": {
        "error": 0.1223271140531042, 
        "fit": "average_SEM", 
        "value": 0.23696598776926597
    }, 
    "L1": {
        "error": 0.17411286259936487, 
        "fit": "average_SEM", 
        "value": -0.1556032357426981
    }, 
    "L2": {
        "error": 0.11789294636511786, 
        "fit": "average_SEM", 
        "value": 0.010257252757825578
    }
}