{
    "AX": {
        "error": 0.05745187230820669, 
        "fit": "average_SEM", 
        "value": 0.0022332936913395923
    }, 
    "CDD": {
        "error": 2.8143120675910584e-05, 
        "fit": "average_SEM", 
        "value": 5.1823129372981685e-06
    }, 
    "H1": {
        "error": 0.13205242876964532, 
        "fit": "average_SEM", 
        "value": -0.053089335316326466
    }, 
    "H2": {
        "error": 0.11332733202016708, 
        "fit": "average_SEM", 
        "value": -0.057856910924116774
    }, 
    "L1": {
        "error": 0.14445274747169012, 
        "fit": "average_SEM", 
        "value": -0.15048745043265324
    }, 
    "L2": {
        "error": 0.13510803550628633, 
        "fit": "average_SEM", 
        "value": 0.011855113469452287
    }
}