{
    "AX": {
        "error": 0.06165590058746105, 
        "fit": "average_SEM", 
        "value": 0.011948613886973665
    }, 
    "CDD": {
        "error": 6.287565758608367e-05, 
        "fit": "average_SEM", 
        "value": 2.332040821784176e-05
    }, 
    "H1": {
        "error": 0.14619747393022436, 
        "fit": "average_SEM", 
        "value": -0.014533616976890092
    }, 
    "H2": {
        "error": 0.1408899958103431, 
        "fit": "average_SEM", 
        "value": 0.23556040212667237
    }, 
    "L1": {
        "error": 0.1365183388030998, 
        "fit": "average_SEM", 
        "value": -0.12231957823193322
    }, 
    "L2": {
        "error": 0.12690802195724754, 
        "fit": "average_SEM", 
        "value": 0.00372339756868314
    }
}