{
    "AX": {
        "error": 0.0468929287695599, 
        "fit": "average_SEM", 
        "value": 0.006391281803371385
    }, 
    "CDD": {
        "error": 4.333208687876528e-05, 
        "fit": "average_SEM", 
        "value": 1.2955782343245422e-05
    }, 
    "H1": {
        "error": 0.11899979069928882, 
        "fit": "average_SEM", 
        "value": -0.025758675183169544
    }, 
    "H2": {
        "error": 0.12392601380535112, 
        "fit": "average_SEM", 
        "value": 0.23288961766908567
    }, 
    "L1": {
        "error": 0.13669890647838434, 
        "fit": "average_SEM", 
        "value": -0.13582972451937772
    }, 
    "L2": {
        "error": 0.12554877155118174, 
        "fit": "average_SEM", 
        "value": -0.0010456216851404557
    }
}