{
    "AX": {
        "error": 0.059070543450916696, 
        "fit": "average_SEM", 
        "value": -0.006173752870139045
    }, 
    "CDD": {
        "error": 0.00010106692563733505, 
        "fit": "average_SEM", 
        "value": 7.255238112217437e-05
    }, 
    "H1": {
        "error": 0.1328657443781632, 
        "fit": "average_SEM", 
        "value": -0.03321045497432351
    }, 
    "H2": {
        "error": 0.12799439733790413, 
        "fit": "average_SEM", 
        "value": 0.2333707026283567
    }, 
    "L1": {
        "error": 0.15588307447305944, 
        "fit": "average_SEM", 
        "value": -0.14719106401316823
    }, 
    "L2": {
        "error": 0.14172815188526355, 
        "fit": "average_SEM", 
        "value": 0.018167367825905483
    }
}