{
    "AX": {
        "error": 0.06130178428874512, 
        "fit": "average_SEM", 
        "value": -0.015032681366816784
    }, 
    "CDD": {
        "error": 0.00013675376083678445, 
        "fit": "average_SEM", 
        "value": 0.00010105510276237813
    }, 
    "H1": {
        "error": 0.1408219416457751, 
        "fit": "average_SEM", 
        "value": -0.031120508702588267
    }, 
    "H2": {
        "error": 0.10921725928862802, 
        "fit": "average_SEM", 
        "value": 0.242514504181842
    }, 
    "L1": {
        "error": 0.14794497166804652, 
        "fit": "average_SEM", 
        "value": -0.11570746332872658
    }, 
    "L2": {
        "error": 0.13388681815979614, 
        "fit": "average_SEM", 
        "value": 0.03267220174893737
    }
}