{
    "AX": {
        "error": 0.05805628147432028, 
        "fit": "average_SEM", 
        "value": -0.005689731360568355
    }, 
    "CDD": {
        "error": 6.458978864544161e-05, 
        "fit": "average_SEM", 
        "value": 1.8138095280543592e-05
    }, 
    "H1": {
        "error": 0.11640227878784909, 
        "fit": "average_SEM", 
        "value": -0.03346954448061297
    }, 
    "H2": {
        "error": 0.14617659489007873, 
        "fit": "average_SEM", 
        "value": 0.24754265171165268
    }, 
    "L1": {
        "error": 0.1449910418096892, 
        "fit": "average_SEM", 
        "value": -0.12357633829815313
    }, 
    "L2": {
        "error": 0.15649668000526643, 
        "fit": "average_SEM", 
        "value": 0.02976880599744618
    }
}