{
    "AX": {
        "error": 0.06157909462521519, 
        "fit": "average_SEM", 
        "value": 0.004099862029397628
    }, 
    "CDD": {
        "error": 4.7034416801437166e-05, 
        "fit": "average_SEM", 
        "value": 1.5546938811894506e-05
    }, 
    "H1": {
        "error": 0.12200411563428847, 
        "fit": "average_SEM", 
        "value": 0.06523392669429692
    }, 
    "H2": {
        "error": 0.11529865711660864, 
        "fit": "average_SEM", 
        "value": -0.0437962338764919
    }, 
    "L1": {
        "error": 0.1344457199113966, 
        "fit": "average_SEM", 
        "value": -0.13060977878049015
    }, 
    "L2": {
        "error": 0.12293983627232863, 
        "fit": "average_SEM", 
        "value": -0.006009618705138564
    }
}