{
    "AX": {
        "error": 0.06624567458514001, 
        "fit": "average_SEM", 
        "value": 0.0014558013952258382
    }, 
    "CDD": {
        "error": 4.333208687876528e-05, 
        "fit": "average_SEM", 
        "value": 1.2955782343245422e-05
    }, 
    "H1": {
        "error": 0.13057762818798654, 
        "fit": "average_SEM", 
        "value": -0.005799386784201488
    }, 
    "H2": {
        "error": 0.1341604979976679, 
        "fit": "average_SEM", 
        "value": 0.2374959639273584
    }, 
    "L1": {
        "error": 0.154267760023371, 
        "fit": "average_SEM", 
        "value": -0.11574510185746475
    }, 
    "L2": {
        "error": 0.14247810564215163, 
        "fit": "average_SEM", 
        "value": -0.012027128405558566
    }
}