{
    "AX": {
        "error": 0.051802633670904645, 
        "fit": "average_SEM", 
        "value": 0.006665737246900487
    }, 
    "CDD": {
        "error": 2.0071011700991052e-05, 
        "fit": "average_SEM", 
        "value": 2.5911564686490842e-06
    }, 
    "H1": {
        "error": 0.1414982573931872, 
        "fit": "average_SEM", 
        "value": -0.05035008697207862
    }, 
    "H2": {
        "error": 0.11538746486608602, 
        "fit": "average_SEM", 
        "value": 0.23684179265983402
    }, 
    "L1": {
        "error": 0.15365671692951768, 
        "fit": "average_SEM", 
        "value": -0.12094656247645616
    }, 
    "L2": {
        "error": 0.14329299425983055, 
        "fit": "average_SEM", 
        "value": 0.012900230179851254
    }
}