{
    "AX": {
        "error": 0.05684767718402033, 
        "fit": "average_SEM", 
        "value": -0.01791120523121208
    }, 
    "CDD": {
        "error": 0.00014621259852424888, 
        "fit": "average_SEM", 
        "value": 0.0001217843545115708
    }, 
    "H1": {
        "error": 0.13178367038134636, 
        "fit": "average_SEM", 
        "value": -0.0246400471466283
    }, 
    "H2": {
        "error": 0.13355563489950986, 
        "fit": "average_SEM", 
        "value": 0.23195401690900325
    }, 
    "L1": {
        "error": 0.12421308549112361, 
        "fit": "average_SEM", 
        "value": -0.10275811734803332
    }, 
    "L2": {
        "error": 0.12785946363866943, 
        "fit": "average_SEM", 
        "value": -0.007012020897430678
    }
}