{
    "AX": {
        "error": 0.0506276643476446, 
        "fit": "average_SEM", 
        "value": -0.0018430298373762828
    }, 
    "CDD": {
        "error": 6.506375186976077e-05, 
        "fit": "average_SEM", 
        "value": 2.5911564686490845e-05
    }, 
    "H1": {
        "error": 0.12220368191721123, 
        "fit": "average_SEM", 
        "value": -0.03389114059585457
    }, 
    "H2": {
        "error": 0.12636730148094016, 
        "fit": "average_SEM", 
        "value": 0.23027033977365743
    }, 
    "L1": {
        "error": 0.12747059541454583, 
        "fit": "average_SEM", 
        "value": -0.13764166189454652
    }, 
    "L2": {
        "error": 0.1341817591628757, 
        "fit": "average_SEM", 
        "value": -0.004857571811104814
    }
}