{
    "AX": {
        "error": 0.05591717987650376, 
        "fit": "average_SEM", 
        "value": 0.011149285953676251
    }, 
    "CDD": {
        "error": 7.477995667112456e-05, 
        "fit": "average_SEM", 
        "value": 2.332040821784176e-05
    }, 
    "H1": {
        "error": 0.13983588307648395, 
        "fit": "average_SEM", 
        "value": -0.04858990505260105
    }, 
    "H2": {
        "error": 0.11846955397962027, 
        "fit": "average_SEM", 
        "value": 0.21959913147923846
    }, 
    "L1": {
        "error": 0.12881339511113668, 
        "fit": "average_SEM", 
        "value": -0.11460330875512834
    }, 
    "L2": {
        "error": 0.14416396797106942, 
        "fit": "average_SEM", 
        "value": 0.003245662032471349
    }
}