{
    "AX": {
        "error": 0.06834503135361121, 
        "fit": "average_SEM", 
        "value": 0.006472055373402934
    }, 
    "CDD": {
        "error": 2.0071011700991052e-05, 
        "fit": "average_SEM", 
        "value": 2.5911564686490842e-06
    }, 
    "H1": {
        "error": 0.13715828014001033, 
        "fit": "average_SEM", 
        "value": -0.035445847144971294
    }, 
    "H2": {
        "error": 0.09965206627535174, 
        "fit": "average_SEM", 
        "value": 0.24387028062095245
    }, 
    "L1": {
        "error": 0.1237829574733613, 
        "fit": "average_SEM", 
        "value": -0.126222688491301
    }, 
    "L2": {
        "error": 0.14785412272709458, 
        "fit": "average_SEM", 
        "value": 0.01177273360081017
    }
}