{
    "AX": {
        "error": 0.07029523660032086, 
        "fit": "average_SEM", 
        "value": 0.0023042204217442
    }, 
    "CDD": {
        "error": 0.00010116821305926651, 
        "fit": "average_SEM", 
        "value": 4.923197314686452e-05
    }, 
    "H1": {
        "error": 0.12052833411413125, 
        "fit": "average_SEM", 
        "value": 0.0013090492187378306
    }, 
    "H2": {
        "error": 0.11817630728257812, 
        "fit": "average_SEM", 
        "value": 0.2170069244224578
    }, 
    "L1": {
        "error": 0.15502568705735004, 
        "fit": "average_SEM", 
        "value": -0.11622499139824262
    }, 
    "L2": {
        "error": 0.14545939729140483, 
        "fit": "average_SEM", 
        "value": 0.03818733572261408
    }
}