{
    "AX": {
        "error": 0.054718927694181956, 
        "fit": "average_SEM", 
        "value": 0.007656636386188135
    }, 
    "CDD": {
        "error": 5.505981443192237e-05, 
        "fit": "average_SEM", 
        "value": 1.5546938811894506e-05
    }, 
    "H1": {
        "error": 0.15604473048708734, 
        "fit": "average_SEM", 
        "value": -0.03597589097529029
    }, 
    "H2": {
        "error": 0.12668046189038618, 
        "fit": "average_SEM", 
        "value": 0.23002688325941562
    }, 
    "L1": {
        "error": 0.15110398591032342, 
        "fit": "average_SEM", 
        "value": -0.12307087408844382
    }, 
    "L2": {
        "error": 0.144102672328006, 
        "fit": "average_SEM", 
        "value": 0.001053002533808467
    }
}