{
    "AX": {
        "error": 0.055864451728006255, 
        "fit": "average_SEM", 
        "value": 0.0031941537803504617
    }, 
    "CDD": {
        "error": 2.0071011700991052e-05, 
        "fit": "average_SEM", 
        "value": 2.5911564686490842e-06
    }, 
    "H1": {
        "error": 0.14152082123211293, 
        "fit": "average_SEM", 
        "value": 0.05272022484568879
    }, 
    "H2": {
        "error": 0.1195988264491225, 
        "fit": "average_SEM", 
        "value": -0.03307632323121652
    }, 
    "L1": {
        "error": 0.15032511083946237, 
        "fit": "average_SEM", 
        "value": -0.1274557499215007
    }, 
    "L2": {
        "error": 0.12798677780395346, 
        "fit": "average_SEM", 
        "value": 0.005425963857366393
    }
}