{
    "AX": {
        "error": 0.0681086464224253, 
        "fit": "average_SEM", 
        "value": -0.03198382712434977
    }, 
    "CDD": {
        "error": 0.00012175117819108262, 
        "fit": "average_SEM", 
        "value": 0.00011141972839444255
    }, 
    "H1": {
        "error": 0.13216779728845587, 
        "fit": "average_SEM", 
        "value": -0.004471623905313512
    }, 
    "H2": {
        "error": 0.13345345075508616, 
        "fit": "average_SEM", 
        "value": 0.20642733364365995
    }, 
    "L1": {
        "error": 0.14236845285308403, 
        "fit": "average_SEM", 
        "value": -0.11723006311998081
    }, 
    "L2": {
        "error": 0.12656852381035943, 
        "fit": "average_SEM", 
        "value": -0.011264108424074947
    }
}