{
    "AX": {
        "error": 0.05384681937726842, 
        "fit": "average_SEM", 
        "value": 0.008490834484109654
    }, 
    "CDD": {
        "error": 3.910814956837816e-05, 
        "fit": "average_SEM", 
        "value": 1.0364625874596337e-05
    }, 
    "H1": {
        "error": 0.12010140801291933, 
        "fit": "average_SEM", 
        "value": -0.030444119997264353
    }, 
    "H2": {
        "error": 0.12043609153089309, 
        "fit": "average_SEM", 
        "value": 0.2260216770072778
    }, 
    "L1": {
        "error": 0.15592700281737892, 
        "fit": "average_SEM", 
        "value": -0.14393447382220378
    }, 
    "L2": {
        "error": 0.14695792273084018, 
        "fit": "average_SEM", 
        "value": 0.02817366427431504
    }
}