{
    "AX": {
        "error": 0.07353750566610072, 
        "fit": "average_SEM", 
        "value": -0.04500983220059425
    }, 
    "CDD": {
        "error": 0.00018790162748019888, 
        "fit": "average_SEM", 
        "value": 0.00025134218109694
    }, 
    "H1": {
        "error": 0.12327335578202187, 
        "fit": "average_SEM", 
        "value": 0.014877442296710796
    }, 
    "H2": {
        "error": 0.10910255628608546, 
        "fit": "average_SEM", 
        "value": -0.29101161851237217
    }, 
    "L1": {
        "error": 0.1725409989680654, 
        "fit": "average_SEM", 
        "value": -0.15721637651828738
    }, 
    "L2": {
        "error": 0.1401706262983231, 
        "fit": "average_SEM", 
        "value": -0.024354688693226004
    }
}