{
    "AX": {
        "error": 0.07295313121182777, 
        "fit": "average_SEM", 
        "value": -0.02526172820168237
    }, 
    "CDD": {
        "error": 0.00015702073744699215, 
        "fit": "average_SEM", 
        "value": 0.00017360748533974403
    }, 
    "H1": {
        "error": 0.11543264604744172, 
        "fit": "average_SEM", 
        "value": 0.026349829288665205
    }, 
    "H2": {
        "error": 0.15919313943767766, 
        "fit": "average_SEM", 
        "value": 8.279303244004646e-05
    }, 
    "L1": {
        "error": 0.17774649707276938, 
        "fit": "average_SEM", 
        "value": -0.18184063117175053
    }, 
    "L2": {
        "error": 0.14629706038676327, 
        "fit": "average_SEM", 
        "value": -0.0020863647553293657
    }
}