{
    "AX": {
        "error": 0.06636083157662197, 
        "fit": "average_SEM", 
        "value": -0.027943840079630414
    }, 
    "CDD": {
        "error": 0.00015928728727513658, 
        "fit": "average_SEM", 
        "value": 0.00016065170202637092
    }, 
    "H1": {
        "error": 0.11144357911387842, 
        "fit": "average_SEM", 
        "value": 0.028483517856996817
    }, 
    "H2": {
        "error": 0.12061209704729645, 
        "fit": "average_SEM", 
        "value": -0.3010359230140845
    }, 
    "L1": {
        "error": 0.16997024797187843, 
        "fit": "average_SEM", 
        "value": -0.15140373408406352
    }, 
    "L2": {
        "error": 0.14252832686673494, 
        "fit": "average_SEM", 
        "value": -0.0409644260071218
    }
}