{
    "AX": {
        "error": 0.07339750690957796, 
        "fit": "average_SEM", 
        "value": -0.029730751093787453
    }, 
    "CDD": {
        "error": 0.00019049996818914263, 
        "fit": "average_SEM", 
        "value": 0.00022024830323061906
    }, 
    "H1": {
        "error": 0.1537254715337662, 
        "fit": "average_SEM", 
        "value": 0.008103266954033945
    }, 
    "H2": {
        "error": 0.1114738092709467, 
        "fit": "average_SEM", 
        "value": -0.30340998886773984
    }, 
    "L1": {
        "error": 0.1398826095261384, 
        "fit": "average_SEM", 
        "value": -0.16266320502230278
    }, 
    "L2": {
        "error": 0.1373767702741864, 
        "fit": "average_SEM", 
        "value": 0.01816814271757418
    }
}