{
    "AX": {
        "error": 0.06049329915443702, 
        "fit": "average_SEM", 
        "value": -0.026061659544939175
    }, 
    "CDD": {
        "error": 0.0001737021826227648, 
        "fit": "average_SEM", 
        "value": 0.00020988367687095887
    }, 
    "H1": {
        "error": 0.12907305001904565, 
        "fit": "average_SEM", 
        "value": 0.03545544265458981
    }, 
    "H2": {
        "error": 0.1385650897542665, 
        "fit": "average_SEM", 
        "value": -0.2965353485196829
    }, 
    "L1": {
        "error": 0.1496293138197769, 
        "fit": "average_SEM", 
        "value": -0.16864008931443095
    }, 
    "L2": {
        "error": 0.10862996216223893, 
        "fit": "average_SEM", 
        "value": -0.011739692693420995
    }
}