{
    "AX": {
        "error": 0.05613251820557423, 
        "fit": "average_SEM", 
        "value": -0.03420753307485332
    }, 
    "CDD": {
        "error": 0.00013836691654196283, 
        "fit": "average_SEM", 
        "value": 0.00011919319755785789
    }, 
    "H1": {
        "error": 0.11605623718379984, 
        "fit": "average_SEM", 
        "value": 0.009129747065405052
    }, 
    "H2": {
        "error": 0.1081778117498242, 
        "fit": "average_SEM", 
        "value": -0.3090406806518634
    }, 
    "L1": {
        "error": 0.1360076624964442, 
        "fit": "average_SEM", 
        "value": -0.18115096151207885
    }, 
    "L2": {
        "error": 0.14318331368093232, 
        "fit": "average_SEM", 
        "value": -0.009110047144349664
    }
}