{
    "AX": {
        "error": 0.06696753496164053, 
        "fit": "average_SEM", 
        "value": -0.038729983987286686
    }, 
    "CDD": {
        "error": 0.0002646258721515755, 
        "fit": "average_SEM", 
        "value": 0.0004456789303124727
    }, 
    "H1": {
        "error": 0.13214003455762108, 
        "fit": "average_SEM", 
        "value": 0.032761863285365206
    }, 
    "H2": {
        "error": 0.11523115353139188, 
        "fit": "average_SEM", 
        "value": -0.2912148589268327
    }, 
    "L1": {
        "error": 0.1513119706258022, 
        "fit": "average_SEM", 
        "value": -0.19316376138788957
    }, 
    "L2": {
        "error": 0.15525624681701503, 
        "fit": "average_SEM", 
        "value": -0.022328083962202074
    }
}