{
    "AX": {
        "error": 0.06763165533166964, 
        "fit": "average_SEM", 
        "value": -0.02744443448803698
    }, 
    "CDD": {
        "error": 0.00013935034867899602, 
        "fit": "average_SEM", 
        "value": 0.00013992245003464633
    }, 
    "H1": {
        "error": 0.12354013450461812, 
        "fit": "average_SEM", 
        "value": 0.003968190044785539
    }, 
    "H2": {
        "error": 0.13189269640061735, 
        "fit": "average_SEM", 
        "value": -0.2992313764058053
    }, 
    "L1": {
        "error": 0.18008330182536986, 
        "fit": "average_SEM", 
        "value": -0.16822961242093395
    }, 
    "L2": {
        "error": 0.12321696173117086, 
        "fit": "average_SEM", 
        "value": 0.004099137684291539
    }
}