{
    "AX": {
        "error": 0.06654929979619963, 
        "fit": "average_SEM", 
        "value": -0.029312184061078977
    }, 
    "CDD": {
        "error": 0.00015788802054489927, 
        "fit": "average_SEM", 
        "value": 0.00016324285849502
    }, 
    "H1": {
        "error": 0.13855124050349957, 
        "fit": "average_SEM", 
        "value": 0.037971730708765486
    }, 
    "H2": {
        "error": 0.10399093970356611, 
        "fit": "average_SEM", 
        "value": -0.29574674119551975
    }, 
    "L1": {
        "error": 0.1626302577886998, 
        "fit": "average_SEM", 
        "value": -0.1488765939953737
    }, 
    "L2": {
        "error": 0.13484893964679565, 
        "fit": "average_SEM", 
        "value": -0.03337013754062355
    }
}