{
    "AX": {
        "error": 0.06267412093253542, 
        "fit": "average_SEM", 
        "value": -0.04049530945485458
    }, 
    "CDD": {
        "error": 0.0001887174506867525, 
        "fit": "average_SEM", 
        "value": 0.00023838639754103497
    }, 
    "H1": {
        "error": 0.11750485106214063, 
        "fit": "average_SEM", 
        "value": 0.002296434490320583
    }, 
    "H2": {
        "error": 0.13417231152569428, 
        "fit": "average_SEM", 
        "value": -0.3076327333420826
    }, 
    "L1": {
        "error": 0.1552808974158799, 
        "fit": "average_SEM", 
        "value": -0.1777271591165724
    }, 
    "L2": {
        "error": 0.13415270800320406, 
        "fit": "average_SEM", 
        "value": -0.011242409972085927
    }
}