{
    "AX": {
        "error": 0.06673258806059369, 
        "fit": "average_SEM", 
        "value": -0.0339836905846217
    }, 
    "CDD": {
        "error": 0.00017479933861717125, 
        "fit": "average_SEM", 
        "value": 0.0002461598667044503
    }, 
    "H1": {
        "error": 0.12622856470009813, 
        "fit": "average_SEM", 
        "value": 0.01531768661031189
    }, 
    "H2": {
        "error": 0.12781574268901358, 
        "fit": "average_SEM", 
        "value": -0.29752794510374464
    }, 
    "L1": {
        "error": 0.1417717799545059, 
        "fit": "average_SEM", 
        "value": -0.1755054191860836
    }, 
    "L2": {
        "error": 0.14936005039399045, 
        "fit": "average_SEM", 
        "value": -0.006963653378443268
    }
}