{
    "AX": {
        "error": 0.06315589922084501, 
        "fit": "average_SEM", 
        "value": -0.025841761803409705
    }, 
    "CDD": {
        "error": 0.00019960146145546739, 
        "fit": "average_SEM", 
        "value": 0.00019433673927172397
    }, 
    "H1": {
        "error": 0.13669907227888953, 
        "fit": "average_SEM", 
        "value": 0.016805406861628094
    }, 
    "H2": {
        "error": 0.11191940729662458, 
        "fit": "average_SEM", 
        "value": -0.31014764023323854
    }, 
    "L1": {
        "error": 0.14798058056358324, 
        "fit": "average_SEM", 
        "value": -0.19007085972601392
    }, 
    "L2": {
        "error": 0.1299454266939422, 
        "fit": "average_SEM", 
        "value": -0.009524054794261853
    }
}