{
    "AX": {
        "error": 0.05856682211645309, 
        "fit": "average_SEM", 
        "value": -0.034539025498088446
    }, 
    "CDD": {
        "error": 0.00016435064560173728, 
        "fit": "average_SEM", 
        "value": 0.00016065170275396666
    }, 
    "H1": {
        "error": 0.11624988513179293, 
        "fit": "average_SEM", 
        "value": 0.010032722159909706
    }, 
    "H2": {
        "error": 0.14765776160242453, 
        "fit": "average_SEM", 
        "value": -0.29212853821615375
    }, 
    "L1": {
        "error": 0.1596919097643406, 
        "fit": "average_SEM", 
        "value": -0.18635947005047152
    }, 
    "L2": {
        "error": 0.13240471790397937, 
        "fit": "average_SEM", 
        "value": -0.0009969730027175197
    }
}