{
    "AX": {
        "error": 0.060868326425306096, 
        "fit": "average_SEM", 
        "value": -0.019547260696223628
    }, 
    "CDD": {
        "error": 0.0001185978650341146, 
        "fit": "average_SEM", 
        "value": 0.00012955782367498613
    }, 
    "H1": {
        "error": 0.12596298655460825, 
        "fit": "average_SEM", 
        "value": 0.00848238105342413
    }, 
    "H2": {
        "error": 0.11841045833496108, 
        "fit": "average_SEM", 
        "value": -0.2857041337216894
    }, 
    "L1": {
        "error": 0.17217951226057468, 
        "fit": "average_SEM", 
        "value": -0.1581357336215054
    }, 
    "L2": {
        "error": 0.14832765594592254, 
        "fit": "average_SEM", 
        "value": -0.012087637667233746
    }
}