{
    "AX": {
        "error": 0.060875065010147875, 
        "fit": "average_SEM", 
        "value": -0.02554379425322016
    }, 
    "CDD": {
        "error": 0.0001289415080510893, 
        "fit": "average_SEM", 
        "value": 0.00014251360626076347
    }, 
    "H1": {
        "error": 0.11335320843941334, 
        "fit": "average_SEM", 
        "value": -0.0075189543926777935
    }, 
    "H2": {
        "error": 0.12327896818202376, 
        "fit": "average_SEM", 
        "value": -0.2677999339144056
    }, 
    "L1": {
        "error": 0.15953557292462697, 
        "fit": "average_SEM", 
        "value": -0.1973754707413415
    }, 
    "L2": {
        "error": 0.12383921888712521, 
        "fit": "average_SEM", 
        "value": -0.04585663959151134
    }
}