{
    "AX": {
        "error": 0.07111065549290788, 
        "fit": "average_SEM", 
        "value": -0.021945242054061963
    }, 
    "CDD": {
        "error": 0.0001609715644761441, 
        "fit": "average_SEM", 
        "value": 0.00011660204278693223
    }, 
    "H1": {
        "error": 0.1224937859318404, 
        "fit": "average_SEM", 
        "value": 0.01926223203772679
    }, 
    "H2": {
        "error": 0.09891147494159738, 
        "fit": "average_SEM", 
        "value": -0.2793324869746963
    }, 
    "L1": {
        "error": 0.15556642148786565, 
        "fit": "average_SEM", 
        "value": -0.168426643202838
    }, 
    "L2": {
        "error": 0.13132151470088216, 
        "fit": "average_SEM", 
        "value": -0.042973926176394645
    }
}