{
    "AX": {
        "error": 0.05925081505816907, 
        "fit": "average_SEM", 
        "value": -0.04159002267988399
    }, 
    "CDD": {
        "error": 0.00010399700850903668, 
        "fit": "average_SEM", 
        "value": 9.328163287136704e-05
    }, 
    "H1": {
        "error": 0.1268369105889108, 
        "fit": "average_SEM", 
        "value": 0.010130617503697674
    }, 
    "H2": {
        "error": 0.11970834498903715, 
        "fit": "average_SEM", 
        "value": -0.29176325586934887
    }, 
    "L1": {
        "error": 0.1360974214111613, 
        "fit": "average_SEM", 
        "value": -0.18421520135598257
    }, 
    "L2": {
        "error": 0.1493019377775624, 
        "fit": "average_SEM", 
        "value": -0.019350670798060795
    }
}