{
    "AX": {
        "error": 0.050709890333410355, 
        "fit": "average_SEM", 
        "value": -0.023038479099826266
    }, 
    "CDD": {
        "error": 0.0001006607608636055, 
        "fit": "average_SEM", 
        "value": 6.737006818487619e-05
    }, 
    "H1": {
        "error": 0.1207516239525655, 
        "fit": "average_SEM", 
        "value": -0.006609672235693627
    }, 
    "H2": {
        "error": 0.13453213834809444, 
        "fit": "average_SEM", 
        "value": -0.2913305627803008
    }, 
    "L1": {
        "error": 0.16244037323926883, 
        "fit": "average_SEM", 
        "value": -0.15216497871733736
    }, 
    "L2": {
        "error": 0.13937248766704477, 
        "fit": "average_SEM", 
        "value": -0.040763840172439815
    }
}