{
    "AX": {
        "error": 0.05541792645450112, 
        "fit": "average_SEM", 
        "value": -0.027480462950188668
    }, 
    "CDD": {
        "error": 0.00014511103776009113, 
        "fit": "average_SEM", 
        "value": 0.00013992245003464633
    }, 
    "H1": {
        "error": 0.14696515366802265, 
        "fit": "average_SEM", 
        "value": 0.030930425476981327
    }, 
    "H2": {
        "error": 0.10811451269589403, 
        "fit": "average_SEM", 
        "value": -0.29632572256959977
    }, 
    "L1": {
        "error": 0.16236872009808487, 
        "fit": "average_SEM", 
        "value": -0.13690763815150905
    }, 
    "L2": {
        "error": 0.13209801761347764, 
        "fit": "average_SEM", 
        "value": -0.014329681087595721
    }
}