{
    "AX": {
        "error": 0.06349455205850152, 
        "fit": "average_SEM", 
        "value": -0.02945350449978529
    }, 
    "CDD": {
        "error": 0.00015171294494331427, 
        "fit": "average_SEM", 
        "value": 0.00017360748412708442
    }, 
    "H1": {
        "error": 0.1532056262914512, 
        "fit": "average_SEM", 
        "value": 0.05838849629508332
    }, 
    "H2": {
        "error": 0.12571330265230157, 
        "fit": "average_SEM", 
        "value": -0.27162126696979005
    }, 
    "L1": {
        "error": 0.14611698945422288, 
        "fit": "average_SEM", 
        "value": -0.19115331170226757
    }, 
    "L2": {
        "error": 0.14439388066307637, 
        "fit": "average_SEM", 
        "value": 0.0014578362150738636
    }
}