{
    "AX": {
        "error": 0.054958676092271765, 
        "fit": "average_SEM", 
        "value": -0.018370675322269867
    }, 
    "CDD": {
        "error": 0.00014558080495288153, 
        "fit": "average_SEM", 
        "value": 0.00011401088486309163
    }, 
    "H1": {
        "error": 0.128362949920553, 
        "fit": "average_SEM", 
        "value": 0.054814629167473566
    }, 
    "H2": {
        "error": 0.12269603729270125, 
        "fit": "average_SEM", 
        "value": -0.2845923819268743
    }, 
    "L1": {
        "error": 0.1467518300680971, 
        "fit": "average_SEM", 
        "value": -0.1509426246358392
    }, 
    "L2": {
        "error": 0.13952698017243464, 
        "fit": "average_SEM", 
        "value": -0.018896659155143426
    }
}