{
    "AX": {
        "error": 0.07257409702008041, 
        "fit": "average_SEM", 
        "value": -0.03791978057658222
    }, 
    "CDD": {
        "error": 0.00016466193093884001, 
        "fit": "average_SEM", 
        "value": 0.00019951904857104334
    }, 
    "H1": {
        "error": 0.08821713235675448, 
        "fit": "average_SEM", 
        "value": 0.04938572166623392
    }, 
    "H2": {
        "error": 0.12555900406647233, 
        "fit": "average_SEM", 
        "value": -0.29600342163660875
    }, 
    "L1": {
        "error": 0.16192147927009856, 
        "fit": "average_SEM", 
        "value": -0.17530417002271861
    }, 
    "L2": {
        "error": 0.14688096784872515, 
        "fit": "average_SEM", 
        "value": -0.00449642890598625
    }
}