{
    "AX": {
        "error": 0.053942652180076406, 
        "fit": "average_SEM", 
        "value": -0.028005455100598434
    }, 
    "CDD": {
        "error": 0.0001306250265658873, 
        "fit": "average_SEM", 
        "value": 0.0001787897970643826
    }, 
    "H1": {
        "error": 0.1223803579154352, 
        "fit": "average_SEM", 
        "value": 0.0029131546888190012
    }, 
    "H2": {
        "error": 0.10544490878035949, 
        "fit": "average_SEM", 
        "value": -0.29029154156645137
    }, 
    "L1": {
        "error": 0.1310994555552765, 
        "fit": "average_SEM", 
        "value": -0.1595628729245315
    }, 
    "L2": {
        "error": 0.14216124141061134, 
        "fit": "average_SEM", 
        "value": -0.022863236259824286
    }
}