{
    "AX": {
        "error": 0.06246033192769721, 
        "fit": "average_SEM", 
        "value": -0.040943701078261556
    }, 
    "CDD": {
        "error": 0.00019221268196055992, 
        "fit": "average_SEM", 
        "value": 0.00025134218085440805
    }, 
    "H1": {
        "error": 0.13957645167509827, 
        "fit": "average_SEM", 
        "value": 0.04354569122854931
    }, 
    "H2": {
        "error": 0.12988552196621578, 
        "fit": "average_SEM", 
        "value": -0.29730085472886764
    }, 
    "L1": {
        "error": 0.14421382872985067, 
        "fit": "average_SEM", 
        "value": -0.16085721832544853
    }, 
    "L2": {
        "error": 0.1334766863876476, 
        "fit": "average_SEM", 
        "value": -0.04328337164285282
    }
}