{
    "AX": {
        "error": 0.06703244025192014, 
        "fit": "average_SEM", 
        "value": -0.033333097846480086
    }, 
    "CDD": {
        "error": 0.00014254754125895468, 
        "fit": "average_SEM", 
        "value": 0.00012437551170781566
    }, 
    "H1": {
        "error": 0.11394061606023034, 
        "fit": "average_SEM", 
        "value": 0.05175925492464254
    }, 
    "H2": {
        "error": 0.11680341875061082, 
        "fit": "average_SEM", 
        "value": -0.2771156747612016
    }, 
    "L1": {
        "error": 0.14971967160425845, 
        "fit": "average_SEM", 
        "value": -0.1581827389386793
    }, 
    "L2": {
        "error": 0.1307198165179319, 
        "fit": "average_SEM", 
        "value": -0.009560878842603416
    }
}