{
    "AX": {
        "error": 0.058292904204809835, 
        "fit": "average_SEM", 
        "value": -0.027894312387797982
    }, 
    "CDD": {
        "error": 0.00017712751125590113, 
        "fit": "average_SEM", 
        "value": 0.0001425136067458273
    }, 
    "H1": {
        "error": 0.12308500423355265, 
        "fit": "average_SEM", 
        "value": 0.05393349148410683
    }, 
    "H2": {
        "error": 0.12651972394043076, 
        "fit": "average_SEM", 
        "value": -0.2622280430048704
    }, 
    "L1": {
        "error": 0.13126212906834206, 
        "fit": "average_SEM", 
        "value": -0.1523216493971025
    }, 
    "L2": {
        "error": 0.13901634598694357, 
        "fit": "average_SEM", 
        "value": -0.03542482373692716
    }
}