{
    "AX": {
        "error": 0.06681988976081811, 
        "fit": "average_SEM", 
        "value": -0.03587270793893064
    }, 
    "CDD": {
        "error": 0.0001964291431661011, 
        "fit": "average_SEM", 
        "value": 0.00025134217988428037
    }, 
    "H1": {
        "error": 0.1262254835593244, 
        "fit": "average_SEM", 
        "value": 0.03082281838869676
    }, 
    "H2": {
        "error": 0.11716402323688292, 
        "fit": "average_SEM", 
        "value": -0.2959835005225614
    }, 
    "L1": {
        "error": 0.14353984626209304, 
        "fit": "average_SEM", 
        "value": -0.1694681052264059
    }, 
    "L2": {
        "error": 0.11920175863060138, 
        "fit": "average_SEM", 
        "value": -0.01388612063965411
    }
}