{
    "AX": {
        "error": 0.06289305674477527, 
        "fit": "average_SEM", 
        "value": -0.04128457454353338
    }, 
    "CDD": {
        "error": 0.00019456058912181148, 
        "fit": "average_SEM", 
        "value": 0.0002176571445791827
    }, 
    "H1": {
        "error": 0.1544193592766152, 
        "fit": "average_SEM", 
        "value": 0.0317211088394591
    }, 
    "H2": {
        "error": 0.12183177708966775, 
        "fit": "average_SEM", 
        "value": -0.2776868754066527
    }, 
    "L1": {
        "error": 0.13395499150073023, 
        "fit": "average_SEM", 
        "value": -0.15844607789379855
    }, 
    "L2": {
        "error": 0.13379749541278202, 
        "fit": "average_SEM", 
        "value": 0.006615210087814679
    }
}