{
    "AX": {
        "error": 0.06815021317475793, 
        "fit": "average_SEM", 
        "value": -0.020894576717788976
    }, 
    "CDD": {
        "error": 0.00011266342588478974, 
        "fit": "average_SEM", 
        "value": 0.00010623741521461245
    }, 
    "H1": {
        "error": 0.1311468560941369, 
        "fit": "average_SEM", 
        "value": 0.010774270858382807
    }, 
    "H2": {
        "error": 0.12268417965933427, 
        "fit": "average_SEM", 
        "value": -0.299688117702802
    }, 
    "L1": {
        "error": 0.15579038371310547, 
        "fit": "average_SEM", 
        "value": -0.15643882552394645
    }, 
    "L2": {
        "error": 0.15765383387247442, 
        "fit": "average_SEM", 
        "value": 0.0027540498801196613
    }
}