{
    "AX": {
        "error": 0.07091341227504662, 
        "fit": "average_SEM", 
        "value": -0.02858914191989849
    }, 
    "CDD": {
        "error": 0.0001783567831623181, 
        "fit": "average_SEM", 
        "value": 0.00013214898159882675
    }, 
    "H1": {
        "error": 0.12452838258636224, 
        "fit": "average_SEM", 
        "value": 0.028620941118181992
    }, 
    "H2": {
        "error": 0.09861592232036435, 
        "fit": "average_SEM", 
        "value": -0.27395165810982386
    }, 
    "L1": {
        "error": 0.160768333737456, 
        "fit": "average_SEM", 
        "value": -0.203140687350727
    }, 
    "L2": {
        "error": 0.13594861537812084, 
        "fit": "average_SEM", 
        "value": -0.00897563053003978
    }
}