{
    "AX": {
        "error": 0.07417997406886497, 
        "fit": "average_SEM", 
        "value": -0.0439124965807423
    }, 
    "CDD": {
        "error": 0.00022555401149659666, 
        "fit": "average_SEM", 
        "value": 0.0002668891199088345
    }, 
    "H1": {
        "error": 0.12372572797842607, 
        "fit": "average_SEM", 
        "value": 0.05573061251003916
    }, 
    "H2": {
        "error": 0.11426374756490346, 
        "fit": "average_SEM", 
        "value": -0.29288465169568856
    }, 
    "L1": {
        "error": 0.14349104716297523, 
        "fit": "average_SEM", 
        "value": -0.18714564518692592
    }, 
    "L2": {
        "error": 0.1312489401571145, 
        "fit": "average_SEM", 
        "value": -0.00944799892604351
    }
}