{
    "AX": {
        "error": 0.06115925640414816, 
        "fit": "average_SEM", 
        "value": -0.027769409030831107
    }, 
    "CDD": {
        "error": 0.00023792865069865028, 
        "fit": "average_SEM", 
        "value": 0.00025134218303719537
    }, 
    "H1": {
        "error": 0.14432972561255233, 
        "fit": "average_SEM", 
        "value": 0.032517029950395224
    }, 
    "H2": {
        "error": 0.14767417525202256, 
        "fit": "average_SEM", 
        "value": -0.28694027005694805
    }, 
    "L1": {
        "error": 0.1551073880715317, 
        "fit": "average_SEM", 
        "value": -0.18448220046702773
    }, 
    "L2": {
        "error": 0.1538672075755985, 
        "fit": "average_SEM", 
        "value": -0.014935914132123192
    }
}