{
    "AX": {
        "error": 0.05673282593953999, 
        "fit": "average_SEM", 
        "value": -0.022616043777088635
    }, 
    "CDD": {
        "error": 0.000104651496768589, 
        "fit": "average_SEM", 
        "value": 6.737006842740811e-05
    }, 
    "H1": {
        "error": 0.12545046721231556, 
        "fit": "average_SEM", 
        "value": 0.015927414308922985
    }, 
    "H2": {
        "error": 0.11976498258986126, 
        "fit": "average_SEM", 
        "value": -0.28671035789884625
    }, 
    "L1": {
        "error": 0.16121749678828512, 
        "fit": "average_SEM", 
        "value": -0.17010888549266384
    }, 
    "L2": {
        "error": 0.1193208761712033, 
        "fit": "average_SEM", 
        "value": -0.0026559030637145044
    }
}