{
    "AX": {
        "error": 0.07187409578364477, 
        "fit": "average_SEM", 
        "value": -0.03501239003283748
    }, 
    "CDD": {
        "error": 0.00017666433301846511, 
        "fit": "average_SEM", 
        "value": 0.0001995190505112987
    }, 
    "H1": {
        "error": 0.1505954673045007, 
        "fit": "average_SEM", 
        "value": 0.02777026642191534
    }, 
    "H2": {
        "error": 0.1410947871093027, 
        "fit": "average_SEM", 
        "value": -0.2747565736295655
    }, 
    "L1": {
        "error": 0.13470087374404596, 
        "fit": "average_SEM", 
        "value": -0.2219966228120029
    }, 
    "L2": {
        "error": 0.14518721756324074, 
        "fit": "average_SEM", 
        "value": -0.006578617170453072
    }
}