{
    "AX": {
        "error": 0.061592933274279595, 
        "fit": "average_SEM", 
        "value": -0.03147168373301004
    }, 
    "CDD": {
        "error": 0.0001752674494424422, 
        "fit": "average_SEM", 
        "value": 0.0002047013627210011
    }, 
    "H1": {
        "error": 0.11243994676442538, 
        "fit": "average_SEM", 
        "value": 0.04266655967415621
    }, 
    "H2": {
        "error": 0.11587977401136001, 
        "fit": "average_SEM", 
        "value": -0.2927300726994872
    }, 
    "L1": {
        "error": 0.16577493693742226, 
        "fit": "average_SEM", 
        "value": -0.1746845732113191
    }, 
    "L2": {
        "error": 0.11105061142305292, 
        "fit": "average_SEM", 
        "value": 0.013592844637848127
    }
}