{
    "AX": {
        "error": 0.0672142711954866, 
        "fit": "average_SEM", 
        "value": -0.027549035006510774
    }, 
    "CDD": {
        "error": 0.00012175117806510312, 
        "fit": "average_SEM", 
        "value": 0.00017360748364202058
    }, 
    "H1": {
        "error": 0.13465401699787863, 
        "fit": "average_SEM", 
        "value": 0.019274636788759382
    }, 
    "H2": {
        "error": 0.1123733760726121, 
        "fit": "average_SEM", 
        "value": -0.30622505135834216
    }, 
    "L1": {
        "error": 0.15972567248625832, 
        "fit": "average_SEM", 
        "value": -0.17231258139169464
    }, 
    "L2": {
        "error": 0.13883321850108785, 
        "fit": "average_SEM", 
        "value": 0.0017134867171989753
    }
}