{
    "AX": {
        "error": 0.06549876993099994, 
        "fit": "average_SEM", 
        "value": -0.02748522033410457
    }, 
    "CDD": {
        "error": 0.0001588580558173353, 
        "fit": "average_SEM", 
        "value": 0.00018656326647032985
    }, 
    "H1": {
        "error": 0.1093777777241793, 
        "fit": "average_SEM", 
        "value": 0.03341551081587871
    }, 
    "H2": {
        "error": 0.10371992549060159, 
        "fit": "average_SEM", 
        "value": -0.2693613744030396
    }, 
    "L1": {
        "error": 0.13809243097079596, 
        "fit": "average_SEM", 
        "value": -0.1733878498780541
    }, 
    "L2": {
        "error": 0.14145141816660728, 
        "fit": "average_SEM", 
        "value": -0.023802759416867048
    }
}