{
    "AX": {
        "error": 0.07046108233962438, 
        "fit": "average_SEM", 
        "value": -0.02105623885872774
    }, 
    "CDD": {
        "error": 0.00015885805712079483, 
        "fit": "average_SEM", 
        "value": 0.0001865632671979256
    }, 
    "H1": {
        "error": 0.09586149111431445, 
        "fit": "average_SEM", 
        "value": 0.003951552950699503
    }, 
    "H2": {
        "error": 0.1091146389091057, 
        "fit": "average_SEM", 
        "value": -0.26733463030929366
    }, 
    "L1": {
        "error": 0.16718477582547087, 
        "fit": "average_SEM", 
        "value": -0.17794897701047982
    }, 
    "L2": {
        "error": 0.13758979591497594, 
        "fit": "average_SEM", 
        "value": 0.0016435837683578332
    }
}