{
    "AX": {
        "error": 0.08675888234857439, 
        "fit": "average_SEM", 
        "value": -0.04557937542061457
    }, 
    "CDD": {
        "error": 0.00020098209083920188, 
        "fit": "average_SEM", 
        "value": 0.000264297964652845
    }, 
    "H1": {
        "error": 0.1524368516957945, 
        "fit": "average_SEM", 
        "value": 0.03365905700872342
    }, 
    "H2": {
        "error": 0.11238317333645664, 
        "fit": "average_SEM", 
        "value": -0.2890213505675395
    }, 
    "L1": {
        "error": 0.1502218389515461, 
        "fit": "average_SEM", 
        "value": -0.17514226093577842
    }, 
    "L2": {
        "error": 0.14902046019690546, 
        "fit": "average_SEM", 
        "value": -0.023040736109639207
    }
}