{
    "AX": {
        "error": 0.06899382450931993, 
        "fit": "average_SEM", 
        "value": -0.03958958209841512
    }, 
    "CDD": {
        "error": 0.00019726162508476236, 
        "fit": "average_SEM", 
        "value": 0.00026170680818419595
    }, 
    "H1": {
        "error": 0.12294353563052698, 
        "fit": "average_SEM", 
        "value": 0.019400171186619748
    }, 
    "H2": {
        "error": 0.14212291844110655, 
        "fit": "average_SEM", 
        "value": -0.2838121015112847
    }, 
    "L1": {
        "error": 0.16550991436216297, 
        "fit": "average_SEM", 
        "value": -0.14735597252147273
    }, 
    "L2": {
        "error": 0.13154757354267388, 
        "fit": "average_SEM", 
        "value": -0.009548469667788596
    }
}