{
    "AX": {
        "error": 0.05758331779126517, 
        "fit": "average_SEM", 
        "value": -0.029715513612609358
    }, 
    "CDD": {
        "error": 0.00012531618887239943, 
        "fit": "average_SEM", 
        "value": 0.00012955782367498613
    }, 
    "H1": {
        "error": 0.13002652992609248, 
        "fit": "average_SEM", 
        "value": 0.05213373781492313
    }, 
    "H2": {
        "error": 0.11998344031849648, 
        "fit": "average_SEM", 
        "value": -0.30274569100389875
    }, 
    "L1": {
        "error": 0.14153933443798533, 
        "fit": "average_SEM", 
        "value": -0.15434061967146892
    }, 
    "L2": {
        "error": 0.14039765215625535, 
        "fit": "average_SEM", 
        "value": -0.0036994041486953697
    }
}