{
    "AX": {
        "error": 0.04723246606137233, 
        "fit": "average_SEM", 
        "value": -0.013030740154984717
    }, 
    "CDD": {
        "error": 9.093170406626547e-05, 
        "fit": "average_SEM", 
        "value": 5.959659877892894e-05
    }, 
    "H1": {
        "error": 0.13455900632053489, 
        "fit": "average_SEM", 
        "value": 0.01617502307635732
    }, 
    "H2": {
        "error": 0.11364906061418226, 
        "fit": "average_SEM", 
        "value": -0.2756560062368711
    }, 
    "L1": {
        "error": 0.18086812284699855, 
        "fit": "average_SEM", 
        "value": -0.19270441033877433
    }, 
    "L2": {
        "error": 0.12819097187196743, 
        "fit": "average_SEM", 
        "value": -0.017640742915682496
    }
}