{
    "AX": {
        "error": 0.06487926417246224, 
        "fit": "average_SEM", 
        "value": -0.03657563021406531
    }, 
    "CDD": {
        "error": 0.00012507076550014346, 
        "fit": "average_SEM", 
        "value": 9.587278982507997e-05
    }, 
    "H1": {
        "error": 0.12413123608956034, 
        "fit": "average_SEM", 
        "value": 0.002772842118671785
    }, 
    "H2": {
        "error": 0.10996901359970483, 
        "fit": "average_SEM", 
        "value": -0.29879952110350133
    }, 
    "L1": {
        "error": 0.1524276570252109, 
        "fit": "average_SEM", 
        "value": -0.13692899654900734
    }, 
    "L2": {
        "error": 0.1492400045151, 
        "fit": "average_SEM", 
        "value": -0.009615844977088273
    }
}