{
    "AX": {
        "error": 0.05874161238744371, 
        "fit": "average_SEM", 
        "value": -0.03447804365811559
    }, 
    "CDD": {
        "error": 0.00015110415164566385, 
        "fit": "average_SEM", 
        "value": 0.00016583401472113716
    }, 
    "H1": {
        "error": 0.14074029371353516, 
        "fit": "average_SEM", 
        "value": 0.009414658986497671
    }, 
    "H2": {
        "error": 0.12160901071254533, 
        "fit": "average_SEM", 
        "value": -0.288337882515043
    }, 
    "L1": {
        "error": 0.1556486001378854, 
        "fit": "average_SEM", 
        "value": -0.16691129737640342
    }, 
    "L2": {
        "error": 0.1373608234382147, 
        "fit": "average_SEM", 
        "value": 0.01280828726303298
    }
}