{
    "AX": {
        "error": 0.05650498425114256, 
        "fit": "average_SEM", 
        "value": -0.013688386800155664
    }, 
    "CDD": {
        "error": 0.00010821197516219548, 
        "fit": "average_SEM", 
        "value": 6.477891195875903e-05
    }, 
    "H1": {
        "error": 0.12363370526990596, 
        "fit": "average_SEM", 
        "value": 0.014938881325845917
    }, 
    "H2": {
        "error": 0.12365026428153389, 
        "fit": "average_SEM", 
        "value": -0.26318717232594885
    }, 
    "L1": {
        "error": 0.1308244026165485, 
        "fit": "average_SEM", 
        "value": -0.17240340025164186
    }, 
    "L2": {
        "error": 0.13431589771018704, 
        "fit": "average_SEM", 
        "value": -0.012903838309769829
    }
}