{
    "AX": {
        "error": 0.06323212757288325, 
        "fit": "average_SEM", 
        "value": -0.05239571226217474
    }, 
    "CDD": {
        "error": 0.00019049996714915406, 
        "fit": "average_SEM", 
        "value": 0.0002461598674320461
    }, 
    "H1": {
        "error": 0.11488177886672274, 
        "fit": "average_SEM", 
        "value": 0.0506834981458572
    }, 
    "H2": {
        "error": 0.11009243624086575, 
        "fit": "average_SEM", 
        "value": -0.2887166444522639
    }, 
    "L1": {
        "error": 0.14654161624866718, 
        "fit": "average_SEM", 
        "value": -0.16361478302472582
    }, 
    "L2": {
        "error": 0.11513962901943646, 
        "fit": "average_SEM", 
        "value": 0.007948337270499905
    }
}