{
    "Ar36": {
        "error": 0.0014309949999715685, 
        "fit": "parabolic", 
        "value": 0.011586770206381731
    }, 
    "Ar37": {
        "error": 0.13667332252788603, 
        "fit": "linear", 
        "value": 0.062106234726332352
    }, 
    "Ar38": {
        "error": 0.18828813016940155, 
        "fit": "linear", 
        "value": -0.11232470980369727
    }, 
    "Ar39": {
        "error": 0.0050365091395134943, 
        "fit": "parabolic", 
        "value": 0.0089318727808755747
    }, 
    "Ar40": {
        "error": 0.12150282522904966, 
        "fit": "parabolic", 
        "value": 3.2639914264052341
    }, 
    "Ar41": {
        "error": 0.11471131137640452, 
        "fit": "average_SEM", 
        "value": -0.027682782567717369
    }
}