{
    "Ar36": {
        "error": 0.001027793855564384, 
        "fit": "parabolic", 
        "value": 0.004198272126488615
    }, 
    "Ar37": {
        "error": 0.14347151062097671, 
        "fit": "linear", 
        "value": 0.0027335519491522953
    }, 
    "Ar38": {
        "error": 0.16220766839360937, 
        "fit": "linear", 
        "value": -0.12231428085374843
    }, 
    "Ar39": {
        "error": 0.011685573278951301, 
        "fit": "parabolic", 
        "value": 0.0044904693778883634
    }, 
    "Ar40": {
        "error": 0.1352949423353664, 
        "fit": "parabolic", 
        "value": 0.89857654896725203
    }, 
    "Ar41": {
        "error": 0.11577385660929709, 
        "fit": "average_SEM", 
        "value": -0.049590951976198186
    }
}