{
    "Ar36": {
        "error": 0.0017141984913085868, 
        "fit": "parabolic", 
        "value": 0.01260579965846171
    }, 
    "Ar37": {
        "error": 0.11708514827259399, 
        "fit": "linear", 
        "value": -0.054610062735274141
    }, 
    "Ar38": {
        "error": 0.14694320994711413, 
        "fit": "linear", 
        "value": -0.13230230192468195
    }, 
    "Ar39": {
        "error": 0.0076481649358533963, 
        "fit": "parabolic", 
        "value": 0.017223598849537204
    }, 
    "Ar40": {
        "error": 0.1471700355940167, 
        "fit": "parabolic", 
        "value": 3.8909314559741563
    }, 
    "Ar41": {
        "error": 0.13228865267938736, 
        "fit": "average_SEM", 
        "value": 0.011534949752967805
    }
}