{
    "Ar36": {
        "error": 0.0013407736524460121, 
        "fit": "parabolic", 
        "value": 0.0088188971404854904
    }, 
    "Ar37": {
        "error": 0.14434284938592357, 
        "fit": "linear", 
        "value": -0.031578115813751181
    }, 
    "Ar38": {
        "error": 0.16127284334832134, 
        "fit": "linear", 
        "value": -0.11899628656961331
    }, 
    "Ar39": {
        "error": 0.011417097393219031, 
        "fit": "parabolic", 
        "value": 0.019389061837732112
    }, 
    "Ar40": {
        "error": 0.13316347948400092, 
        "fit": "parabolic", 
        "value": 2.737014050324615
    }, 
    "Ar41": {
        "error": 0.13105192366673957, 
        "fit": "average_SEM", 
        "value": 0.020283908131225162
    }
}