{
    "Ar36": {
        "error": 0.0012111388144558477, 
        "fit": "parabolic", 
        "value": 0.0041645041689435582
    }, 
    "Ar37": {
        "error": 0.14674381321621718, 
        "fit": "linear", 
        "value": 0.0020519717648579371
    }, 
    "Ar38": {
        "error": 0.15996161315317248, 
        "fit": "linear", 
        "value": -0.11395381872416235
    }, 
    "Ar39": {
        "error": 0.0099534125676452884, 
        "fit": "parabolic", 
        "value": 0.0087098650887862117
    }, 
    "Ar40": {
        "error": 0.13123628215268812, 
        "fit": "parabolic", 
        "value": 0.93797011260144503
    }, 
    "Ar41": {
        "error": 0.10238137484435525, 
        "fit": "average_SEM", 
        "value": -0.04721887398732684
    }
}