{
    "Ar36": {
        "error": 0.0010261739629234875, 
        "fit": "parabolic", 
        "value": 0.0032334083950366597
    }, 
    "Ar37": {
        "error": 0.14550659896617049, 
        "fit": "linear", 
        "value": -0.013525336301056909
    }, 
    "Ar38": {
        "error": 0.14899200227184747, 
        "fit": "linear", 
        "value": -0.1641420375731735
    }, 
    "Ar39": {
        "error": 0.011385977196804467, 
        "fit": "parabolic", 
        "value": 0.0074308441387806734
    }, 
    "Ar40": {
        "error": 0.13844062399300924, 
        "fit": "parabolic", 
        "value": 0.72146347158156254
    }, 
    "Ar41": {
        "error": 0.11471259723389203, 
        "fit": "average_SEM", 
        "value": -0.31381245456222029
    }
}