{
    "Ar36": {
        "error": 0.0014733041602352785, 
        "fit": "parabolic", 
        "value": 0.0085775413417665276
    }, 
    "Ar37": {
        "error": 0.14193075217607021, 
        "fit": "linear", 
        "value": -0.025841843247245332
    }, 
    "Ar38": {
        "error": 0.15785163520941378, 
        "fit": "linear", 
        "value": -0.096269642137074868
    }, 
    "Ar39": {
        "error": 0.015097712041708844, 
        "fit": "parabolic", 
        "value": 0.028285810119492161
    }, 
    "Ar40": {
        "error": 0.13347743220802061, 
        "fit": "parabolic", 
        "value": 2.6251529915094354
    }, 
    "Ar41": {
        "error": 0.1312399547557053, 
        "fit": "average_SEM", 
        "value": 0.019309297559731122
    }
}