{
    "Ar36": {
        "error": 0.0013318659212056348, 
        "fit": "parabolic", 
        "value": 0.0070460044412812544
    }, 
    "Ar37": {
        "error": 0.13281509299641195, 
        "fit": "linear", 
        "value": -0.027851713675261566
    }, 
    "Ar38": {
        "error": 0.14665951900008711, 
        "fit": "linear", 
        "value": -0.13237485124063084
    }, 
    "Ar39": {
        "error": 0.060352606000206435, 
        "fit": "parabolic", 
        "value": 0.0028423551039242073
    }, 
    "Ar40": {
        "error": 0.13635185855665527, 
        "fit": "parabolic", 
        "value": 1.8786179522233928
    }, 
    "Ar41": {
        "error": 0.12670978792252691, 
        "fit": "average_SEM", 
        "value": 0.22450852799345739
    }
}