{
    "Ar36": {
        "error": 0.0010036498755734554, 
        "fit": "parabolic", 
        "value": 0.0032280430649328264
    }, 
    "Ar37": {
        "error": 0.12590989310213332, 
        "fit": "linear", 
        "value": -0.022442536246941674
    }, 
    "Ar38": {
        "error": 0.16187384143781913, 
        "fit": "linear", 
        "value": -0.19253186691811941
    }, 
    "Ar39": {
        "error": 0.0097269327458952091, 
        "fit": "parabolic", 
        "value": 0.013553855169523132
    }, 
    "Ar40": {
        "error": 0.1307151021996987, 
        "fit": "parabolic", 
        "value": 0.72462067578071543
    }, 
    "Ar41": {
        "error": 0.1273379538920977, 
        "fit": "average_SEM", 
        "value": -0.26557559610034026
    }
}