{
    "Ar36": {
        "error": 0.0010257870703835586, 
        "fit": "parabolic", 
        "value": 0.0036327432724277808
    }, 
    "Ar37": {
        "error": 0.1530930971989263, 
        "fit": "linear", 
        "value": 0.021117653263142348
    }, 
    "Ar38": {
        "error": 0.14763420377711034, 
        "fit": "linear", 
        "value": -0.11746431609267648
    }, 
    "Ar39": {
        "error": 0.0076446826527436507, 
        "fit": "parabolic", 
        "value": 0.0047378170931576934
    }, 
    "Ar40": {
        "error": 0.12971394308115805, 
        "fit": "parabolic", 
        "value": 0.92806549698992491
    }, 
    "Ar41": {
        "error": 0.11678425139169353, 
        "fit": "average_SEM", 
        "value": 0.2486995433198495
    }
}