{
    "Ar36": {
        "error": 0.0011873273733184054, 
        "fit": "parabolic", 
        "value": 0.0045341087184450242
    }, 
    "Ar37": {
        "error": 0.13798361233433637, 
        "fit": "linear", 
        "value": -0.068084751348458303
    }, 
    "Ar38": {
        "error": 0.16541224924257783, 
        "fit": "linear", 
        "value": -0.13892850897929368
    }, 
    "Ar39": {
        "error": 0.0081118513599934584, 
        "fit": "parabolic", 
        "value": 0.0023980583370865199
    }, 
    "Ar40": {
        "error": 0.12204135198232781, 
        "fit": "parabolic", 
        "value": 1.1771937448318148
    }, 
    "Ar41": {
        "error": 0.11827208620143244, 
        "fit": "average_SEM", 
        "value": -0.054943279898078699
    }
}