{
    "Ar36": {
        "error": 0.0010843584702153709, 
        "fit": "parabolic", 
        "value": 0.0040995433353921956
    }, 
    "Ar37": {
        "error": 0.14541194119741238, 
        "fit": "linear", 
        "value": -0.020838402417821263
    }, 
    "Ar38": {
        "error": 0.16467661639287265, 
        "fit": "linear", 
        "value": -0.15465749818754773
    }, 
    "Ar39": {
        "error": 0.0079267232359164878, 
        "fit": "parabolic", 
        "value": 0.0053676665465908352
    }, 
    "Ar40": {
        "error": 0.14978838350748988, 
        "fit": "parabolic", 
        "value": 1.1036226719029965
    }, 
    "Ar41": {
        "error": 0.12186495312123465, 
        "fit": "average_SEM", 
        "value": 0.21923461256988552
    }
}