{
    "Ar36": {
        "error": 0.0010985970518654219, 
        "fit": "parabolic", 
        "value": 0.002917864407384983
    }, 
    "Ar37": {
        "error": 0.13237329623505859, 
        "fit": "linear", 
        "value": 0.0085812225269113925
    }, 
    "Ar38": {
        "error": 0.15080181587849456, 
        "fit": "linear", 
        "value": -0.12085590256480594
    }, 
    "Ar39": {
        "error": 0.013049870097565428, 
        "fit": "parabolic", 
        "value": 0.0084207656265457391
    }, 
    "Ar40": {
        "error": 0.13990003242641816, 
        "fit": "parabolic", 
        "value": 0.6967570232635707
    }, 
    "Ar41": {
        "error": 0.12039231476486781, 
        "fit": "average_SEM", 
        "value": -0.28644019956700506
    }
}