{
    "Ar36": {
        "error": 0.0015051061485586476, 
        "fit": "parabolic", 
        "value": 0.0090525920409393647
    }, 
    "Ar37": {
        "error": 0.14097177913772285, 
        "fit": "linear", 
        "value": -0.027178593192512542
    }, 
    "Ar38": {
        "error": 0.15864865369208991, 
        "fit": "linear", 
        "value": -0.11123735780128466
    }, 
    "Ar39": {
        "error": 0.014167312796095026, 
        "fit": "parabolic", 
        "value": 0.031328557126200036
    }, 
    "Ar40": {
        "error": 0.1319046018158464, 
        "fit": "parabolic", 
        "value": 2.5574211918864087
    }, 
    "Ar41": {
        "error": 0.12906235708230487, 
        "fit": "average_SEM", 
        "value": 0.038646307094475356
    }
}