{
    "Ar36": {
        "error": 0.0012639150756944919, 
        "fit": "parabolic", 
        "value": 0.0054244127424124614
    }, 
    "Ar37": {
        "error": 0.13973088325045668, 
        "fit": "linear", 
        "value": 0.028897205750970469
    }, 
    "Ar38": {
        "error": 0.13585278675741413, 
        "fit": "linear", 
        "value": -0.14950000807620706
    }, 
    "Ar39": {
        "error": 0.065742053350287946, 
        "fit": "parabolic", 
        "value": 0.01405139716429453
    }, 
    "Ar40": {
        "error": 0.14504318129498861, 
        "fit": "parabolic", 
        "value": 1.4556829150255257
    }, 
    "Ar41": {
        "error": 0.11163625967054669, 
        "fit": "average_SEM", 
        "value": -0.029450297699258953
    }
}