{
    "Ar36": {
        "error": 0.00085414436764617093, 
        "fit": "parabolic", 
        "value": 0.0023242651725761832
    }, 
    "Ar37": {
        "error": 0.15529235888166615, 
        "fit": "linear", 
        "value": 0.054825638562713871
    }, 
    "Ar38": {
        "error": 0.17198146757568944, 
        "fit": "linear", 
        "value": -0.12328995072947053
    }, 
    "Ar39": {
        "error": 0.0033609331886883288, 
        "fit": "parabolic", 
        "value": 0.0080873963646638201
    }, 
    "Ar40": {
        "error": 0.12520089713113491, 
        "fit": "parabolic", 
        "value": 0.63745065815498947
    }, 
    "Ar41": {
        "error": 0.10047008379000046, 
        "fit": "average_SEM", 
        "value": -0.023275296187125798
    }
}