{
    "Ar36": {
        "error": 0.0010402553351146241, 
        "fit": "parabolic", 
        "value": 0.0038438319220044006
    }, 
    "Ar37": {
        "error": 0.13035583040860993, 
        "fit": "linear", 
        "value": -0.010463178823339603
    }, 
    "Ar38": {
        "error": 0.15502890449106826, 
        "fit": "linear", 
        "value": -0.16291518030940619
    }, 
    "Ar39": {
        "error": 0.0084710279882616816, 
        "fit": "parabolic", 
        "value": 0.0053552052624172251
    }, 
    "Ar40": {
        "error": 0.13658052332126003, 
        "fit": "parabolic", 
        "value": 0.96445880596043776
    }, 
    "Ar41": {
        "error": 0.11556854142884052, 
        "fit": "average_SEM", 
        "value": 0.24218303795884519
    }
}