{
    "Ar36": {
        "error": 0.00097468865528879212, 
        "fit": "parabolic", 
        "value": 0.002585976198708163
    }, 
    "Ar37": {
        "error": 0.14406612849983544, 
        "fit": "linear", 
        "value": -0.0058378200003856278
    }, 
    "Ar38": {
        "error": 0.17235731883961281, 
        "fit": "linear", 
        "value": -0.16254201885575703
    }, 
    "Ar39": {
        "error": 0.007160664837727591, 
        "fit": "parabolic", 
        "value": 0.015724712396804254
    }, 
    "Ar40": {
        "error": 0.14304822257463154, 
        "fit": "parabolic", 
        "value": 0.76746180940820952
    }, 
    "Ar41": {
        "error": 0.12348736633863022, 
        "fit": "average_SEM", 
        "value": -0.021505640850066104
    }
}