{
    "Ar36": {
        "error": 0.0012883992884963351, 
        "fit": "parabolic", 
        "value": 0.008629034383822367
    }, 
    "Ar37": {
        "error": 0.13883726488834211, 
        "fit": "linear", 
        "value": 0.0047875633080768426
    }, 
    "Ar38": {
        "error": 0.21867803747766437, 
        "fit": "linear", 
        "value": -0.14351240190570325
    }, 
    "Ar39": {
        "error": 0.013271252570938731, 
        "fit": "parabolic", 
        "value": 0.026399164556980888
    }, 
    "Ar40": {
        "error": 0.14616233444841556, 
        "fit": "parabolic", 
        "value": 2.6293738217472691
    }, 
    "Ar41": {
        "error": 0.12063585928151795, 
        "fit": "average_SEM", 
        "value": -0.2354486274196663
    }
}