{
    "Ar36": {
        "error": 0.0014632750860900871, 
        "fit": "parabolic", 
        "value": 0.0088078722560372951
    }, 
    "Ar37": {
        "error": 0.13772711273588004, 
        "fit": "linear", 
        "value": -0.02827776723792131
    }, 
    "Ar38": {
        "error": 0.21716607518306544, 
        "fit": "linear", 
        "value": -0.15242316847570087
    }, 
    "Ar39": {
        "error": 0.010869006222473847, 
        "fit": "parabolic", 
        "value": 0.026982083735129694
    }, 
    "Ar40": {
        "error": 0.13882342883459137, 
        "fit": "parabolic", 
        "value": 2.7494487635450691
    }, 
    "Ar41": {
        "error": 0.11076398648009952, 
        "fit": "average_SEM", 
        "value": -0.23255694742417998
    }
}