{
    "Ar36": {
        "error": 0.0015307771072761633, 
        "fit": "parabolic", 
        "value": 0.0086684622888804908
    }, 
    "Ar37": {
        "error": 0.14313602067933009, 
        "fit": "linear", 
        "value": 0.024506041180441751
    }, 
    "Ar38": {
        "error": 0.18413537669960492, 
        "fit": "linear", 
        "value": -0.11023809065463197
    }, 
    "Ar39": {
        "error": 0.018576506473778787, 
        "fit": "parabolic", 
        "value": -0.0083828448723860735
    }, 
    "Ar40": {
        "error": 0.14155507247777624, 
        "fit": "parabolic", 
        "value": 2.161512288896537
    }, 
    "Ar41": {
        "error": 0.12956775765357845, 
        "fit": "average_SEM", 
        "value": -0.03421660964894626
    }
}