{
    "Ar36": {
        "error": 0.00098592623592265016, 
        "fit": "parabolic", 
        "value": 0.0035469474025815254
    }, 
    "Ar37": {
        "error": 0.13798221354680038, 
        "fit": "linear", 
        "value": -0.025772017758938112
    }, 
    "Ar38": {
        "error": 0.14098330019077041, 
        "fit": "linear", 
        "value": -0.14900254587223588
    }, 
    "Ar39": {
        "error": 0.0091220060232961274, 
        "fit": "parabolic", 
        "value": 0.0077444351535270704
    }, 
    "Ar40": {
        "error": 0.13116223052921291, 
        "fit": "parabolic", 
        "value": 0.96858130410004339
    }, 
    "Ar41": {
        "error": 0.12002869530472468, 
        "fit": "average_SEM", 
        "value": -0.036905371775436735
    }
}