{
    "Ar36": {
        "error": 0.00149597727066487, 
        "fit": "parabolic", 
        "value": 0.010003279413141331
    }, 
    "Ar37": {
        "error": 0.12925696492492336, 
        "fit": "linear", 
        "value": 0.023238317784099558
    }, 
    "Ar38": {
        "error": 0.18636537189818422, 
        "fit": "linear", 
        "value": -0.1157713137709005
    }, 
    "Ar39": {
        "error": 0.019168046260135452, 
        "fit": "parabolic", 
        "value": 0.008101595600191927
    }, 
    "Ar40": {
        "error": 0.15205265840714649, 
        "fit": "parabolic", 
        "value": 2.6472100764527191
    }, 
    "Ar41": {
        "error": 0.11524870685657432, 
        "fit": "average_SEM", 
        "value": -0.041497526162614422
    }
}