{
    "Ar36": {
        "error": 0.0010341701849838701, 
        "fit": "parabolic", 
        "value": 0.0039597112376778213
    }, 
    "Ar37": {
        "error": 0.12915504565903799, 
        "fit": "linear", 
        "value": 0.016352944438664627
    }, 
    "Ar38": {
        "error": 0.13777262180146879, 
        "fit": "linear", 
        "value": -0.11930398638159845
    }, 
    "Ar39": {
        "error": 0.0086197988068024336, 
        "fit": "parabolic", 
        "value": 0.0030256049104787769
    }, 
    "Ar40": {
        "error": 0.1330282079510916, 
        "fit": "parabolic", 
        "value": 0.92207807800170039
    }, 
    "Ar41": {
        "error": 0.13026623148437777, 
        "fit": "average_SEM", 
        "value": 0.23591404406470246
    }
}