{
    "Ar36": {
        "error": 0.0011629970854591131, 
        "fit": "parabolic", 
        "value": 0.0060539290589026861
    }, 
    "Ar37": {
        "error": 0.13343973086525532, 
        "fit": "linear", 
        "value": 0.015191503286363931
    }, 
    "Ar38": {
        "error": 0.13531224866547142, 
        "fit": "linear", 
        "value": -0.12089990258472547
    }, 
    "Ar39": {
        "error": 0.058914651006240597, 
        "fit": "parabolic", 
        "value": 0.0060778198182776712
    }, 
    "Ar40": {
        "error": 0.13592348797497519, 
        "fit": "parabolic", 
        "value": 1.6986482362578268
    }, 
    "Ar41": {
        "error": 0.12337476645502099, 
        "fit": "average_SEM", 
        "value": 0.2193511440351722
    }
}