{
    "Ar36": {
        "error": 0.00119503828177967, 
        "fit": "parabolic", 
        "value": 0.0038452334058340447
    }, 
    "Ar37": {
        "error": 0.12980735623970485, 
        "fit": "linear", 
        "value": -0.0018832421839816288
    }, 
    "Ar38": {
        "error": 0.14643688600759239, 
        "fit": "linear", 
        "value": -0.11361752893115672
    }, 
    "Ar39": {
        "error": 0.0096728219554506785, 
        "fit": "parabolic", 
        "value": 0.0038963810134178233
    }, 
    "Ar40": {
        "error": 0.14208523806353515, 
        "fit": "parabolic", 
        "value": 0.85605404428696663
    }, 
    "Ar41": {
        "error": 0.12227242434581105, 
        "fit": "average_SEM", 
        "value": -0.027892788024069484
    }
}