{
    "Ar36": {
        "error": 0.0019724538766843951, 
        "fit": "parabolic", 
        "value": 0.021842191633099001
    }, 
    "Ar37": {
        "error": 0.13925453018084052, 
        "fit": "linear", 
        "value": -0.083482830631048582
    }, 
    "Ar38": {
        "error": 0.18247792680664909, 
        "fit": "linear", 
        "value": -0.13940733060980467
    }, 
    "Ar39": {
        "error": 0.059262548478152967, 
        "fit": "parabolic", 
        "value": -0.1661018254940273
    }, 
    "Ar40": {
        "error": 0.13433630160119817, 
        "fit": "parabolic", 
        "value": 6.4633372953749424
    }, 
    "Ar41": {
        "error": 0.11706242929767377, 
        "fit": "average_SEM", 
        "value": -0.25160760591388681
    }
}