{
    "Ar36": {
        "error": 0.001034860336090857, 
        "fit": "parabolic", 
        "value": 0.0031280673787578983
    }, 
    "Ar37": {
        "error": 0.13732149362145546, 
        "fit": "linear", 
        "value": 0.029101340603793831
    }, 
    "Ar38": {
        "error": 0.15016279143200134, 
        "fit": "linear", 
        "value": -0.15601299948856301
    }, 
    "Ar39": {
        "error": 0.012047556144046555, 
        "fit": "parabolic", 
        "value": 0.015357914628901351
    }, 
    "Ar40": {
        "error": 0.14644459326887421, 
        "fit": "parabolic", 
        "value": 0.69476209852208148
    }, 
    "Ar41": {
        "error": 0.11257593967944424, 
        "fit": "average_SEM", 
        "value": -0.30524082279039755
    }
}