{
    "Ar36": {
        "error": 0.0014799199585045057, 
        "fit": "parabolic", 
        "value": 0.0088706407456287089
    }, 
    "Ar37": {
        "error": 0.14066063056060188, 
        "fit": "linear", 
        "value": 0.014990203137921765
    }, 
    "Ar38": {
        "error": 0.21479719063574501, 
        "fit": "linear", 
        "value": -0.14183362548588854
    }, 
    "Ar39": {
        "error": 0.0084180044584094213, 
        "fit": "parabolic", 
        "value": 0.020709845822003626
    }, 
    "Ar40": {
        "error": 0.13573530382924962, 
        "fit": "parabolic", 
        "value": 2.6774326771606853
    }, 
    "Ar41": {
        "error": 0.12432232909365899, 
        "fit": "average_SEM", 
        "value": -0.2418953069847905
    }
}