{
    "Ar36": {
        "error": 0.002303088630358737, 
        "fit": "parabolic", 
        "value": 0.020997948193953609
    }, 
    "Ar37": {
        "error": 0.16041096851608042, 
        "fit": "linear", 
        "value": -0.13896710005453089
    }, 
    "Ar38": {
        "error": 0.22210720624834623, 
        "fit": "linear", 
        "value": -0.066129103079801591
    }, 
    "Ar39": {
        "error": 0.097930933076542562, 
        "fit": "parabolic", 
        "value": -0.22875353835763224
    }, 
    "Ar40": {
        "error": 0.19863560639888397, 
        "fit": "parabolic", 
        "value": 5.8201330392270734
    }, 
    "Ar41": {
        "error": 0.13209484159228532, 
        "fit": "average_SEM", 
        "value": 0.0099956393155648752
    }
}