{
    "Ar36": {
        "error": 0.0015015860007359559, 
        "fit": "parabolic", 
        "value": 0.011108837057233105
    }, 
    "Ar37": {
        "error": 0.13726385625229193, 
        "fit": "linear", 
        "value": 0.078049702560590725
    }, 
    "Ar38": {
        "error": 0.1807360823597402, 
        "fit": "linear", 
        "value": -0.12879359428728665
    }, 
    "Ar39": {
        "error": 0.0054803295271263963, 
        "fit": "parabolic", 
        "value": 0.0061606359538285433
    }, 
    "Ar40": {
        "error": 0.14269522381017213, 
        "fit": "parabolic", 
        "value": 3.1031279537847789
    }, 
    "Ar41": {
        "error": 0.12986582375580563, 
        "fit": "average_SEM", 
        "value": -0.038725428426631778
    }
}