{
    "Ar36": {
        "error": 0.0015156831950338748, 
        "fit": "parabolic", 
        "value": 0.009412463088651379
    }, 
    "Ar37": {
        "error": 0.13709787159497464, 
        "fit": "linear", 
        "value": -0.016013041907144358
    }, 
    "Ar38": {
        "error": 0.14132306930305377, 
        "fit": "linear", 
        "value": -0.11785248947923477
    }, 
    "Ar39": {
        "error": 0.012665958774126705, 
        "fit": "parabolic", 
        "value": 0.022990151436363022
    }, 
    "Ar40": {
        "error": 0.13912127682163311, 
        "fit": "parabolic", 
        "value": 2.7356364093314673
    }, 
    "Ar41": {
        "error": 0.1274704928996464, 
        "fit": "average_SEM", 
        "value": 0.021915032221133716
    }
}