{
    "Ar36": {
        "error": 0.0010599759055613983, 
        "fit": "parabolic", 
        "value": 0.0049963846033164103
    }, 
    "Ar37": {
        "error": 0.1488065966114912, 
        "fit": "linear", 
        "value": 0.013981355606594966
    }, 
    "Ar38": {
        "error": 0.16834915702282086, 
        "fit": "linear", 
        "value": -0.13134471172840978
    }, 
    "Ar39": {
        "error": 0.0070189663054262144, 
        "fit": "parabolic", 
        "value": 0.0025580174316261368
    }, 
    "Ar40": {
        "error": 0.13196169900602306, 
        "fit": "parabolic", 
        "value": 1.414376090329291
    }, 
    "Ar41": {
        "error": 0.1263252843810711, 
        "fit": "average_SEM", 
        "value": -0.021098113556056178
    }
}