{
    "Ar36": {
        "error": 0.0014607148320801276, 
        "fit": "parabolic", 
        "value": 0.0086690944318018222
    }, 
    "Ar37": {
        "error": 0.13651636898419192, 
        "fit": "linear", 
        "value": -0.017979741034608334
    }, 
    "Ar38": {
        "error": 0.20602914517425458, 
        "fit": "linear", 
        "value": -0.073351692030820412
    }, 
    "Ar39": {
        "error": 0.012012791659640315, 
        "fit": "parabolic", 
        "value": 0.020832611497402249
    }, 
    "Ar40": {
        "error": 0.14104666973349081, 
        "fit": "parabolic", 
        "value": 2.5644209901423709
    }, 
    "Ar41": {
        "error": 0.12186174140465376, 
        "fit": "average_SEM", 
        "value": -0.21380533930755014
    }
}