{
    "Ar36": {
        "error": 0.001102919722325509, 
        "fit": "parabolic", 
        "value": 0.0047805289084313328
    }, 
    "Ar37": {
        "error": 0.13839246933472249, 
        "fit": "linear", 
        "value": 0.0066861630137451033
    }, 
    "Ar38": {
        "error": 0.16382166054928718, 
        "fit": "linear", 
        "value": -0.1405998802022346
    }, 
    "Ar39": {
        "error": 0.0078509735120866862, 
        "fit": "parabolic", 
        "value": 0.0038084785455647068
    }, 
    "Ar40": {
        "error": 0.12894851414326941, 
        "fit": "parabolic", 
        "value": 1.2360430071400923
    }, 
    "Ar41": {
        "error": 0.11870332119454893, 
        "fit": "average_SEM", 
        "value": -0.046694190998742773
    }
}