{
    "Ar36": {
        "error": 0.0012230079532767316, 
        "fit": "parabolic", 
        "value": 0.0076728739323434084
    }, 
    "Ar37": {
        "error": 0.14201947110507857, 
        "fit": "linear", 
        "value": -0.041564797477478793
    }, 
    "Ar38": {
        "error": 0.14535270449146728, 
        "fit": "linear", 
        "value": -0.17403308774650039
    }, 
    "Ar39": {
        "error": 0.062734526445626076, 
        "fit": "parabolic", 
        "value": 0.031796862418910735
    }, 
    "Ar40": {
        "error": 0.13022829616618325, 
        "fit": "parabolic", 
        "value": 2.1222738653018345
    }, 
    "Ar41": {
        "error": 0.12126507444847597, 
        "fit": "average_SEM", 
        "value": 0.21174645200457184
    }
}