{
    "Ar36": {
        "error": 0.001337068513547436, 
        "fit": "parabolic", 
        "value": 0.011763081285875212
    }, 
    "Ar37": {
        "error": 0.15295835491680429, 
        "fit": "linear", 
        "value": -0.033313224495605656
    }, 
    "Ar38": {
        "error": 0.16526480763045306, 
        "fit": "linear", 
        "value": -0.14712467516893291
    }, 
    "Ar39": {
        "error": 0.00612048053978409, 
        "fit": "parabolic", 
        "value": 0.012810485857431548
    }, 
    "Ar40": {
        "error": 0.12599178640128555, 
        "fit": "parabolic", 
        "value": 3.4123018412040134
    }, 
    "Ar41": {
        "error": 0.12748995888984122, 
        "fit": "average_SEM", 
        "value": -0.24285636278800665
    }
}