{
    "Ar36": {
        "error": 0.0013213848820083053, 
        "fit": "parabolic", 
        "value": 0.010084775687121317
    }, 
    "Ar37": {
        "error": 0.12598378476003025, 
        "fit": "linear", 
        "value": -0.032348459128777471
    }, 
    "Ar38": {
        "error": 0.1338725215034606, 
        "fit": "linear", 
        "value": -0.087587135626527174
    }, 
    "Ar39": {
        "error": 0.0094300919474749993, 
        "fit": "parabolic", 
        "value": 0.015369578105094976
    }, 
    "Ar40": {
        "error": 0.13906315417417833, 
        "fit": "parabolic", 
        "value": 2.7991334916994912
    }, 
    "Ar41": {
        "error": 0.12509770689354843, 
        "fit": "average_SEM", 
        "value": 0.02569749816838238
    }
}