{
    "Ar36": {
        "error": 0.0012517188880410168, 
        "fit": "parabolic", 
        "value": 0.0065365918333069395
    }, 
    "Ar37": {
        "error": 0.13098655790381453, 
        "fit": "linear", 
        "value": -0.0086392029040738873
    }, 
    "Ar38": {
        "error": 0.18340060269476768, 
        "fit": "linear", 
        "value": -0.1150159733126595
    }, 
    "Ar39": {
        "error": 0.016760781931274862, 
        "fit": "parabolic", 
        "value": 0.00049846866714808175
    }, 
    "Ar40": {
        "error": 0.15369816903888509, 
        "fit": "parabolic", 
        "value": 1.8127886482520312
    }, 
    "Ar41": {
        "error": 0.12462322278727041, 
        "fit": "average_SEM", 
        "value": -0.053608931855220969
    }
}