{
    "Ar36": {
        "error": 0.00095503828099788128, 
        "fit": "parabolic", 
        "value": 0.0026091459417421229
    }, 
    "Ar37": {
        "error": 0.13559539026167014, 
        "fit": "linear", 
        "value": 0.0040424004297963077
    }, 
    "Ar38": {
        "error": 0.13658482267499183, 
        "fit": "linear", 
        "value": -0.12195732855446326
    }, 
    "Ar39": {
        "error": 0.013607129911787343, 
        "fit": "parabolic", 
        "value": 0.011392717103106971
    }, 
    "Ar40": {
        "error": 0.13707002075365624, 
        "fit": "parabolic", 
        "value": 0.69510326124758037
    }, 
    "Ar41": {
        "error": 0.1231693997786019, 
        "fit": "average_SEM", 
        "value": -0.29995344861203599
    }
}