{
    "AX": {
        "error": 0.05311824367932006, 
        "fit": "average_SEM", 
        "value": -0.23466146315137545
    }, 
    "CDD": {
        "error": 2.8384694301286546e-05, 
        "fit": "average_SEM", 
        "value": 5.182312452234328e-06
    }, 
    "H1": {
        "error": 0.13348122577300048, 
        "fit": "average_SEM", 
        "value": -0.09859273104617992
    }, 
    "H2": {
        "error": 0.13333300119453306, 
        "fit": "average_SEM", 
        "value": -0.2475724923113982
    }, 
    "L1": {
        "error": 0.14271624864449994, 
        "fit": "average_SEM", 
        "value": -0.1328940354442845
    }, 
    "L2": {
        "error": 0.14204792832940272, 
        "fit": "average_SEM", 
        "value": -0.06119458389390881
    }
}