{
    "AX": {
        "error": 0.062455722112752424, 
        "fit": "average_SEM", 
        "value": -0.18074195804074406
    }, 
    "CDD": {
        "error": 3.119713176935617e-05, 
        "fit": "average_SEM", 
        "value": 6.47789056529291e-06
    }, 
    "H1": {
        "error": 0.14418845264293437, 
        "fit": "average_SEM", 
        "value": -0.06294664556529218
    }, 
    "H2": {
        "error": 0.11921732773972055, 
        "fit": "average_SEM", 
        "value": -0.25049230621759005
    }, 
    "L1": {
        "error": 0.17430686147671387, 
        "fit": "average_SEM", 
        "value": -0.12958045762303907
    }, 
    "L2": {
        "error": 0.15161440295117062, 
        "fit": "average_SEM", 
        "value": -0.07301420910189335
    }
}