{
    "AX": {
        "error": 0.05793589651056808, 
        "fit": "average_SEM", 
        "value": -0.18779326161990564
    }, 
    "CDD": {
        "error": 3.119713176935617e-05, 
        "fit": "average_SEM", 
        "value": 6.47789056529291e-06
    }, 
    "H1": {
        "error": 0.14274144635611752, 
        "fit": "average_SEM", 
        "value": -0.02970150212010291
    }, 
    "H2": {
        "error": 0.13458603632115657, 
        "fit": "average_SEM", 
        "value": -0.2519697122275829
    }, 
    "L1": {
        "error": 0.18403202913025762, 
        "fit": "average_SEM", 
        "value": -0.14537111736135558
    }, 
    "L2": {
        "error": 0.1204797165150646, 
        "fit": "average_SEM", 
        "value": -0.06419801362208091
    }
}