{
    "AX": {
        "error": 0.05611123973175561, 
        "fit": "average_SEM", 
        "value": -0.22953235174839695
    }, 
    "CDD": {
        "error": 3.659055414416811e-05, 
        "fit": "average_SEM", 
        "value": 9.069046791410074e-06
    }, 
    "H1": {
        "error": 0.12094984443572977, 
        "fit": "average_SEM", 
        "value": -0.09251786802439407
    }, 
    "H2": {
        "error": 0.12046425529293947, 
        "fit": "average_SEM", 
        "value": 0.02035678397727073
    }, 
    "L1": {
        "error": 0.1559212321735445, 
        "fit": "average_SEM", 
        "value": -0.11365882731164069
    }, 
    "L2": {
        "error": 0.1421858989913564, 
        "fit": "average_SEM", 
        "value": -0.046395555117730206
    }
}