{
    "AX": {
        "error": 0.0614992831502458, 
        "fit": "average_SEM", 
        "value": -0.012880211488421386
    }, 
    "CDD": {
        "error": 3.8943482944091324e-05, 
        "fit": "average_SEM", 
        "value": 1.0364625874596337e-05
    }, 
    "H1": {
        "error": 0.1336084604760392, 
        "fit": "average_SEM", 
        "value": -0.006833689619573609
    }, 
    "H2": {
        "error": 0.12704214234042696, 
        "fit": "average_SEM", 
        "value": -0.3008153014195462
    }, 
    "L1": {
        "error": 0.15982938148805542, 
        "fit": "average_SEM", 
        "value": -0.16636805461603216
    }, 
    "L2": {
        "error": 0.13488875763786018, 
        "fit": "average_SEM", 
        "value": -0.0035236499791305204
    }
}