{
    "AX": {
        "error": 0.06063931499282585, 
        "fit": "average_SEM", 
        "value": -0.010769743179359163
    }, 
    "CDD": {
        "error": 4.177439012489563e-05, 
        "fit": "average_SEM", 
        "value": 9.069047640271796e-06
    }, 
    "H1": {
        "error": 0.12853149531683936, 
        "fit": "average_SEM", 
        "value": 0.00035741925821639595
    }, 
    "H2": {
        "error": 0.1140718689228553, 
        "fit": "average_SEM", 
        "value": -0.29183535125727456
    }, 
    "L1": {
        "error": 0.14008938884144176, 
        "fit": "average_SEM", 
        "value": -0.16326158056617715
    }, 
    "L2": {
        "error": 0.13415585877301794, 
        "fit": "average_SEM", 
        "value": 0.0014493731230080205
    }
}