{
    "AX": {
        "error": 0.0630688693983587, 
        "fit": "average_SEM", 
        "value": 0.007380380954054999
    }, 
    "CDD": {
        "error": 4.385003570021922e-05, 
        "fit": "average_SEM", 
        "value": 1.0364625874596337e-05
    }, 
    "H1": {
        "error": 0.12906975670743687, 
        "fit": "average_SEM", 
        "value": -0.03388243479227337
    }, 
    "H2": {
        "error": 0.1128166399661138, 
        "fit": "average_SEM", 
        "value": 0.21930954035681982
    }, 
    "L1": {
        "error": 0.15117922301391773, 
        "fit": "average_SEM", 
        "value": -0.12146060303493869
    }, 
    "L2": {
        "error": 0.13708909138445777, 
        "fit": "average_SEM", 
        "value": -0.013242017298277156
    }
}