{
    "AX": {
        "error": 0.06692502067374899, 
        "fit": "average_SEM", 
        "value": -0.23604076852401099
    }, 
    "CDD": {
        "error": 0.0, 
        "fit": "average_SEM", 
        "value": 0.0
    }, 
    "H1": {
        "error": 0.10253228516489828, 
        "fit": "average_SEM", 
        "value": -0.10390513806293408
    }, 
    "H2": {
        "error": 0.12591266017173586, 
        "fit": "average_SEM", 
        "value": 0.0178937150563191
    }, 
    "L1": {
        "error": 0.14295837263888567, 
        "fit": "average_SEM", 
        "value": -0.14202172577691574
    }, 
    "L2": {
        "error": 0.17221882653483223, 
        "fit": "average_SEM", 
        "value": -0.020468160572151343
    }
}