{
    "AX": {
        "error": 0.05976577480247144, 
        "fit": "average_SEM", 
        "value": -0.22668343434731167
    }, 
    "CDD": {
        "error": 2.8384694301286546e-05, 
        "fit": "average_SEM", 
        "value": 5.182312452234328e-06
    }, 
    "H1": {
        "error": 0.16959530953018945, 
        "fit": "average_SEM", 
        "value": -0.06101016104221344
    }, 
    "H2": {
        "error": 0.14860996758145392, 
        "fit": "average_SEM", 
        "value": 0.05287442405630524
    }, 
    "L1": {
        "error": 0.15019025761288163, 
        "fit": "average_SEM", 
        "value": -0.11350232946376006
    }, 
    "L2": {
        "error": 0.15580210979899586, 
        "fit": "average_SEM", 
        "value": -0.01150637563938896
    }
}