{
    "CDD": {
        "error": 4.778640996861869e-05, 
        "fit": "average_SEM", 
        "value": 1.2092062388546764e-05
    }, 
    "H1": {
        "error": 0.11998792127232503, 
        "fit": "average_SEM", 
        "value": -0.0683375500575898
    }, 
    "H2": {
        "error": 0.12692361091333992, 
        "fit": "average_SEM", 
        "value": -0.24013051565788274
    }, 
    "L1": {
        "error": 0.18707490566481572, 
        "fit": "average_SEM", 
        "value": -0.16858095014467836
    }, 
    "L2": {
        "error": 0.1399072801397702, 
        "fit": "average_SEM", 
        "value": -0.05822445782962152
    }
}