{
    "AX": {
        "error": 0.04847488045167346, 
        "fit": "average_SEM", 
        "value": -0.005116785626159981
    }, 
    "CDD": {
        "error": 3.6590557569039706e-05, 
        "fit": "average_SEM", 
        "value": 9.069047640271796e-06
    }, 
    "H1": {
        "error": 0.10764054957619482, 
        "fit": "average_SEM", 
        "value": -0.03121899088801001
    }, 
    "H2": {
        "error": 0.12497096381627151, 
        "fit": "average_SEM", 
        "value": -0.27803082478543123
    }, 
    "L1": {
        "error": 0.1508351303089416, 
        "fit": "average_SEM", 
        "value": -0.1667523494300743
    }, 
    "L2": {
        "error": 0.13435959904340342, 
        "fit": "average_SEM", 
        "value": -0.012640184425981716
    }
}