{
    "AX": {
        "error": 0.05906078126223222, 
        "fit": "average_SEM", 
        "value": -0.012213745537155773
    }, 
    "CDD": {
        "error": 2.437442300598386e-05, 
        "fit": "average_SEM", 
        "value": 3.8867347029736266e-06
    }, 
    "H1": {
        "error": 0.11953456407614488, 
        "fit": "average_SEM", 
        "value": 0.003842708729886605
    }, 
    "H2": {
        "error": 0.12782417932296414, 
        "fit": "average_SEM", 
        "value": -0.29351200310823816
    }, 
    "L1": {
        "error": 0.16024990013118215, 
        "fit": "average_SEM", 
        "value": -0.15233929416281172
    }, 
    "L2": {
        "error": 0.13087672968647898, 
        "fit": "average_SEM", 
        "value": -0.0016873208488201877
    }
}