{
    "AX": {
        "error": 0.0625748780350878, 
        "fit": "average_SEM", 
        "value": -0.18284151450109978
    }, 
    "CDD": {
        "error": 4.1120983104555126e-05, 
        "fit": "average_SEM", 
        "value": 1.1660203017527238e-05
    }, 
    "H1": {
        "error": 0.11146735693094756, 
        "fit": "average_SEM", 
        "value": -0.0470680651254952
    }, 
    "H2": {
        "error": 0.13798578546717002, 
        "fit": "average_SEM", 
        "value": -0.24701332009087007
    }, 
    "L1": {
        "error": 0.1738297322348603, 
        "fit": "average_SEM", 
        "value": -0.13456069827467823
    }, 
    "L2": {
        "error": 0.13180525486570507, 
        "fit": "average_SEM", 
        "value": -0.06813294979413816
    }
}