{
    "AX": {
        "error": 0.058663881078470585, 
        "fit": "average_SEM", 
        "value": -0.014678300212835893
    }, 
    "CDD": {
        "error": 3.4025838508657474e-05, 
        "fit": "average_SEM", 
        "value": 7.773469405947253e-06
    }, 
    "H1": {
        "error": 0.1277699786983161, 
        "fit": "average_SEM", 
        "value": 0.009709929546806962
    }, 
    "H2": {
        "error": 0.1197514841037663, 
        "fit": "average_SEM", 
        "value": -0.2876406116721531
    }, 
    "L1": {
        "error": 0.1486565935400124, 
        "fit": "average_SEM", 
        "value": -0.1635014998050489
    }, 
    "L2": {
        "error": 0.13306831163050153, 
        "fit": "average_SEM", 
        "value": -0.00966922598114858
    }
}